theta_1,theta_2,theta_3,theta_4
0.6853980140377411,1.5105242489335011,1.4833184895105551,0.3748525459343464
1.3617457093953895,1.3725778563226108,0.16414157753224512,0.4345476225351469
1.343351474855286,1.496417869919882,1.3215203889581792,0.49522366935946804
1.4774862627231244,0.8420122773226628,1.247940150151787,1.334266148321286
1.4422339614895388,1.0167284805080408,1.434984637156371,1.2574539975627943
1.4850676721952674,1.3059720618412025,0.0038509920724458246,1.456208527614867
0.9876456883498932,1.4883853556158495,1.482171270336067,0.23432741116471775
1.4306161479647186,1.1944209011319495,0.07573643862561415,0.3246372247967977
1.5251064579156939,1.395012675771606,1.5495264479879554,1.2482979587112617
1.4877149422702471,0.7832740217134307,0.29124712361730054,0.11971335708397635
1.4496206252822958,1.2794541466855394,0.18581791888936958,0.00044721359910904126
1.5364591605392157,0.9765989018092154,1.4994624469799642,1.2883657127711359
0.702302825338655,1.5672246993906278,1.524726308703238,0.43841193738944184
0.19498172108428283,1.170724593362671,1.1991767314747945,1.0271359924988543
0.5710631913243045,0.9827743533547064,1.441973131735383,0.4344029801865671
1.5124592151432428,1.5704173758867142,0.15916994622768202,0.3444746044879637
1.1511237832904044,1.5361987092343152,0.42442692604799087,0.33745866632946125
0.3524399122039468,1.2341941197016044,1.153118219149066,1.2043277152453116
1.5209774885525382,1.4537965311125869,1.3162094628054952,0.6624477280962557
1.4679195727933543,0.9329959078886588,1.3653955767141932,0.766997115022174
1.5529427702984426,0.3617458900205007,1.4132625692572152,0.13967147953040543
1.4831937436128197,1.1995428084076343,1.3460437413273993,0.27288475864506107
1.5006623633133414,1.4118408563286222,0.3169071402404452,1.5294718260720797
0.32080941690221476,1.269723326896112,1.368633271432532,0.41283867134073843
0.5203026389829625,1.5607408759774528,1.5598947486405104,0.09755680061734126
0.9905914029924289,1.3969303032343117,1.10169596094974,0.25587834213703653
1.4602159804097856,1.1137702375828948,1.4854580794836074,0.7643841699679723
1.4963884253029687,1.2914850221004852,1.5699622843128254,1.3875015297846551
0.761227286351764,1.4285096142552123,1.5140853028862242,0.09707991309836062
1.2886383885962653,1.457018009142219,1.5601053803599885,0.7831377189872223
0.7918341553665567,1.417931638378144,1.2068516271870777,0.7589245235365618
1.5548847567688275,1.4502410049424763,0.20522027150391067,1.1349570983385961
1.31927741863875,1.5415590427804693,0.03985996504958209,0.11039041897480961
1.312416940967667,1.3369711430120337,0.3903310977939691,1.0906064739500307
1.4431985982493563,1.2712360536882286,0.31234047859256275,1.3612297354952099
1.2791451671648035,1.298177221006657,0.03888953089863258,0.09393360070630495
0.2265948098894045,1.1486125194229966,1.5020665625630447,0.33096274565521
1.5195411162013879,1.477739539465897,1.5704698212896304,1.2642352906718297
1.4837541012214714,1.4399238007339752,0.07787373696556588,0.2676462870792052
1.4485656442807326,1.3325598169386013,0.39093719150313877,0.46503784039820867
1.4257109990161643,1.445304227151391,0.021553784621641703,1.4970565056940228
1.5555133952972473,0.7742081879918374,1.40302101942248,0.21697049001989097
1.499044024931719,1.3704711390605393,1.5287421650931152,1.236883000155301
1.5428685464940592,1.17630474611918,1.5178168362872593,0.6836940087337684
1.4641740021002188,0.4351561705916927,1.3265635020282895,0.37568489805542604
1.4310977239295963,1.231578170431489,1.358263866085271,0.2677047058545862
1.5561009170795965,0.6218771779993952,0.5109153917612823,0.3078543308812612
1.5544436750462347,0.9391649110960801,1.553917424717581,0.5062128943073517
0.4236469320428649,1.1750852540923868,1.1728214307180276,0.32976354364724864
1.122129952521051,1.4111538622817932,1.5455861914860467,0.6313640148531358
1.539815419792298,1.2668690637778046,1.4994110415763997,0.8892689720228145
1.494419204208073,1.0258149376773387,1.5179143100002248,0.8574685756975491
1.5198110109098055,0.7313643005356508,1.5672932191227305,0.3694723721524909
1.5395298901275078,1.5234529492662712,0.28058463851445536,1.2032279145753515
0.8692492595865898,0.5243806024306515,1.5689919220441224,1.2597968450412025
1.01200474517113,1.542040569555289,1.5352543135969507,1.0069943514997082
1.228659960667687,1.4601093547253452,1.1113377639305264,0.15003118692656275
0.309973011224199,1.3684954603318877,1.5397209455900103,0.8888622632983803
1.44544523027413,1.1190309396378912,1.0810610030039025,0.7347110329264258
1.5059242444604495,0.7137267390236963,1.1803982933975052,0.6599536461796276
1.4644103690743362,1.4192489785364488,0.023437557996298895,0.7467621691400098
1.3813904352040334,1.4446209029964228,1.5182421384535616,0.14844936899489236
1.1648230017969854,1.5379438243285317,1.5608889446148295,0.10597058977922867
0.7161551312545205,1.5319201880142375,1.5371967198844658,0.49038444896440475
1.1660847960866916,1.4186642626076704,0.5079271629985072,0.37146918619440267
1.2119717875594163,1.4017212881443732,0.041160705360382174,0.03868059056012417
1.5034326068314035,0.8468322131140683,0.20802666873711914,0.5309156369403916
1.3920401074539812,1.486088173406096,1.381263036178919,1.0564916655539156
1.5095178696701765,0.916198272433386,1.3109737462999154,0.07067643682418193
0.4153156932761352,1.0839473602210699,1.5562949262338193,0.5603267018099294
1.030668336166322,1.4680841580198165,0.21760850180147762,0.00044721359910904126
0.961438803451086,1.4743226224666102,1.5228730938608857,1.3575473869289383
1.4632949453559065,0.8636553719633143,1.5701146389534313,0.7316586761038671
1.0415221534824872,1.2341921468377441,1.350007309164551,0.057968971816825005
1.2040110447173362,0.5596257628676109,1.52469299675199,0.49622871444565403
1.4901854614463148,1.481736262360551,0.2910382015047129,0.462392171563669
0.27802791781239106,1.51902743901203,1.369236996016219,0.686352667272555
1.5452505717159724,1.0049242682425432,1.550556374205921,0.4335165023558563
1.5403445852940523,0.7475083909874838,0.06560410674317477,0.0033951420930352924
1.4601012110811926,1.1960197461872975,1.527865652085944,0.5494934189361946
0.9239239047780964,1.5596345970229415,1.398199699130118,0.48132953115813254
1.5338419624733368,1.3446445349021006,1.4118162414095012,1.1974924966296194
1.5104189450091472,1.4485795088514788,0.19430145554911477,0.32495472200195535
1.541664296968922,1.2596126496739142,1.5703898900460227,0.8679956413321707
1.3033216542982782,1.0423759755414093,1.2839022254155028,0.06418836617667878
0.44615673823410884,1.4187525247867148,1.4906638804533345,0.7999421361624188
1.2123804679113572,1.5463820793182252,1.489218960726098,0.6530641313650521
1.545071899687705,1.4671012957622636,0.24173173219378422,1.5660872657880118
1.5558650206005284,0.4564961103725908,1.4147284265740894,0.134255977808858
1.5308012814673047,1.4824470661595481,1.563914462777635,1.271920242039878
1.2868494067073328,1.5078712115474069,1.101285344381121,1.3084322196806064
1.3234947325851905,1.5630475825442682,1.161995515193709,0.3857726787430509
1.4638815515808803,1.4001139417584905,0.17280284062168258,1.5631535935957859
0.6437129867098393,1.4451265899698675,1.4290017969950108,0.04441930819337076
1.4071402990128603,0.88563940826622,1.4961179597414158,1.0261601837886838
0.7032984380701082,1.2518407686555637,0.42753814524968153,0.2121453946017057
0.6654242198270675,1.4809076478474301,1.1625392178291307,1.483173713921722
1.4898830510407477,1.1254746552180557,0.7550444086643803,1.2089064495946165
1.2597810672275662,0.9062570888292046,1.4748830115499596,0.30350727010743184
1.5214834945413591,1.380795453853046,0.16374220363905231,0.9801886188652645
1.3744270030073424,1.5405888553493092,0.08329882345078499,0.18102926068588857
1.3865054198630684,1.1666714167840293,1.1324126673634245,1.3785246055968767
0.6583099417679087,1.3087077167517558,1.0707105810564257,0.7133548263895229
1.4992555986187872,1.1042307807668497,1.5707830477877731,1.1908523636165569
1.5680108200915195,0.8775304993736001,0.6826983553613168,0.43323305020799024
1.5329505605327687,0.5889015511439804,1.4334908350473614,0.9495749589820252
1.4265759816217152,0.9250563510070933,1.1672820865773943,0.14926328153375018
1.348954881294691,0.9277069614621023,1.569535716036862,0.9254975260105129
1.4053413995605215,1.0945504589713604,1.5393311391827555,1.3000649843636818
1.5537653306279737,1.4918433127891126,0.05992591158956752,0.27918592945432047
0.9585752183637369,1.4925401743775746,1.5636737286626634,0.04242098510891371
1.5576608962160885,1.5569044308671458,1.5699692083407153,0.06169504149152795
1.4379089856169478,1.032575175425154,1.454188144781049,0.3972979552840039
1.3121830353096076,1.2098071396460293,0.48392407574252344,0.19841683819252834
1.428431822781918,1.4384212571584973,1.5699507022030825,0.6178125210648053
1.1927902249896483,1.4377960940616519,1.1659689294794569,0.0032173512437084213
1.2957896284433188,1.3090760000623358,0.9779846259930904,1.4007855009144863
1.5562708450411944,1.4423364650467236,1.5701063506809632,0.8912381016871833
1.4108242126834554,1.3171692493751035,1.5318285918073729,0.9712582056942906
1.1016848704833702,1.5195942535126818,0.4074012004060109,1.2156581417178796
1.4345952086755112,1.3878880152008626,0.01329381360614973,0.00044721359910904126
1.474266536173194,1.5625171408525769,0.21487711951577626,1.0149598928615688
1.3040414190819263,1.2776150165015123,1.4964838341620554,0.58867508773064
0.725660802957627,1.5134719649465211,1.505673015871617,0.31003818667763444
1.4699849926042108,1.316795311339834,0.6466634083044962,1.4985374015291968
1.4053746099838684,0.9931544833994776,1.4922851923498865,0.1593680121375943
0.5837394953605135,1.4854112873184058,1.5668273620519866,1.5152896570297172
1.4297992612702737,1.4621909818690055,0.05414686314398776,0.20667276650342575
0.8845366501108847,1.5385460701415121,1.487441453221771,0.42471350702602395
1.3290442910966471,1.3866037249020402,0.5597818897720285,0.4963746338533765
1.514064257542148,0.9234155455433091,1.5645929874868008,0.5761239550945141
1.4507972071174748,1.3420334808642065,1.4805356163736842,0.20172914977112938
1.3440394582011885,1.543834023718045,1.030888154701233,0.2450206514568497
0.6159040044940678,1.4783465867712209,1.534723148165897,0.45245531299830477
1.5314039938592285,1.5676255315723702,0.4141665023229502,1.1109175813971672
0.6740920771944133,1.4160920335608875,1.4641847131831096,0.5906734175102251
1.5514310631932107,1.5707688122788057,0.2689738472149116,0.23853134064606293
1.0453867102325145,1.3955599735667434,1.0512370171763032,0.8819403027246832
0.7183519956815954,1.5160350169186458,0.9350828055411473,1.3656889898175486
0.8508575499238443,1.5118510387413278,1.4584423017852048,0.5491840673510441
1.5288730656056115,1.5127725849387517,0.14497286947087976,0.2963677280530777
1.158879614525592,1.2900943383510668,1.3122740429344975,0.8709120921377687
1.4879898088111376,0.3723304759050244,1.4224368265792238,0.9846732665301041
1.2153509099415791,1.482788832861987,0.6904001716788736,0.9893287136855778
1.4178958255016298,1.4576941803073395,1.5705288316933452,0.8969242913514934
1.2226112618190506,1.2856133868769295,0.5291429810326262,1.4830465720627024
1.3256504731597365,1.2837527904953103,0.1879835528671992,0.6885917204513584
1.1703435566494318,1.4807470130297395,0.2777763531188184,1.4776559125380473
1.4190095371113425,1.5528016151831001,1.529559805736395,1.198539842375063
1.522196973725179,1.3580989971607484,1.2207794119116828,0.5333885615032277
0.3903918707395571,1.4831423816219829,1.3910562074077415,0.8726719965192115
1.570057610772638,1.3739801887333585,1.2507278975032412,0.3114975627091221
1.4415168877723066,1.3723830386436129,0.1719542729943105,1.2161473806893353
1.065953794771987,1.5189838904662059,1.0085199123307402,0.5091029994742804
1.375903736388047,1.0362257219754945,0.3835571265564906,1.3115025147191872
1.529010044449456,1.5333153099218466,0.48424316997998507,0.4131701486333851
1.5157340421050463,0.9986944867326834,1.1553514950288144,0.1380782288310928
1.3251493945329837,1.2016120141009798,0.011459597941781223,1.012798301241821
1.4867465399619335,1.0738672843095554,0.4997569360306098,0.014730491021663208
1.4471398243562303,1.1729659825710834,0.084715730611294,0.113291718937793
1.4951507773798938,1.561667049257014,1.5520439986108954,0.010712976090193562
1.3131080500052026,0.6459010196170409,1.467499464916588,0.931192669480601
1.5458281998466659,1.534387391812685,1.5707670936496645,1.258437224565664
0.8097481440241485,1.522841898060791,1.4370408491086544,0.15741049692621104
1.155175669434301,1.4980161798213165,1.53097535490013,0.2980727342615994
1.0361043649572077,1.4525010826233231,1.4536317876359806,0.5183075185341658
1.2698914851778833,1.554377576481432,1.5706176042895532,0.05789908353004239
1.3394537595251983,1.5234788742067609,0.13765571834838633,0.7040035672434959
1.4046551425356721,1.533164381293289,0.023598696630006293,1.3309615847514655
1.4451125102750013,1.0250621947325493,0.2504437486312786,0.015509874027575999
0.5138104800324114,1.4389436366754895,1.3888575539793764,0.6220103209934962
1.528101620888127,0.9951375745281045,1.4433691715053976,0.26410005436611855
1.3747155471844172,1.3620577780427678,1.471400236503122,0.06467203948356005
1.0216289582301503,1.536790995387513,1.3519511356381335,1.1679970068719678
1.3945610991309967,1.162865696520261,0.00044721359910904126,1.3239793260408972
0.5600900429597403,1.3691740990741952,1.5394895482463764,1.2547258286722829
1.0608777020682139,1.487060181768249,1.5365854355484125,0.4428920874499904
1.5249772622371822,0.848291158390902,0.13783609367088978,1.4783678237233644
1.1679127027152918,1.172027562647628,0.0425720683738141,0.00044721359910904126
1.467138480238086,1.4020735736600078,1.3222972921180385,0.8397054603088946
1.507856422612678,0.8054491213962404,1.5345634839501314,0.8843416850502199
1.1481053125037435,1.420187967218425,0.4277543845221229,0.12235892946367422
1.1278477748465572,1.4314650104921742,0.09897643226159886,1.0060836276937757
0.3497166859260472,1.438580426351853,1.5702492645512767,0.907443587400751
1.3713089549573676,1.1167964119538298,1.5506451811563866,1.1344203748951251
0.6361702264720801,1.5158842865549182,1.472316312844606,0.042348808167741836
1.239372395306578,1.0882420629852672,1.5644574182832123,0.9135710278257684
1.5584303041540544,1.3228198591125118,1.5707551048590782,1.3685049471718795
1.0094523693749162,1.521183974518413,1.5673249336618598,0.18903551261107338
1.5663712426958216,1.5115799806288606,1.5707853501390334,1.4401653137269144
1.527047337605259,1.5101206375100389,1.5585640202618243,0.6372677164881522
1.308784026876663,1.4677887627724955,1.561276073025211,0.4887739873515315
0.46296320630780197,1.4441181297328203,1.1310833181758104,0.3029614991918042
0.8911225454197017,1.4215157021917881,1.4988938578076718,0.20659794019592018
1.4731927277142145,0.7417534810616581,1.5595794711502826,1.0088375378772065
1.335016925387983,1.4694889463849945,1.5327300764324177,0.10933335611897924
1.3493098695793015,1.2586227584175007,1.4721951123671475,0.2679654123870241
1.3718085873394046,1.5049943757725677,1.5387923450764132,1.122637312814768
1.4376791556509696,1.15055722992396,0.8913759157890883,0.006262622479747956
1.0187378842512749,1.317498128994443,1.3053753052344426,1.1785554551804869
1.5273606955659802,1.0523651773243061,1.3694869932752753,0.2858087988392281
1.5321413095792,1.2479275706316606,1.519021000452667,0.31792539542475234
1.554147729493988,1.4227598867824478,0.017472024449753158,0.1065163146145433
0.452478280312142,1.2359463918080047,1.5582909955321227,0.532866064289462
1.4565545180433916,0.926358994902259,1.495889434423827,0.2887551955568881
1.2911040238946123,1.4326206144110125,1.5702550934514223,0.7644581393088865
0.8685783125936896,1.371184955877436,0.9926117952782655,0.21073366231011792
1.2674735530530257,0.9444622224471989,1.441371672774655,0.16477480208123002
0.8804190785367423,1.4737930232919003,1.5097331541162964,0.5608561878700545
0.7200504209092485,1.5219812511348092,1.4584248225499408,0.11217004979853262
1.3621005000465387,0.868079339762687,1.487267625814191,0.6696273261253782
1.3767595004892434,1.5516324651832047,1.4542811013412602,0.6197138338329825
1.4630317041987488,1.520589764534169,1.391568276675951,0.5131819302042819
0.5984251913998143,1.4309371182142263,1.5581303250426684,0.5614874443596075
0.9565857279794894,1.504329017811273,1.3929288216340876,0.434852853199081
1.520823751072242,1.4458740655063702,0.058812513435441444,0.00044721359910904126
1.5031820289622684,0.43960844985026337,1.5609213908857282,0.8304118641036884
0.8772605302041118,1.5443564114968247,0.5382924463180122,0.5817472325996523
1.2537273750643472,0.8797989759828312,1.5586751907398708,0.8713095521161557
0.6872045899284919,1.0883041429370508,1.3229318046799659,0.5896175519042378
1.5396885740791966,1.3376653185829348,0.5039088824416569,1.1751059849044467
1.3580013378982274,1.4674991657012362,1.4643880771087883,0.4963324390137149
1.4477875352530143,1.4169281137820164,1.560627918160928,0.9906311258217211
1.3073346734221671,1.4513570365573116,0.10753241442995402,0.21393882133494746
1.5167879269623539,1.0078163621805085,1.5509820942935573,0.9923711130679659
0.9703906725412988,1.4931920449341922,1.345367844071472,0.046005719076406236
1.5399535254012144,1.4452596495854102,1.0345455593711803,0.4841753150315635
1.2701178688893147,1.561698019205216,1.386381619616461,0.18652337816670614
0.9769263844878091,1.199949474191831,1.5074455351132368,0.3482478391747775
0.9388053032783835,0.9251132829172977,1.467897985901302,1.3697200757441461
1.19673843356662,1.4609828600782482,1.0645014830073778,1.4488548704534416
1.4872762212632085,1.374529690243925,0.021053151652710895,0.9467768022706106
1.1631046068611572,0.7726040471518862,1.5138881233159318,1.5600294514995123
1.5013610102407837,1.505539022784262,0.9730409084050169,1.1773023390998973
1.5624368872635173,1.5573479903491199,0.5251279461255721,0.010800733101279072
1.524784345759587,0.7968392415673612,1.4709326323700012,1.212058269161179
0.8728933307387085,1.218474557673451,1.567447111537486,0.42599916733119164
1.1987120204648702,0.6411332096979045,1.5138976114796014,1.508690836119558
0.43311322400240393,1.557425684432715,1.5287879539787392,1.0493947891056674
1.4702832234811605,1.5659466904661115,1.5705794978884424,0.08173658224080743
1.5103324106568103,1.4715145566138206,0.06417631192541105,0.21642224625975956
1.4020524797513867,1.286106946187469,1.2789053170147262,0.5365304210481808
1.5651397502486117,1.3804971730284783,1.5705491886190273,1.2527184078267297
1.5237099108861265,1.304124934219775,0.049421881395991206,0.9728598937864252
1.512180312620036,1.361329805310843,1.5706551040476284,1.1864892327895153
0.9321733221033055,1.2437057419112825,0.9079548887127835,0.23170522769754967
1.434122446100444,1.5300274028109517,0.438365763624644,1.524726968142895
1.465611429307015,1.4839725813240539,1.540115845590575,1.30695092604799
1.3191782801604242,1.5481816112694053,0.539835061766339,1.00637168268013
1.5411835442267747,1.0410129178583885,0.12324854313163557,0.3853717980002096
1.4913263329781252,1.4330838525813736,0.31228703225580523,1.5476468969715602
1.4686907161890024,1.3384973522322008,1.2878775940987386,0.8190198651636182
1.1621335008049745,1.4630789492656067,1.5479162981225474,0.2059065992416863
1.5421221053812124,1.4948550816911033,1.5545197106127022,0.10980371885030023
1.4083494776066785,1.50555511540981,0.03532725675518529,0.4242862728422081
0.14707805626680623,1.0622566364842163,1.5533455774733116,0.29550883553494695
0.39017875189712825,1.5648016029503224,0.8845252293837232,0.2131657277158559
1.4229034148383306,1.532166247278088,1.5081726137946054,0.21194470446051383
1.5370071181793166,1.4027596287396553,0.13355423863499147,1.508128128100786
1.4451846076067818,1.2478553362461657,1.545763623289666,1.446052396303358
1.2415366235406484,1.43958303276332,1.5541031605933426,0.11980349715003416
1.177377635903174,1.5669184839310335,0.9766301160619365,1.421397290901053
0.9859869593713364,1.2699989747884377,0.7761707514850655,0.08895960743896109
0.8664445775448765,1.4865747732496852,1.5334040708116081,0.20258375432936204
1.4700503741237487,1.3410098237059447,0.06366426471839237,0.20008427110550867
1.357961524974649,1.3311639773136372,1.5234870566029115,0.7452854634867896
0.889633802709982,1.457136785425792,1.537118942954172,0.28387950054954886
0.8958912586012427,1.2026981996659685,1.2887262248602622,1.1187463955707302
1.4728535273310337,0.7056214235439439,1.4562031095611956,0.3988999114269509
1.3390069223963754,1.544554774992509,1.5650926447329816,1.2615702574875227
1.504627615757989,0.718743450027989,1.2122240087111937,0.1574458844544566
0.35124548921879717,1.2637613379305281,1.3766335250894057,0.672296406303416
1.3147344772692444,1.4983967538233411,1.5674824923287598,0.18484930621756848
1.5130602594529077,1.4356243544841991,0.02998365204710932,1.3603046498903295
1.547092812334532,1.4835398642491109,1.549849149789036,0.7234981595617789
1.5375728940763431,1.407798707073449,1.5476698085570484,1.2103796117192405
0.1723183904687959,0.5149412329294597,1.566180046095428,1.4843888433174488
1.5470857320336282,1.2262278485398863,1.416091173748212,1.3302551305607544
1.4955544672255496,1.4253059817713265,1.4859946436950577,0.5022746897138386
1.263471574236859,1.4155261606534124,0.13920494144955112,0.2724937757807872
0.7708183505530867,1.5079493861349826,1.0649005717790094,0.9480085565192093
1.5254883625907922,1.4348789609222008,1.5664121232544002,0.9029954955302664
1.5339047415396996,1.4209254733444363,0.004081095183107163,0.3319357300573235
1.5416691203469077,1.5136561352318492,0.42646282015738407,0.16411608057967067
1.4202938700441539,1.2140474449945287,1.4632883450968048,0.36620349572809474
1.5677937209554076,0.5804268036205155,1.2848247569233795,0.6246881587220322
1.4930989598878501,1.0971720665773694,1.5620045047099769,0.2955869092353052
1.3107471875232029,1.365802301241956,0.9635066256673244,0.19788913409581027
1.5357986249023026,1.0861776501218965,1.5249745370691892,1.0398059318595974
1.2674796430354993,1.3909188260957261,1.0798936521608862,0.4632903869786721
1.4764385954050918,1.533539976826033,1.568708204990913,1.3313473970252327
1.3446207474093932,1.4272083203448942,1.561666949213712,1.5276496225603422
1.1490427598831312,1.3493787253108482,1.5203713147802536,0.2795779071914971
1.2375058885371903,1.5700872368684693,0.26618038663860594,1.0299663368738308
1.346903399042536,0.9433746776440988,0.22105870471543726,0.6023776664795584
1.2928418721485992,1.565501143965756,0.7067330764970146,0.20847121125062673
1.465938413754916,1.0940874897723758,1.4822884663899565,0.7026749802770986
1.3985079825385875,1.3541840240063747,0.007069499292664908,0.00044721359910904126
1.3448380903065982,1.1413378857268572,0.7314206103604962,1.3992980542703328
0.797129176715638,1.245426732612958,0.8360241752148936,0.5550013098451133
1.2087668180611595,1.1472802779652207,0.9305001773449576,1.3775240107326794
1.55481813196602,1.1367927941708929,1.4877314917995217,0.23668868517407
0.9276469016458516,1.416957374584508,1.3820658069893863,0.307523117162564
1.5404558945476716,1.294913328186837,1.568620168109312,0.7777667830539374
1.4904016306710257,0.4296303011008476,1.3295743811162333,0.6865657647180394
1.382979392393811,1.500892191781201,0.1388985764724237,0.008697882429453251
1.2414370431136819,1.4792970835532409,0.0005897406063792799,1.2299550165186284
1.5370968886047285,1.5684617149634792,0.10925193721475891,0.9540371776562527
0.8048460171879017,1.5119997616563616,1.5438540280771362,0.9672540567707136
1.4272877935941963,1.4802951365537722,1.5627699528038161,0.02265893006137399
0.48971194213661723,1.31434879337802,1.2394056570884322,1.1287531713166448
1.1398606109471838,1.312431694114157,1.2694417394294233,0.2931530309091871
1.5250686780936247,1.1753367738386962,0.8107327060389519,0.4903151972175654
1.547620289776171,1.056184218470702,1.45790663364168,0.2248394784869258
1.4559652433617092,1.0865248369309963,1.171321311374898,0.3787119363378377
1.042146423378174,1.396182065113329,0.9311600251933527,0.1759029102491939
1.3691639804042637,1.4067029746836246,0.5291571836139727,1.567323378852021
1.5189784805044153,1.4970309933425703,0.12474582147301189,1.4610006253402668
1.38982646749124,1.4926736698850116,1.5694045895986684,0.9396964653499049
1.5282595114106732,0.7752350741097042,1.5356905376537278,1.1925652616572604
0.39695786030465224,1.4870255868275113,1.4985252440401375,0.12168562015689725
1.3566323595824827,0.8831547746098041,1.5297994928299503,1.1391634645209348
1.4704768345303676,1.0855630040176152,0.22443971939366464,0.1795219680679291
0.3991832107105642,1.3991137192958614,1.4886043578800017,0.38014911567663706
1.373029774569264,1.2842494217338127,0.028455061204606173,0.029205685105477643
1.4662528823012146,1.230910772805194,0.05250614672078817,0.25006700375716684
1.5462210543283001,1.5242737055979652,0.009303350012583677,1.5359429259623814
1.5128584256991053,1.5107701950063435,0.1167438175484893,0.09409534405148103
1.5019673472035517,1.2683218383704051,0.02910067069970384,0.07925991539264264
1.125478857196217,1.531449678028296,1.5235487870020434,0.1345550578713581
1.4688836328580122,1.4642605453157396,1.5707371671034789,0.9978501989662547
1.4656239356863732,0.5649991947097781,1.4541068137470574,1.203536039036031
1.5285609004937943,1.407079395829402,0.051469947857412775,0.0025570157577772135
1.0277016766580431,1.4266077401661292,1.3779309019308303,0.13948500124582466
1.4818818436653716,0.8945803869691203,1.5421566980444028,1.1854159247002443
1.5392734790048495,0.8020746323547281,1.5235471661237827,0.6383575200540593
1.5310341843694537,1.3390802053774895,0.6996108170163563,1.5054116803726103
1.2652309917229647,1.3621206907938255,0.03182392162511402,0.20281240012828997
0.5815203368889623,0.9892101070983405,1.5381783419314705,0.7017896006575226
1.5233074425107695,1.492615792916985,1.1300727039484932,0.009487685091006145
1.3051204980949869,1.0921746072824337,1.5451842966209282,0.6202017198008792
1.450479188319611,1.3186467439715126,1.5599724881174517,1.503773624810693
0.7139431250555958,1.4182808079442084,1.3694805189080859,0.5426529651927257
1.4071124884264707,0.42459814933201745,1.5454898001368234,1.1051749149949759
1.3670392391858304,1.2540707898587786,0.952391712696128,0.39100743567690616
1.462502972698493,1.5518714740218686,0.08572937814930609,0.7924788909263442
1.041675528611884,1.4811415123706926,1.515584772039011,0.5696983010216529
1.493628259190543,1.0322801494055587,0.23958548231308344,0.01686302458810428
1.4442181499323747,1.0661294192601136,1.3121518671074444,1.4046348024214879
1.5536667215922697,0.8876634973173932,1.3701617532130923,0.34736937066890516
1.446840536213856,1.4140320038061374,0.05783595560424264,0.00044721359910904126
1.2193812345536026,1.525903523945769,1.5128887700857658,0.8526513913289104
1.5061265417864,1.5601168329539101,0.9933738219309598,0.7585649212005778
1.5410675880160154,1.4162364831656291,0.08212696079208896,1.563186098790516
0.8221571494760929,1.4874484244800639,1.5541468032293537,0.49892775267506034
0.7006322225519471,1.23906742894935,1.4366012938689203,0.4482025479048849
1.1980169746456817,1.3675120730965764,1.389123961032825,1.489871669919973
1.4886146454937625,1.2243031391167882,0.15671013927159036,0.6136462473592226
1.5242636149707318,1.3902535112844046,0.16848711111009662,0.009476820243791775
1.4222162749698688,1.315746837190816,1.4022646356989295,0.5852815441219517
0.9510640378688919,0.8475116339532273,1.560458603366541,0.15490518958266264
1.433948806032766,1.309370125044269,0.05566737820137137,0.6510834473299026
0.7861849568306589,0.8219085990297694,1.4158085667548461,0.39678275880620734
1.4171864566219474,1.2424692659531982,1.5534182909436924,0.8045468784773973
1.393445330938823,1.5077952351369792,1.4155256875665123,1.2766842700180283
1.4599455836932071,1.2212057894985735,1.5389143152634321,1.127394649517413
1.1243731129149086,1.4047514300412645,0.879354993863691,1.5362970120697594
1.4632612105613994,1.5202184228901632,1.4706166594594692,0.8447130899786679
0.50146817074747,1.1937900137780402,0.7149120614871838,0.8828010599953742
1.459459758790358,0.5109394123547564,1.3716363388470658,0.8560692058482556
1.4205029876439839,1.5002017276897186,1.4418461229521924,1.4476562372303476
0.3419350310467453,0.625497744013873,1.1140279642873574,0.7119734812277452
0.9206344898180067,1.3929130147407935,1.479426580640961,0.03878405526899241
0.9083741120420527,1.444925518264818,1.5581285859473262,0.1435493503076121
1.538450620608868,1.3227630948663796,1.50417317395522,0.48528920716188545
1.3576309228219252,1.502754865382253,1.523371120435051,1.397453710156218
0.17535466425050347,1.5003007586165698,1.0127110727539361,1.229952657353556
0.5904500263867369,1.1538078364439899,1.3598449088089146,0.9089485611950652
1.2728077889276739,1.4353716832989787,0.43915230034902253,1.453468813549629
1.4672361576150508,1.048786170813818,1.2983264029913966,0.5214920931685314
1.4861832077281862,1.0426643227201848,0.40171780567175425,0.6237586868918413
1.5624265590012454,0.8788761488882971,1.4508937321724358,0.7991465047141504
1.4473844278718269,1.5610858314792369,1.045946878173533,0.48789948257919497
1.0823855587205118,1.2373889167903278,0.08026203018228809,0.14007011771685854
1.2834362604536893,1.323184426961273,1.2959403314435956,0.8611316914877125
1.334948169614694,1.4905964374180596,1.245099366883324,0.9573192825449844
1.563501085209152,1.5453341489078287,1.5190419394246266,0.7433757743086252
1.4260228345365389,0.9287417810531597,1.4885404492482068,0.2654947425384163
1.3377553019030541,1.5278481172167435,1.5619234475658454,0.04994148045619268
1.5310671182586257,1.2819178244826976,1.5337106927813084,1.0479346002782404
1.0804434652653148,1.5340442445101001,1.5676963212453707,0.12574102543900786
1.529126549219837,1.087094964109839,0.06945993756087306,0.4164604778588961
1.5541627902582975,1.5507645482564916,0.036243741909337164,0.3064847850973788
1.5492474027134446,1.2477493284108607,1.3851128556755796,0.1826758857540513
1.5150180123472679,1.3954084016440202,1.5573497853656297,0.3952896921008952
1.5085499485749465,1.505703893678216,0.1278629594557259,1.0287975653390893
1.4561779531474033,1.4501144650495705,1.42941951390857,0.27320652877660667
0.8591744990512206,1.4323218009247014,1.2576293692470752,0.578893040340083
1.238759404794485,1.4663883718274626,1.5621360697399171,0.22122291188791704
1.5271797587982587,1.3070385024479143,1.4703930539354388,0.401542532535917
1.2729840565289052,1.4289879675926858,0.7257106236489353,1.2371810236542273
1.3659937739141672,0.808081642167211,0.01862977173105523,1.3954881008561622
1.272576437583256,1.5074596242320724,0.26896314794204357,0.863441311176543
1.0780557298175553,1.349087550529913,1.5461026974749956,0.46466420415055687
1.5319144341861153,1.206318173258258,1.534601175632607,1.2685099937041617
1.4564200429827001,1.3847939628636405,0.40021993163696007,1.5423472731400645
1.5511251633706526,1.2802881511540478,1.4283797289795241,0.2961298302370396
1.2225876042503814,1.5309104050642817,0.5826523812559091,1.342170389466625
1.5001260280699484,1.5245103117391257,1.4864591015614719,0.7543308641256804
1.0422282333142647,0.5532266978905496,1.542091259093361,1.0272875700221336
1.4219681232203745,1.1664029278041432,0.20255161685171677,0.03741119245603605
1.3339132662476794,0.8065750335376582,1.5682339996826031,1.2411000290712588
1.5595650005345223,1.3111703937423569,0.23615225240257784,1.234718913420956
1.1593518942848384,1.0051633173181689,0.18675614923254155,0.00044721359910904126
1.4331715628822788,1.2213825311948916,0.10261384933442982,1.4071970290774807
1.2841373439583401,1.1470125836184717,1.436038424823071,0.6093881180678293
1.547875297035355,1.1156503394960213,1.4366485126609945,1.0204959198514045
1.4001262436800437,1.372457472307974,1.1726277728908867,0.0948792111113071
1.5255143441578907,1.0020009601096178,1.372393653634281,0.31239068811323245
0.5807231419609555,1.3714610848997095,1.388823026257786,0.6208194581313176
1.462687439685748,1.2761685280455444,1.551757747884151,1.4052441338127741
0.3166079049210536,1.1348391124131663,1.5453707340218428,0.37914130639827065
1.3331725549132512,0.7436530661531054,1.3009633902033975,0.5222807126119142
1.5306029718383753,1.402973922789489,1.5511823271077982,0.035351163849696714
0.12769380843671155,1.1357318291472773,1.4166811853771735,0.0235121905509475
1.2319152731248804,1.312864784443226,0.15677056525357005,0.323903537269496
1.4797575937564702,1.3232116493330899,1.5604555896357224,1.1571240087489119
0.9942463766026016,1.1830438486867165,1.1610938373855277,1.0096842424706514
1.5151738357468478,1.107559559323129,1.4534933580627676,0.9901165039503842
1.07033466425341,1.5025971345045692,1.555859633462829,0.5217199058478268
1.4940064266388047,1.1971994014528764,0.13757261272618215,0.0179177463468501
1.3796582677540377,1.2841145516876322,1.5707869725527093,1.2469766571467376
1.561700320625128,1.3349593833362892,1.5226700442363699,0.04411041069892736
1.4688197820792774,1.446142156180232,1.565999005381678,0.986350998725241
1.0808219992118733,1.535782732350554,0.6779773971040117,0.1387969835061153
1.4373771191441533,1.4899212149718934,0.07818672444623695,0.00044721359910904126
1.3794157751914984,1.505095993899098,1.5670506924613479,1.0353196133762392
1.4381213529546817,1.0014429523971726,1.553277446111428,0.6533165587254516
1.3350289062177,0.971580364194809,0.1548500095024987,0.08870430435759034
1.459958976119083,1.4804385170082046,1.4421731446635222,0.912921367101763
1.5504402166862563,1.3366146944764865,1.5200830650099066,0.3908084372812031
0.5863873618399299,1.4343646230635079,1.5471461200219574,0.27823710068034685
0.5705642216632937,1.1879209840089737,1.5702398077137127,0.1415074312725612
1.5701122854991947,1.0335347757633822,1.3804999945806948,0.11939634853064067
0.9636858117354145,1.1076103989562678,1.5444039176311626,1.179644367565946
1.5674481625514165,1.5290007051977488,0.2003578940787448,0.8354280903133039
1.5481883209990446,1.3714795726293652,0.017886608032638848,1.359684163319994
1.5095935010934602,0.46074618990439525,1.5665870666462154,1.3031914413723666
1.5140705748071155,1.3107118665450288,0.5429277630081556,0.0643915979734273
1.1239679202796715,1.0066550894203823,0.085774879809717,0.0505747747746863
1.3802454083341595,1.3641178137159595,0.18437326761331152,0.00044721359910904126
1.4153146792610063,1.5358871913163652,0.9662146236517717,0.21175378355110053
1.4769919748969984,1.1293266736505043,1.3710124129217658,0.9836533485775663
1.500848146683576,1.5540322232024468,1.455583045086501,0.24243070269597922
1.2434159243216436,1.0894432291509193,1.4070170592534572,0.9188088611659264
1.480020367248735,1.0878104429752773,1.381270968216473,0.7410656995786407
1.454805604625786,1.5532689470241443,1.5262379085592228,0.09166276772326626
1.3612224985417858,1.3032363481636593,1.255155986764468,0.24188801776476263
1.537550972402805,0.9654882822324898,1.4512115271017934,0.5692449680254404
1.4181871524936327,1.52080609768024,1.4466418049882772,0.17670788599373996
1.5516023757995465,1.3425828350116824,0.05939153408135038,0.2630622545342571
1.3880619576477178,1.1389073696013505,0.8529274468240721,0.630259128592301
1.5669367583210834,0.9876755938298369,1.5673415578269552,1.4738445760354544
0.6600712749630973,1.289335813315995,1.2709926951452153,0.3977387538042756
1.2385395323662385,1.3083019938690945,1.2712703901673013,0.8961786004564674
1.4626551423992948,0.5998141549323112,0.865945032802907,1.112340829901188
1.5636548435164683,0.6376837568618153,1.2188449586839656,0.5827304045008382
1.5498326758087322,1.4464872544853329,1.5607566989883885,1.5161466578082192
1.311855733384583,1.5014174437793142,1.5060608746167772,0.2013324126558355
1.5301248542565125,1.475633821863053,1.4967476708142224,1.4547588374872633
1.4416584701291941,1.098586630024771,1.362811193243618,0.8716549319055756
1.515401121196191,1.246878076279421,1.4395083383502412,0.6197606258578761
1.5200061257095365,1.56382616565226,0.14593548484074492,0.9951753736318492
1.129333346369809,0.4039224992956338,1.032852943894825,1.5222392797130242
0.7550742171189612,0.6217163405018961,0.9246995633288456,0.3733259870123035
1.4965412820891224,1.4497174811206017,1.4814359921473732,0.23714355583150662
1.5314420329307734,1.5143496602721467,0.1556669792974981,1.3159266250734316
1.5627644317727023,0.9627781615443342,1.3632878623754958,0.26750132676312216
1.4635534961703267,1.534647923911334,1.568023973725513,0.03882559289525395
0.8404264676190111,1.5458893721282985,1.229042986462222,1.0364427960646045
1.285369660924147,1.570502069885929,0.46614551256502124,0.7641254968774399
0.9636336797970142,1.4260008365295904,1.5687826803847162,0.06266142744204166
1.5271931311805043,1.31181853129692,1.5702245794788383,1.077929423888178
1.5243736889192536,0.9825145103892639,1.478522214820359,0.133946222857212
1.4274326061958322,1.2721141927966442,0.038393421854391485,0.5545666837371493
1.1004039808611672,1.5442688329576428,0.2721614164419726,0.7610471930030066
1.360907438219385,0.8649517949294492,0.10677709142336284,0.054754059488911544
1.0026366011629522,1.5165971830569391,1.5112950325146295,0.22563295027831687
1.4900975875000741,1.3379556114498286,1.5328323039952567,1.3755343893473517
1.529987070903185,0.8759463867675915,1.5200234536052304,0.9358652733945554
1.5118337313859815,1.1328045789587982,1.5429219301382915,0.3139681160057485
0.33106111983434644,1.4731524647489513,1.5661345103236195,0.5852873988415899
1.3536896707941348,1.480521987564902,1.525635575782368,0.7733215805396555
1.2354696941683174,1.2735993066713762,0.5300769364306175,1.5130392825219732
1.538565524275305,1.1705780377120796,1.5705254006419522,0.8257902011450825
1.2896610940521422,1.5567990690274915,1.5704167970913436,0.16584113177836554
1.288422327435739,1.5203959474436053,1.5381496894226783,0.2579517174358494
1.3267034772110537,1.4577391170514984,1.2122831754043224,1.4317028761509405
1.3418432376655456,1.0415304005433395,1.4675169900170721,1.2195950939211526
0.8274592991172213,1.5477557355058364,1.5425070430544021,1.158390608773536
0.27203538671776556,1.465595946430626,1.4568040932040809,1.4517146668485343
0.8667474096400327,1.1679683123503892,0.31207799832827243,0.8842441852904096
1.02260034675449,1.327494860563688,1.378370736436641,1.2299973600134335
1.5255681777123913,1.449141050158584,1.5460066885229564,1.1649072991863394
1.4615693365831621,0.8500625188182116,1.3930038578071522,0.6018313967989096
1.5232508248916214,1.060739841561586,1.550529029414849,1.2147573679581782
0.5281772200857489,1.2592056678488912,0.7428832915176513,0.34483539744951097
1.5486953944137989,1.385449564201553,1.5644707275862428,1.3230188133227048
1.5365094354410365,1.122882291674662,1.5354603769995185,0.03018410280520411
1.1303970313931566,0.7684589865127498,1.4399240520442569,1.1600969145441824
1.4877964216812833,0.8875880553605701,1.2626749063273919,0.7323554980472768
1.4853873603006555,1.3355039943844003,0.44120920958629295,0.5811442329413025
0.7929481614561972,1.492434793508216,1.4453956502031273,0.2782009462429408
1.54695973549671,0.7126436109576043,1.470292489500403,0.5632148851360997
1.0593461339294292,1.04352325217628,1.173149809370506,1.274013125203131
1.4860038617667648,1.089403683720184,0.06742066273567497,1.4871712677396804
1.462389045096246,1.5004122635916426,0.2805401104613159,0.03846337538565002
0.589885819020101,1.3130425791680844,1.4997018839805034,1.472812854456823
1.5552619515826065,1.4576471469468246,1.350733873054589,0.7061613472317791
1.5171159684908058,0.4846991031498571,1.3377949397286055,1.4031827503612524
1.553814543717467,1.2591180445802168,0.0019032443194040127,0.8694128666770725
1.0264235811624984,1.53762140627996,1.481394509006507,0.9091822606743383
1.3255005079652373,1.5382675771499361,0.9120044454869478,0.9270914425791452
1.5514688670523653,1.1852900065411633,0.2771225433000548,1.3143427078231489
1.4043196992057796,1.534212404643524,1.5706971086843269,0.10838502075747082
1.5578135429706819,1.0047848888644586,1.4218071199095152,0.8703329858349177
1.4593828040488248,1.4272225594026042,1.5591850776010283,1.308634694667166
1.5554244333214218,1.088048448694527,1.2362180350750938,0.8775309525377624
1.5313118792315206,1.4175981603378465,1.4363894850093766,1.264263251193067
1.5214562469483455,1.5370564385764482,1.2764823815925377,0.1157934116062995
1.4951180549545708,1.2510754334829661,0.020208709757126273,0.6158395537996599
1.5227878040546563,1.1386400581106542,1.4287707918520558,0.5014377940551372
1.4597260777533578,1.5355892030363991,1.5682590273305834,1.0353816823138353
1.5657984255529505,1.4397583813990689,1.5660088861347035,1.2588629426726872
1.3569006368222436,1.4647004342344214,0.37150943301429307,0.07361284498078928
1.3618049883287473,1.3223385975001143,0.3813908514299909,0.23887793746311486
1.5505306230441855,1.5234727421591514,0.07606984973467447,0.009590150299701103
1.4601686684538524,1.3136192998895138,1.5182471704423064,0.267739308491594
0.9222310922277946,1.3976181115904958,1.5672352957400182,0.11172317337762971
1.477120263797629,0.2901745563240428,1.5672404830447484,0.8451866246699085
1.398278457178942,1.2421532878800692,1.3794938800981387,0.8350301762330004
1.5121961834177589,1.113342528564251,1.1362744580105806,1.367096224062865
1.4687194686407696,1.41895460440106,1.4953401104506163,1.0219087756096763
1.0912285919453248,1.542830548670281,1.5644126045615319,0.4399070781263216
1.5390091808095938,1.317532511302668,1.3835627725178292,0.8898063852763854
1.478467733191863,1.525165296216585,1.565808000293459,0.01919020554805853
1.5678140651113697,1.1063236764518345,1.2861919469065406,0.7149607369742785
1.2611062749119155,1.3731705061861847,1.545241157512063,1.0972451646991237
1.3138697171579816,1.5012841696399657,0.9348331408952908,0.27009195764738986
0.5880447419714264,1.511307922376292,1.5557616506987673,0.0864906323972433
1.1600374827558588,1.4674547522875752,1.5344878861235913,0.13676365683824485
1.3900306110195626,1.2959871276226522,0.05027626975587858,0.4283500229572424
0.8677871473971893,0.6273000954804584,0.8807304604582974,0.6426871886711233
1.4476733005086786,1.4476928797451971,0.7201960843501262,1.1158056882749947
1.4046661396158673,1.3129701895739048,1.5707889143083336,1.1357694565610068
0.43410441234569225,1.4269526549851153,1.5476861377928761,0.9392075460135983
1.5345237375187772,1.5100011308235297,1.5425445550868795,1.3368623643431385
0.6624090740723727,0.9211166282804362,1.500724116070796,0.3178243643258319
1.516848619707837,0.9873872571005987,1.250977263768482,0.6058468323894588
1.34303041331085,1.4172690565274386,1.460606699197263,1.113423136973065
1.282835339452387,1.5499664973853398,0.49240800977643007,0.27555885186680046
1.3592956062626662,1.409837513542431,1.4492013356086484,1.4774782360058216
1.0114988061151116,1.281717597562585,1.385733504617005,1.047808313807149
1.5501893872572639,1.100770122543407,1.3516400353141387,0.3603093825202405
1.3391435697043401,1.4042633451021458,0.026782828424413496,0.03394223081876361
1.4790734418007099,1.5369583946334868,0.07569361220464862,0.7115450993400736
1.5388575661131854,1.3556536940535704,1.545878834269879,1.4788787653494813
1.1277201483802939,1.5044484434220085,1.4873715645268029,1.0933428014374649
1.1679086297206767,1.3997981302420228,1.3538781635635058,0.0684594536366448
1.3126397271603047,0.6772570955034501,1.3817320342450068,0.5252392683601165
1.485845638938812,0.4715134869244201,1.5706681971706997,1.1866428235516677
0.41998743921189463,1.4365193684334172,1.5632784832059023,0.25776501490410886
0.8779324500694536,1.5082117280738092,1.5693653591922054,0.1755709249734832
1.4563747113672985,1.402699537197292,1.5580497465606036,1.2398310504363417
1.0227631728043403,1.0954228332876248,1.5101203165497077,0.07655235628219156
1.4642522059854919,0.5704398889294854,1.5028928848117418,0.12242421219796418
1.4411518894752748,1.0671146228511106,1.3799556169046059,0.9656491434680461
0.30132168007245314,1.5047483847795458,1.239989023499736,1.0707799264253706
1.4664191558878388,1.5654101539169125,1.5643263113159627,0.09610884662536319
1.471765390422474,1.1781311281702445,1.4058172219786764,0.9889501384801205
1.3602125182171694,1.4678149859231566,1.5342358387205148,0.18855481167864632
1.3010220278797604,1.298585241429555,0.21784462204630017,0.48269728815750756
0.9665776483596243,1.3492751533268585,1.1117839968960108,0.15716552562414332
1.5329152620091624,1.1572363332665923,1.563216082955056,0.83233100035783
1.446920793653618,1.1999045628548255,0.11989566948370894,0.00044721359910904126
0.6282812514290405,1.4329412406808077,1.4801661982665626,0.2796962719207704
1.3585360803793662,1.3604767903019825,0.0362043821253925,0.6736393370040552
1.2810183150869792,1.5310234227859645,0.35247357756960085,0.5086122451339681
1.1635539907892025,1.5502574780240745,1.3116125686059779,0.5454323874891407
1.494587568645865,0.9076374482973184,1.3010705361416883,0.21283771326542245
1.3492926458219021,1.2970979616388985,0.05633086683243045,0.06174898853718755
1.2664417716075456,1.1578774618531118,0.08278771920708661,0.7271358454471336
1.4411437301387058,1.1976327958355246,1.3570900042552618,0.8099695840431076
1.5327832195054039,1.5475935763914117,1.4767615816653776,0.8911236975540042
1.4108757903454179,1.3811536654640553,0.018603186649897605,0.16261814879276212
1.4713315551725543,1.4345180427237738,0.23704258189099306,1.5688614629618371
1.3089873040956697,1.2287879922365093,1.2377566658986376,0.3047521204330281
0.9968349597747126,0.7497439752169155,0.6724338575360277,0.6855628133562651
1.3624825466025121,1.2869401139455692,0.4826677576372122,1.5623856955172823
1.5600812665935468,1.4458445559340418,1.4243328596170794,0.21938681381467853
1.53960582640741,0.4203235666224321,1.5704278971745005,0.51276294545667
0.5525133215243324,1.5702915984441683,1.4318748261917005,0.05351237184359612
1.5559613527243683,1.274466401698833,0.11391120798243293,0.22269026604530082
1.5005931958644498,1.000673591643992,1.3812265894364157,0.3338293208631089
1.516669895760359,1.1354492516776309,1.357753681138044,0.05953455815615065
1.5601603402888098,1.469406806127452,0.2890331489849113,0.41041630874434026
1.5114494433384438,1.5663799570617722,1.568969359927507,0.22585927697684657
1.415213791791468,1.4214753804387574,1.4912732175749397,1.2547381829072686
1.1360694360184822,1.536142676055374,1.4735810442227668,0.3835978742108155
1.4643306552186786,1.1179664092116612,1.3548620113463625,0.8005891768112565
1.559934621839769,1.1263727801317391,0.03127769096141427,0.04751444246664196
1.4563919853748686,1.2234933542602924,1.5608740779596857,0.4092009945634928
1.3167937637221334,0.9548088696461131,0.50011057173265,0.5787461580498576
1.5011350615084096,1.4581900330627564,0.013842215398049624,0.20225331554453896
0.726765007380279,1.5095939474639957,1.253311720409958,1.3035387266980694
1.2628220327296875,1.0831572687321775,0.29549958428796724,0.16994229681864778
1.426345885469211,1.2636477944385316,0.5278499247407424,0.5164586698771968
1.4102631578723708,0.7262331422564172,1.1221870520302013,0.49030055969893205
1.550417580903712,1.102863886577541,1.5690841869280083,0.7920373211073856
0.37616056886378935,1.5199617828052352,1.462623731760115,0.8434237145941875
0.6916909430640454,1.4807170581142213,1.470861143669375,0.5592002125006068
1.430084697922325,0.9892210974069905,0.4018635448282296,0.7163717588881623
1.2076623107624238,1.037945925540018,0.09569873060158166,1.5641897872077668
1.5374944589471462,0.7322979695139302,1.4294276229957383,0.38049271560660536
1.5395031297278148,1.3174768991256145,1.425877223059428,0.1411037294177564
1.1238072705422946,1.5055981416002595,1.2759506226870574,0.05771804035354364
1.2203840948409812,0.7321704322757471,1.549163173676781,0.260812866774997
1.5140960416658287,1.059336762843677,1.5284856510682678,1.2216480747813898
1.45947721652897,1.4891311900635424,0.29016444289440807,0.30644161293731675
1.5621153301676727,1.5665980318367434,0.1814176653636714,0.1264899743377042
1.421098912603496,1.302358754309678,0.0037735471146647056,0.009588853196709273
1.1099464511835988,1.1887691177243436,0.585899903621025,0.39183775444341173
1.5038576900862572,1.409479204387885,1.5557671543229488,0.8847727062398111
1.2868633487039978,1.5419560350347947,1.1862017204354496,0.9356022853490138
1.4864191186887612,1.3703730751235803,1.309941443557343,0.673742111381855
1.2314394894805272,1.502986231706037,1.0258805682205536,0.04710573021293424
1.446096841953843,1.3749198890480452,1.492962961834747,0.2286754111148537
1.0136734395318732,1.4203863574125273,1.57026675322979,0.3853476331526725
1.4679064310097376,0.9392107587604314,1.4928014618744132,0.7666029917352163
1.5464941763008493,1.1448267847707907,1.4410941398944173,0.30870312520596654
1.5419777106752857,1.351873874838216,1.5317677782015149,1.232134361887357
1.564301097689802,0.8121215670644135,1.5324596340714378,0.6547490607537771
0.9682527762235378,1.3865141843650952,1.3560192271457876,0.4611454080108613
1.4952131093187173,1.4982158751933257,1.4037506865803033,0.050007123708291766
1.5647567209331843,0.8230930117762865,1.4937540712264052,0.8853681856899382
1.4484508787896002,0.7673133057183688,0.33291503532360184,0.025597279754527035
1.497597412840465,1.0796230475985817,1.2998620393091318,0.30364993280946856
1.4373031639914364,1.3896682934597249,1.3686400873184477,1.5598846435917495
1.5648175405116993,0.6889062465920085,1.5579642551966701,0.984526205073371
1.384895216149369,1.3523879994710541,1.5499905926327278,1.1807354365846854
1.484635345001599,0.6688295103307569,1.3713054424740445,0.71861601228183
1.3738054273886662,0.992851316964458,1.5116504533668615,0.46616653283285
1.4266660723428988,1.270781838045483,0.07738145035643636,0.0029890259989195176
1.3401008534726986,1.419134141761694,0.10890019855104432,0.36300091419127234
1.4904734245237388,1.304279367866346,0.012243841888256399,1.2705520625761133
1.5040883182041127,0.9459807797863756,0.8628238573602227,1.3154039302531044
1.500664374624882,1.4602582055228925,1.5052872577332448,0.8265734473239346
1.5492548845356595,1.477329481540532,1.5186759847992877,1.4110529797128792
0.50312188011381,1.545235784801759,1.5537944095119869,1.3234971450920463
0.3993237726378066,1.3664361414862303,1.2243722326687745,0.6758721958386049
1.4658319476564243,1.5183527239045471,0.12826430915508807,0.3739156252997716
1.3350052051959176,1.4927021932766928,1.350167004781896,0.10506280621025096
1.4465616624196465,1.4855214840483155,1.5476336200418515,0.9324354779204935
1.484086828934275,1.0486947289896926,0.5696981662211491,0.00044721359910904126
1.5270458087635348,1.2540524706099847,1.1071397000450436,0.561608935675594
1.0689851897221296,1.4255147208050367,1.3432044964341237,0.3461445187868275
1.5180459458462081,1.3258973382376777,1.5509596786876472,0.5312597878022156
1.5027838304360266,1.4885961989982814,1.339357939672377,0.4780227229975064
1.540832710672831,0.8379370063757446,1.423732750298662,0.26610082861420814
1.522026348289613,1.1657739742898583,1.101195198603457,0.3580032798910945
1.41650276995408,1.135723717333904,0.532038951581984,1.5332377852424008
0.5987063265463612,1.493684415476289,1.5691912974054942,0.7611455598385024
0.6974594536805034,1.462872260699328,1.2962367923206004,1.024303639802189
1.5593954347181296,1.4788936860812547,0.2234277116520127,1.3056300999472412
0.29918097728524257,1.4648705280282808,1.4970560552199683,0.12382344069870845
1.4946370965834965,1.4578477471921463,1.3954651714478927,0.186413213683139
1.2595953573821936,1.3185056881397381,1.422950725932434,0.959260249577311
1.0095197050448201,1.5095808770822883,0.8060939057119102,1.4639281460124058
1.5085200642826886,0.8953587228620051,1.3551602072062332,0.33845774411392376
1.4801340044480125,0.9769311034283494,1.0415349730626757,0.48982969459280046
1.5355384359441138,1.0201134165939443,1.5526816333889122,0.39183336639900107
1.5367398682558704,1.4921416390555742,0.05615360855006706,0.0901298786878278
1.5531357441822613,1.1649883437168493,1.4342816876739815,1.3764973695854246
1.4326335281724778,1.461019701171683,1.1546649870221664,1.04556759995452
1.5015613366341864,1.234409358412515,1.5310176363903172,0.7651208668863207
1.5387646997121156,0.7010541811070893,1.288052886081355,0.22646897403012733
1.4753269522311547,0.5161961670640333,1.3884498943324064,0.6365892762475458
1.5023801106977916,1.1598674321802267,1.3896600288240064,0.49110081915061854
1.5365199518652435,1.3271266711151186,1.5541247176492847,1.1841075240640881
1.4813616533427052,1.109906686850061,0.07665633253725106,1.1796954294556148
1.5009154598653558,1.5235073043187595,0.5573441134831364,0.2855498386182184
1.2334763816798562,1.3491919452797356,0.3978288135562989,0.2089910013330733
1.565180029811781,1.403504504612024,1.5395064665536589,1.3210908490053033
1.520238824866807,0.6351329750728218,1.5332635947237665,0.4203952693227435
0.9389146977789863,1.5601080267331766,1.3593491288109072,0.2504881629533743
1.4150588935298427,1.1936219026595398,1.5223835498649803,0.1651146018493827
1.471494665881376,0.31550191906866215,1.548729604116858,1.0970549228646742
1.4029850345368913,1.3079329120488514,1.5685719747415108,0.31436924360192664
1.5000430845884059,1.5525706261548065,1.528278494545303,1.0836912434682209
1.3100369680978263,0.9542842094726973,0.008363918375989647,0.38071736204130097
1.3878016745373696,1.466773079018588,1.5205978711094863,0.5706668877478643
1.3857680155484964,1.3035220779350054,1.2750702857033622,1.420987383696018
0.838761600157111,1.4504468800243238,1.4917573862029434,0.5399075719162656
1.4610304247626897,1.4515001265495238,1.544310176896945,0.6441467913941299
0.5822838053328919,1.2109481229429992,1.4544366746482766,1.1173519843743702
1.0328717804029923,1.5283290435817038,1.560110699238359,0.14718933593920736
1.3690416282058648,1.5531156144475924,0.36314876273795765,0.21249261852817528
1.3492215872212845,1.4689992891114492,1.564078304415259,0.15596213901466607
1.38748093320186,1.0087027292357629,1.5511070029885576,0.6740669458636745
1.3715387370259788,0.5352380040797567,1.5641492109145048,0.34212636785901884
1.4678426361219659,1.5411247358420297,0.01769208284525779,0.2990749899796129
1.542807546441943,1.3748939935474718,0.43005497792476677,0.29503243156577325
1.2666147788265216,1.4720334620876785,1.2840868169835915,1.028343087874555
1.5697502596216666,1.2706177073637845,1.5707675994936185,0.8901763292402973
1.5345783626232758,0.8804599201668359,1.3219153299371282,1.067218253323943
1.5007364607614748,1.152797303782909,1.4255091355047989,0.2880845753807228
1.4837911503726127,1.5540286235719167,0.07364432006041578,0.4592423192860636
1.5235886182697254,1.2123256715053876,0.20091977427373853,0.014879493638833778
1.560453742341329,0.41462111127219275,1.203048060204154,0.15154218501804556
0.444512255796732,0.413763556097536,1.182557537690239,0.9656126187247522
1.494574337464228,0.5186849395089862,1.3721613596917026,0.6750070438397341
1.1848258694208942,1.3147269343401315,1.1719936218980136,1.3934806085534757
0.8409693023121351,1.45375358739657,1.5678285985153413,0.2788973822507316
1.4087730845938295,1.5428383504824814,1.4078456826551662,0.25640260498761913
1.4854996826738098,1.2300985122698198,1.5347370352536625,0.36503871773024277
1.5489548658107903,1.4961763172160725,0.24546623027425798,0.23352735725926385
1.5437519232095316,0.8454438558780346,1.5163245598247126,1.1163754416434986
1.5519330881694375,0.708351487099269,0.9161744578062812,0.5109800071409051
0.5167191359583058,1.5486131387565918,1.568125175668503,0.32517373996342136
1.0108447794025117,1.4476058031091572,1.4489057148292341,0.4652241800746923
1.3913875113516714,1.3809843529051358,0.8710155652178301,0.31483363393152014
1.0797446513077402,1.415001566020774,1.5603338757776346,0.09282444047572383
1.5207469075399236,1.5190257048919715,0.4465466934584814,0.6991385618976169
1.5067951514223699,1.3516479699591895,0.004458729418441261,0.05981218876473862
1.5538089199899237,1.5240650439459558,1.5707774512136867,1.3450562534830026
1.5352718165597032,1.1831349326915164,1.549393483647532,0.6404131252282677
1.4739209059771488,1.2378699315523838,0.05183555579478423,0.16695655488423786
1.5321196584076213,1.2781967651590775,1.3277037355152006,0.9296075908752992
1.4848506132200978,0.9888351834701679,1.362877846400749,0.5495256211459569
1.339809629944164,1.0033848480482102,0.18471359852640687,0.17974599078134593
1.377448406147513,1.4549424231588388,1.5488037900517364,0.8617005798322017
1.4259270062416032,1.489972239137267,0.0017821868691460646,0.057573409517859574
1.203718516578048,1.4444208511978194,0.02518955652180496,0.1326402990828526
1.475662584631635,1.033606592313662,0.012843921648956902,0.0031612748185506074
0.5394394155702634,1.2428848990652355,1.4950809346272476,1.4333824776015762
0.29146927675882706,0.9291701985260012,1.3961445989108425,0.3102307836265955
1.5442879931867932,1.36017512288685,1.5703972374549988,1.1578415536111764
1.4693668222856435,1.4714514624196107,0.6684912501009767,0.8444020993309004
1.4053872862800263,1.2029165032868356,1.2640920697489144,1.3555378070733286
1.4792025345382283,0.9271210262906884,1.4583583970126826,0.7477250846228212
1.0412242990569982,1.519338213931585,1.5579790798420012,0.31584001052543925
1.4683203737670476,1.4786242326987231,0.0585246004321691,0.22660215771163006
1.5465624805530913,1.2926642739781407,1.3639099506113455,0.3188188044090333
1.5020645178034724,0.9052785528440026,1.3269116000182746,0.35959833425184684
1.5604542662037437,1.2762144067320946,0.05610211833669135,1.355626074805643
0.843759867846033,1.5506080727295475,1.528491624514042,0.08301702169187233
1.5017737587186664,1.1390136704791813,0.08634268493099058,0.15154861319524351
0.2681019749690076,1.360845736768091,1.4318249561460294,1.0857285128114067
1.523731436578879,1.394300470940705,1.5137616099518068,0.6942098535245013
1.4244043336997907,1.5001156404876426,1.5569954610969967,1.2375065708348232
1.538203622234766,1.4577333997264073,0.18152045782766846,1.2762067546357299
1.511258651377516,1.0945582417602087,1.5365624766677413,1.172861414744462
1.5019720157295897,0.7448436289178886,1.4553149085153734,0.551485639066078
1.4605211257515571,1.2727311350278103,0.09191957190842144,0.6765930224004778
1.431631146296838,1.3911008442207513,0.8297252239233515,1.5200787502872943
1.4760318543251025,0.6183546547960806,1.3521976809595997,0.9976089959251834
1.5203185641854642,1.1393890292256306,1.2754960165509919,0.3661466145609274
1.482719304504365,0.9408571650890112,0.0977948718740466,0.0020617738030585257
0.7423228515081167,1.488772296917929,1.387442070658553,0.0580166200777833
1.3172088095920438,1.135058921620951,0.6584832230035236,0.0022414413537567954
1.5630549274421466,1.5679914418157372,0.5546823470174848,0.4420497798827861
1.4971074554572683,1.30844541091086,0.22551383039259995,1.3095817707529338
1.4563316200422387,1.2085029549569288,1.370790635779522,1.319286797808128
1.5366629045334548,0.9346615345457364,1.4515287620945332,1.4122855413574824
1.348085860987196,0.9721678211159224,1.282935898811294,1.1147025066887133
0.6466455940830295,1.1908920534582303,1.2377141436942867,0.35371985046272564
1.3914108043882176,1.2360538056592474,1.4584253144940647,1.103461273991065
0.9212984533297766,1.473849224078899,1.4963553825147013,0.7789195930399028
1.5326053205422239,1.516194171320363,1.5663121784246814,1.0721950719928284
1.3591809376718076,1.543212883225769,1.506839618521793,0.24626287371318548
1.5227118099405985,0.7914581314540337,1.395837663394826,1.440163369110497
1.4619404131669147,1.1105367707156242,1.2352328351492925,0.6469021764206371
0.7946762906810563,1.3126655266958902,1.098130880949142,0.014563430731138256
1.4533716576718525,1.3678766363282764,0.16474547814941357,0.1551872418666003
1.103069660133837,1.1315096078638156,1.5642832642652815,0.9918919342069745
1.3283570002760399,1.26837251719599,0.20462671423520676,0.01765950379239041
0.8753154036414921,1.4703856769163084,1.5475964211618063,0.03948020825025183
1.1706226738164554,1.338532808960881,1.3504515604844134,0.761209564733915
1.501127117295687,1.4111057264212934,0.3536768103643331,0.14488902119999963
1.1243185605525772,1.5115700406138937,1.5564764202599917,0.365146819942709
1.5246687351235975,1.376474108263679,1.564341189988541,0.415066622618409
1.4666672928648963,1.1234942900990685,1.4010206691565288,0.7266957680370473
1.208418553346853,1.4878911538281465,1.3264466018527599,0.24460674831961607
0.5983653275480761,1.3606490106989675,1.3324916958047346,0.8559814708165461
1.0231996456267738,1.068042635356307,0.4863144882323933,0.044201148758898856
1.5431521928599863,0.5817253562453762,1.3136377391913057,0.18203463422997582
1.4159974876859733,1.5281440531299124,1.3365628636810944,0.4459150304955464
1.2660138867951718,1.5521643575476054,1.520305782956777,0.06220629631507033
0.94274428557852,1.3674058296194858,0.28888088671734763,1.2770841944542404
0.7656913892048046,1.4428817764266981,1.380011485162235,0.12874241497838565
