"real.1","real.2","real.3","real.4","real.5"
0.310192450327033,0.258557422319528,0.113372576565294,0.194803726683271,1
0.115751372121466,1,0.359014330421155,0.360447284010053,0.841187260411695
0.00596448721965008,0.0470320104270221,1,0.0617110411533634,0.448833409869108
0.43619387188558,0.140287777368874,0.505696095032497,0.158852982917976,1
0.113735454170499,0.154133720902896,1,0.500704170172755,0.138461387679354
0.0957802451042544,0.0658961481238586,0.144437723715704,0.176650722775232,1
0.188437644109965,0.397499766133214,0.460614689114942,0.169320892935307,1
0.107952377414143,0.00564048917616634,0.511095630899731,1,0.0850128441323011
0.0330440397991025,0.146157583693442,1,0.519386180950087,0.322169318778443
0.306941805394421,0.28189494716653,0.311564373615018,0.225089745682415,1
0.485648024113904,1,0.359894299450506,0.374769600797209,0.693066690922793
0.173537522904479,0.185524821170823,1,0.734037055274843,0.485306127450642
0.354179867523761,0.0076660635198296,1,0.112839402891477,0.348884731337141
0.121639201618095,0.00137833879556814,1,0.139979596924448,0.595595832593949
0.238105467025204,0.0950081872947774,1,0.733468067167486,0.148304813733289
0.0354225451360596,0.0870039967208283,1,0.121184521720268,0.230084072068729
0.465743928585043,0.434320444849726,0.854018018904972,0.153914129680323,1
0.0505267478849466,0.0365838911991449,1,0.131035508607256,0.228112701554519
0.100685370342287,0.0184640503947227,1,0.0437359989922114,0.234854219482711
0.581197452920113,0.974541583645364,1,0.818167934184644,0.117199178866363
0.0584252040869106,0.646491702679926,0.192968681436039,0.819691517713875,1
0.365731864320805,0.053002527300679,1,0.0461631674810065,0.157024963481769
0.199590657398005,0.0852022943643443,1,0.671774249431078,0.22325221930465
0.362079878169003,0.351113714758998,0.896957456319418,0.381765227331496,1
0.0880431464532669,0.0220486202794928,1,0.119871334872258,0.0979866424377007
0.366394213200433,0.0748396619143351,1,0.019124964671478,0.289683477330309
0.77653301318676,0.512359096266732,0.297420544016095,0.170388103296341,1
0.000299344471639939,0.194165134908396,1,0.530976321443229,0.149971718216129
0.00598364812605071,0.703978261145556,0.536832833757456,1,0.264843916105667
0.0897839513483469,0.650391564437837,0.214002053531268,1,0.133472770384789
0.00230800882395196,0.0531712899039003,1,0.290042081520263,0.563400226033128
0.140178660058643,0.0883949141555973,1,0.109037035089792,0.0875081805841869
0.241523054296819,0.591579511614539,0.294339446780466,0.128684684927229,1
0.327176279748906,0.603051920321336,0.406953310790412,0.956368004533095,1
0.81781779791337,0.338580084260573,1,0.266141117032968,0.704145664795636
1,0.0963532444141075,0.905979675501982,0.290457762710086,0.0685349599061734
0.632919013453626,0.647050673104881,0.593245003166302,0.817176443727951,1
0.806526924000891,0.580014908765979,0.718573272947718,0.298431816586787,1
0.0709254761908508,0.00555044468290191,1,0.0106836075594752,0.478985861518065
0.110639835332654,0.00996751016874241,1,0.0956118773466313,0.434279262234789
0.708213208380691,0.260879844811885,1,0.541178344265985,0.278760827094324
0.264859097141187,0.0283085801268958,1,0.512707709823532,0.241247559489761
0.467300505353985,0.0532897988388595,1,0.0103813236900152,0.389983356328073
0.232105438958708,0.218903302779659,0.415583530989823,0.388150242755472,1
0.00105206473813333,0.577380673482774,1,0.345376160746891,0.161761179826493
0.607016308036868,0.111214534587022,1,0.0511102268859943,0.383081814583663
1,0.267001665908908,0.424721650102567,0.0749124763627259,0.0592241717107303
0.324607566123539,0.223181737389215,0.812503256166598,1,0.889625181995961
0.0325539270698209,0.0347504058796674,1,0.245162347322032,0.717094731812323
0.31301006910619,0.130511543030361,0.145580601429512,0.206010128271456,1
0.0910018739177185,0.0160417868062448,1,0.113082941047641,0.284913704579477
0.318187975533555,0.450877398026157,0.739437165195197,0.310470259625182,1
0.633048475361505,0.90108008785513,0.703711514059092,0.564320217143248,1
0.191873941636231,0.327536604556964,0.386671086974634,0.288512227562403,1
0.0785269240292131,0.0794170134227334,0.250381978027915,0.0824885036674493,1
0.191767893562365,0.370979676699023,0.987069091793954,0.306577819863008,1
0.023379852061874,0.0445291840133802,1,0.308563785578718,0.375359940815944
0.270959123561206,0.123845647053378,1,0.0454459520828888,0.456678645183163
0.0124158401902602,0.0417600016148011,1,0.00150003405557852,0.100190523452145
0.778923518132514,0.199996969819968,1,0.0256139753523001,0.293713618259777
0.863181873047294,0.311903589529479,0.427291611493714,0.414091185193667,1
0.0526620985793651,0.0135805010245902,1,0.129379920281974,0.284038766546416
0.0033146355605887,0.370930716940693,1,0.0371695456872125,0.388174514461452
0.439533751542485,0.0163027712307496,0.886111254033236,0.380811971646291,1
0.850161583528776,0.603236299843057,1,0.241234089736038,0.873424665487657
0.107396523335676,0.0276712796380924,1,0.673633234552986,0.284583874476488
0.145622927331224,0.0843964380947258,1,0.710414485391533,0.230405513617567
0.122870774967092,0.545188158535142,0.710890399977486,1,0.728150832498091
0.0120954823230098,0.0211044996616002,1,0.147142018988861,0.112612320539559
0.914092443308377,1,0.925431369613941,0.916005971604813,0.725111928796827
0.162294446030251,0.604973712305644,0.482269711068579,0.169359804461197,1
0.0380978451041509,0.0208193005478608,1,0.357723276667407,0.214605944496879
0.0366598877094375,0.342309257858135,1,0.564055295733957,0.960669246380449
0.510853306010126,1,0.4413315312921,0.180819416574798,0.155965377993269
0.0298017213953495,1,0.121841805958593,0.675919634657556,0.479965340533122
0.144372372148245,1,0.401308383957348,0.404934096225312,0.410395206881035
0.00432297851042297,0.0607584838914402,0.0107176375958373,0.929905885497684,1
0.151891819437629,1,0.165145436072377,0.415859934937976,0.650531462308107
0.0568615192913473,0.0114949008927886,1,0.23570762999797,0.735794368827428
0.0960727316972086,0.82144556376032,0.798550313736307,0.836672993156816,1
0.0175075679199005,0.25852368388686,0.760200954331901,1,0.161948256854334
0.139367437396544,0.0370565306478548,1,0.0147988042496373,0.0972690606390519
0.176843467949588,0.00136766532089682,1,0.0173572674191887,0.36931495134418
0.0816710467685615,0.911604366807955,0.224741120852808,0.287874699693769,1
0.217361327328949,0.252151560370534,0.0979058683174818,0.0941439670652833,1
0.224150983599135,0.498058236997807,0.176059671458614,0.326754549861902,1
0.423573442392076,0.0422116676098823,1,0.305566298964357,0.296647162597523
0.470539888300024,0.126293664695006,1,0.088507155818108,0.476561060543879
0.253508406344268,0.250820474614492,0.448783882118694,0.191652507776348,1
0.177930353633725,0.254819341045823,0.192149936721962,0.200346860608556,1
0.218105048539992,0.45379092125291,0.387366072397645,0.312197584189757,1
0.714799819873715,0.516747609742027,0.807501791930852,0.451490331435505,1
0.199471869179404,0.0466778141192395,1,0.128631768626826,0.194735583535252
0.216458152588479,0.421254229040933,1,0.109504081538717,0.22688705902156
0.0190228287150059,0.0247333664306821,0.817877553672769,1,0.347658390400904
0.0285452126379993,1,0.508246101137693,0.711325489235661,0.919037303556981
0.615749596012494,0.0491521716954493,1,0.215141484028729,0.371609550264284
0.372164726333506,0.302348293241402,0.780706653580089,1,0.514178641732996
0.0521799670115766,0.236818560225542,1,0.52106815740421,0.0908283214722393
0.632268288190497,0.339012559226973,0.617881744449439,0.966036794512658,1
0.580192457352982,0.0566909642234361,1,0.0444549947804193,0.504712903409439
0.21226462103467,0.591569945368702,0.806565671385,0.891988197822539,1
0.218977216525316,0.0739337695810025,0.23079916948982,0.212546941178165,1
0.412077244632147,0.596644662805534,0.966291144584975,0.740206892163021,1
0.0268707007367391,0.0545027056480694,1,0.0442299146419789,0.274309490018391
0.498711500328484,1,0.948143608549456,0.586664221908863,0.500461182444256
0.0482711784593464,0.616220935982039,1,0.597346622828562,0.654546407582221
0.306549830288615,0.324556708783158,0.671308070982568,0.471380018931862,1
0.175697519760143,0.307206131009576,0.81602741658354,0.132977957324569,1
0.0950385662981171,0.601100663350821,0.970226772341006,0.190038093075087,1
0.320826711491423,0.299984223839142,1,0.801191413127063,0.611367394766085
0.367554892974069,1,0.215682651060472,0.401656214455446,0.283407607023301
0.110953589541191,0.0370214512193097,1,0.282511034830661,0.553596314903589
0.110209091015086,0.743321088331355,1,0.576757492932585,0.263968947846692
0.0929298083917519,0.00959474423855228,1,0.0856860810215304,0.136727665315481
0.369899907492285,1,0.596345979847929,0.768890190144724,0.367843373835379
0.376379179849039,0.632509067048424,1,0.90160903933112,0.213273455829922
0.128248505009997,0.211601981860558,1,0.451394737553732,0.193327356086574
0.504016852691756,0.171238427590751,1,0.129693798876339,0.600732813333702
0.136412930791925,0.0346361526309899,0.390327729482303,0.114438603272392,1
0.16276060265208,0.412332011328547,1,0.704800659057237,0.399787914931568
0.26054126546108,0.284704497628977,1,0.333731227776822,0.420888663385786
0.0524010674759798,0.105674569636835,0.272385780249672,0.158621039078257,1
0.384948990373796,0.0895397751494353,1,0.0473512179220192,0.391876379119117
0.225895840864491,0.613873446457097,0.76578333852685,0.609357953021425,1
0.498170036503831,0.131620071800604,1,0.206145684814858,0.474252166583838
0.358031299925052,0.655848416741011,1,0.244607725452819,0.356260127834103
1,0.026434879061874,0.908403224604976,0.543967359728425,0.455919794117712
0.00655888241413738,0.567683374810711,0.488818803461438,0.288065085942069,1
0.010460674007934,0.0472509484019926,1,0.332614319223076,0.397842768905597
1,0.691980673217471,0.652406529385746,0.360237863800011,0.685224647006377
0.266878747503251,1,0.276928614178785,0.237012635022162,0.642994124371278
0.40207472984412,0.0774971277286043,0.430678564437155,1,0.180370779201816
0.180800704160355,0.109699181235082,1,0.0364304577379923,0.174212355522884
0.565637873418169,0.000964692487806946,1,0.616819761789028,0.800962728938378
0.0180090037096782,0.0982148103889525,0.175557588689683,0.133911602267272,1
0.418062702248229,0.0626306838233637,1,0.190093597827652,0.597478977171432
0.361738915801238,0.119743346503406,0.274621273991358,0.519093246786274,1
0.104539763494985,1,0.275376433402388,0.588221150487067,0.521193763083043
0.0214510386003295,0.0638522656545885,1,0.403074739675289,0.303927221651074
0.184643947176796,0.124177122322447,1,0.394080312328241,0.578190988359681
0.0220590205747581,1,0.0982031287623224,0.477131379139698,0.917935007649571
0.241740431668332,0.750914759075852,1,0.0756316982656074,0.687077792865214
0.0235715898920627,0.331344100694856,1,0.172394105700026,0.397111359740193
0.0828654745337281,0.100088091025647,0.134843226017453,0.338979153701875,1
0.111552121716213,0.16839016912783,0.306326722718835,0.421326566962178,1
0.351673238324424,0.0553412981178283,1,0.186844086850233,0.231391648794601
0.270667917718241,0.282274213529634,0.243344914372181,0.370351889377043,1
0.267439655604594,0.119212918970677,0.904043293676635,1,0.392585139522463
0.634994801883458,0.269229135258684,1,0.242877912889755,0.473682148357766
0.321617275269305,0.533599176038899,1,0.617395440074161,0.955769857358621
0.0269408492744928,0.119698663270901,1,0.249210723979149,0.334799659921351
0.051596439023597,0.0130780173170656,1,0.160517552677266,0.190062032470728
0.000893968657670658,0.066679382464344,1,0.695698474413719,0.26039368988517
0.219823552288998,0.193084366528524,1,0.0586811033020234,0.983348837278253
0.233754985127344,0.0468797274098468,1,0.16239175899275,0.56152963504245
0.321494549087985,0.461227188194967,1,0.0137486489683854,0.537965077031258
0.0665049135396277,0.315865362768251,1,0.434669375133434,0.214457953519281
0.686837398381374,0.195375226002748,0.200005080450846,1,0.310927566538672
0.874935274996484,1,0.875384566308623,0.12391823826246,0.22066170014575
0.429235694372186,0.00358550107253413,1,0.158043590784155,0.644322088186131
0.0106156775620453,0.137586566016383,0.234092047971903,1,0.221512743764475
0.238595325912544,0.43632514334927,0.446407034777327,0.608556953917654,1
0.330188853222513,0.0959412336052476,1,0.0730318360784557,0.245317563925694
0.000993623488741729,0.0481875311352007,1,0.0423982538562921,0.268328894464963
0.13968287492485,0.063180062746945,0.880805317733321,0.437796475636998,1
0.401681411579676,0.623775672531313,1,0.0806509261595463,0.830566476097803
0.0542590681062721,0.453552246786022,0.0321825377790629,0.87924691013324,1
0.497145813999339,0.311455801173537,0.0587007529967646,1,0.440992756862968
0.585802101677242,0.0413428460760759,1,0.15847837239132,0.324370286588016
0.0607191763360814,0.238953327633723,1,0.180842860891086,0.912683372659916
0.313601506090479,0.00518439783660915,0.988015654016584,0.250056276353613,1
0.143598939088047,0.418026714430505,0.191527590131925,0.410947615106389,1
0.182088791223781,1,0.732475164425099,0.680651723763223,0.154985381126843
0.185414623366855,0.301168256265086,0.20250677216862,1,0.118683336953153
0.104627792842414,1,0.599725480383013,0.467751104218836,0.24054555112192
0.0557117501761245,0.468542678779463,1,0.264724156404038,0.109875331566298
0.269966715992181,0.0639236779340786,1,0.278131510841918,0.971426606408367
0.317257000347238,0.357861688075693,1,0.780894272135913,0.549378539614371
0.312731320473479,0.211252733509984,1,0.163998971397328,0.139809238196233
0.0194105399182679,1,0.0345659715817312,0.284039912032884,0.649024665522728
0.0634019477292854,0.0170338205160636,1,0.945109331584386,0.349811266043759
0.142981785865164,0.190267538095049,0.231841633149905,1,0.0230149976884476
0.171014511190298,0.212092175225105,0.147795117828319,0.0654542708977046,1
0.564008559586193,0.549378010603231,1,0.412451616451587,0.308774074393973
0.172255134924356,0.14356665914303,1,0.67658637502945,0.151860268555327
0.0206971347659273,0.303153659167546,0.0960998879079583,1,0.262352818118036
0.332769153055357,1,0.463728491141368,0.442690868697617,0.730148645686228
0.500793580655123,0.767174927856161,1,0.72009538251033,0.219552719037412
0.44972413536122,0.0268283924920334,1,0.572325007878142,0.119809737338816
0.01358804486768,0.193502289872295,0.828477855053909,0.512030194289053,1
0.142185971930617,0.342791839194069,0.74268057581759,0.790724127511979,1
0.0373412620559296,0.223456367467791,0.0280132909743058,0.34320310807027,1
0.233655393898109,0.0229474671186893,1,0.0634389041094894,0.760072184790303
0.0113179505796825,1,0.831934537769328,0.722480032997105,0.498024911596845
0.641010818056478,0.792119403232518,0.445542837398534,0.393387189930622,1
0.24715321169385,0.65491326439334,0.434625771050192,0.519503684151708,1
0.0949097064879812,0.144167343212266,0.0174610918230702,0.12308901188817,1
0.390516966306954,0.109574225789872,1,0.00816712924967586,0.246611573313476
0.173461018455011,1,0.928209866798126,0.140465157333262,0.198951530845353
0.474417653130897,0.0644089395693741,1,0.149611082462017,0.565521265344683
0.343909500058393,0.133374792053918,0.640747770028322,0.0731945859690987,1
0.281544620953267,0.328735707176714,0.820271961492453,0.591127948736152,1
0.0943149785296388,0.528139676814103,0.0679130328647229,1,0.586135646409955
0.0809014783934848,0.140018157569681,0.0975026669611501,0.216155497688472,1
0.355622257903369,0.00391975723825149,1,0.578988281639506,0.715467952814318
0.28194637623679,0.0338040535126106,1,0.381071229266102,0.514891018983293
1,0.198577554898143,0.394763778649215,0.0536726829948527,0.925874163428565
0.103667966505196,0.508199385027512,0.553037295285524,0.310814371314585,1
0.238401892346293,1,0.926663550369951,0.395204194176602,0.20508602324514
0.30382994220871,0.158832825098124,1,0.0214990990500803,0.446314108606465
0.00595825453433455,0.33877462446372,0.88948369135046,1,0.875271553438323
0.166523382431824,0.0733808315682211,1,0.180323065440565,0.330633414095676
0.000899749478880204,0.0249011871191554,1,0.13283507627097,0.124185382543567
0.0361033499245867,0.081472857186581,1,0.0863017925875296,0.102411789090439
0.0869577035492561,0.0172014915544713,1,0.0466868835707547,0.502582591964716
0.171665576448697,0.757593626803566,0.819606088261623,0.108827566850618,1
0.0427568096271356,0.0892442020932761,1,0.239276292766066,0.140140760711006
0.371312490038085,0.0545155640528469,0.0773612828970274,0.510691847575677,1
0.148402509152155,1,0.569916960860347,0.810823992937691,0.949086916291638
0.195123036661143,0.128588356384948,1,0.639270019490579,0.242095078561311
0.421499491506029,0.142801085240057,0.592647531209373,1,0.710152055593461
0.302320088667229,0.150291717126212,0.129288910916321,0.224208754606874,1
0.100752844085773,0.670506805244657,0.596597757401235,0.927560177148741,1
0.00607194304805224,0.709077870500985,0.417295910055195,0.707590752114409,1
0.230338512137173,0.0848590438602546,0.735009012047774,0.716131383487202,1
0.370519015741139,0.27587321609816,0.0963992695131017,0.28266744318233,1
0.0145559420461714,0.278375478148452,0.0381100205578359,0.201161248715442,1
0.479721986362606,1,0.87239682409219,0.601267499415215,0.102511128115692
0.183145979619686,0.396559149423428,1,0.323256755802236,0.537164593259826
0.407328315373692,0.0237072604004953,1,0.0969344475869107,0.101405455515906
0.143151112846783,0.0810341984150036,1,0.0576808635439441,0.238269918595938
0.18238339583609,0.198236339392119,1,0.179685272424402,0.125520666315107
0.447581030269429,0.501700456939267,0.20768323238952,0.386476436674674,1
0.0166333424898271,0.134108854557868,0.566949516648413,1,0.135659060633438
0.133488632842448,0.00585881113063141,0.489647282966265,1,0.277766332254662
0.202998096729238,0.383429757828606,1,0.129001519724308,0.197180772404829
0.00993980225768529,0.0894304881334664,0.308840489744954,0.559302917381739,1
0.0195762155139791,0.397843232573657,1,0.477868463698266,0.164351972133946
0.441943411982087,0.686698216362564,0.749814315912927,0.309555310953213,1
0.0467027386259676,0.0467036993669052,0.68032337577205,1,0.102141565304071
0.3576986037069,0.298731562119717,0.351150683754538,1,0.14646570170988
0.195956252692359,0.287481417919109,0.648806649800392,1,0.396985013836211
0.875643404396229,0.57130801069893,0.11660231202965,0.193091515589156,1
0.0495830374970614,0.415055640790233,1,0.309632338633021,0.163999484874895
0.0935264664554378,1,0.621320271401544,0.366968641632931,0.586675445619945
0.288275450131213,1,0.632014359569392,0.454172749373931,0.75255860508398
0.703864826030344,0.53461611787561,1,0.388085311707196,0.559062539008431
0.0581163898493011,0.0583814532744209,1,0.0494101591863601,0.609982402828028
0.369927334753734,0.192949749093889,1,0.0729814801080916,0.683113245994375
0.239705491170908,0.804823629660335,0.275147335885557,1,0.634154946626129
0.134700580149759,0.00733223107643875,1,0.109525603560265,0.574365102424535
0.216303020585906,0.777285614314333,0.487013355801353,0.561403950633399,1
0.230682589814316,0.0999817043355218,1,0.331685432263449,0.572875984658106
0.279248386350116,0.0971751214845328,1,0.655170103710107,0.278400040849132
0.108483379937996,0.370196180223509,0.528822279230243,0.470314677773255,1
0.159512274576052,0.118666068332478,1,0.0307353771569898,0.0711536711647717
0.13898994218842,0.61841859647693,0.0639867170133971,0.178532821987908,1
0.409391679631919,0.937273033675959,0.279461897907744,0.0933029610550318,1
0.070757988326529,0.238490060670472,0.160544887480757,0.0281227728501758,1
0.00825734678834655,1,0.971856480195318,0.761357879078345,0.273593963874219
0.831975555398381,0.537236420838623,1,0.651598545049079,0.098015039948296
0.124133224131323,0.435560123995629,0.295900792461553,0.271403893809313,1
0.307825993782197,0.136179683904352,0.654628292829028,1,0.0574555737048681
0.0743677403398711,0.0240636821810154,1,0.00987059323150204,0.633149792031858
0.18688799611976,1,0.840397687147403,0.870188982918206,0.453374551205833
0.309088258247209,0.764027273070716,1,0.278838127613497,0.39452539056911
0.239374868366058,0.573625151449358,1,0.718641391413875,0.872910661809573
0.206400915055845,0.136002615945788,1,0.356214721410624,0.715101443867588
0.0317249315769607,0.263207008788591,1,0.22050732373053,0.581417533433486
0.408703315115866,0.121867255696509,0.761551542425653,0.536011785717612,1
0.390952006932579,0.193680343703631,0.696767302834361,1,0.136644799167506
0.144905547168656,0.0147674397052491,1,0.305991968125247,0.158492801804055
0.332003055770969,0.616272083829398,0.0771841579360133,1,0.678828222960507
0.255215085667659,0.499289596411894,1,0.467256243659155,0.320415440868145
0.227523730571799,0.110624367517506,0.102621718197913,0.195865264363397,1
0.226781365447023,0.149855165220937,0.943194156630468,0.0258697562994361,1
0.146223412307599,0.954179820727097,0.109720479823929,0.19702849628017,1
0.315752395216042,0.217559212783091,0.279132361448018,0.291180623453856,1
0.00932874905671397,0.128976276430819,0.141523346195433,1,0.0362356205904625
0.24720463237169,0.302574892407059,0.487831643956533,0.207891554165939,1
0.168238574777219,0.000878508563685643,1,0.199214242449622,0.437798452330615
0.20508473042678,0.0106398656999505,1,0.000938370848460699,0.0926990999685822
0.0609663630494562,0.00670938897297587,1,0.679700692061094,0.25018926425957
0.0972271660004349,0.0844242830496743,1,0.0438244750983551,0.378180850376125
0.263458638996033,0.200164572368698,0.846636274371224,1,0.583424215256857
0.118236237663709,0.194378289665289,1,0.316055155761053,0.294750052467212
1,0.122668866841229,0.0542085836469473,0.448101141252509,0.608088828441066
0.0413588896729588,0.0894261032667529,1,0.472563058323531,0.305416244845135
0.144019851490293,1,0.120850568091663,0.450477059720641,0.258085681511734
1,0.0514170111599339,0.921542671258061,0.0674586485259136,0.500702923512601
0.324711639366239,0.0801771495200361,1,0.119751452189282,0.323111155247616
0.238185402000381,0.278224408367583,0.153185857267476,0.0612571906350256,1
0.82652090329351,0.068161797938713,1,0.429904378779558,0.573583381275301
1,0.307631977428569,0.544618594354714,0.811178676524882,0.740530291939766
0.360599718906625,0.349935618384341,1,0.38760159131512,0.610865167418817
1,0.927825032040287,0.124244375155717,0.938528520167991,0.462408847142702
0.0782931818208274,0.16795516193184,1,0.326870489171475,0.0467446129114396
0.768380411288436,0.604649024809656,0.511116171064551,1,0.744587148929181
0.0428993673971809,0.152156641581026,1,0.154814431827659,0.82232480757085
1,0.222711566940007,0.480000957718323,0.00129560886750687,0.490353847640176
0.084581797466131,0.0274549226015928,0.384406865565727,1,0.274359854627983
0.127172729250865,0.196651496762347,1,0.892314711115942,0.430349096154039
0.139140633789102,0.212987982291759,0.065794445905936,0.467543706837754,1
0.00789482118349667,0.131894610950272,0.226257195972792,0.302235868232411,1
0.383002424957899,0.0591498485302877,0.109923338450226,0.62963280979361,1
0.561092736758558,1,0.128891878524834,0.511223859446161,0.216492046354074
0.067815362904282,0.00581357841928959,1,0.143768448758373,0.159241766288545
0.327783730236594,1,0.937482183916735,0.446422735197448,0.617444819243255
0.377774807560331,0.343633685584714,0.577065561746853,1,0.581305812419256
0.676949550104056,1,0.980711615192441,0.528579467486655,0.759826334323108
0.0206040593460559,0.112462907804585,1,0.406945412903833,0.162159680882564
0.477970258282077,0.00567208410659468,1,0.24736635636794,0.33461132461867
0.402989619925045,0.53802193011032,1,0.112765072895613,0.592042213845509
0.0241075906940774,0.365924737166735,0.364650113272861,0.114244789888757,1
0.0660588783389337,0.687563250137839,1,0.249788555707934,0.505672529707017
0.502017049395379,1,0.734228240424253,0.927419502663732,0.611820389011437
0.0695828848881705,0.244062859325122,0.221062652709656,0.506138477581673,1
0.0244041670417704,0.598818778562632,0.983198775137403,0.843803556721264,1
0.0971821236839731,0.0494259197175998,1,0.0967948426230409,0.224466325902247
0.0909077144796245,0.422823281956417,1,0.174307267355823,0.278151426288749
0.329178475189855,0.395772853092267,1,0.549113237757591,0.338640024073796
0.0331638414021076,0.0329772343414107,0.627256973361699,1,0.185355133953394
0.139862672250252,1,0.145620190661778,0.142196970913534,0.652015150702309
0.0431798199658787,0.027633900159367,0.964440979499049,1,0.251997511172347
0.0864685952715026,1,0.57161057789551,0.789408866658002,0.313218395599255
0.115453441417629,0.322660927683527,0.610185704682757,1,0.444262639693289
0.931557772216912,0.232194220298478,1,0.0505100568165054,0.0911525247195339
0.286091349090881,1,0.973037010632584,0.90417281497768,0.724389083889745
0.0642300421354361,0.00847535074356208,1,0.00367220752450996,0.122354428884296
0.00627779041421042,0.0139628645821022,1,0.887177333628539,0.0329804053272942
0.109046907640527,0.00846427476692113,0.64731396528175,1,0.285446964793759
0.207239463713276,1,0.378130362888148,0.49049125252943,0.85968871336281
0.0944760531657046,0.186734835433983,0.12653209059965,1,0.32570741211967
0.52779498787629,0.0540759246039835,0.771312619263736,0.0751052086365863,1
0.0379239873428662,0.0721673986668045,0.25323015421238,0.115987225381196,1
0.0304151744483833,0.279101759427246,0.00899147256229422,0.171591570705117,1
0.0535799641293526,0.000524493808804164,1,0.0824795788829819,0.243459379842761
0.599269878002558,0.0100870834946323,1,0.824519811572838,0.0511345026196768
0.021273041106059,0.44754425419255,0.134499846193423,0.13063488256228,1
0.130089167977139,0.0599596153699744,1,0.516987366299181,0.727045740446168
0.213452976702049,0.00573393096720204,1,0.847926880673243,0.0964396125278274
0.209288413089264,0.316191491042388,1,0.0845764377539825,0.642249414547803
0.334902904368311,0.999138875392507,0.944388784091903,1,0.726582421246349
0.309477945770129,0.977019620988624,0.0141741578368693,1,0.0671843646084227
0.620168413998482,0.265390929499466,0.415416664987867,0.437743270337099,1
0.828562621317527,0.593463902091259,0.701812848574472,1,0.910183873460936
0.159283603022557,1,0.270884073628106,0.099487479462967,0.0406709489717441
0.0330163020091023,0.0630935059954648,1,0.581288679453357,0.132465922894769
0.186176627232681,0.0393545352465844,1,0.0755938771429433,0.214850870926417
0.16895422219709,0.0849001275232646,1,0.164178214412657,0.0934448725267484
0.0811759074673286,0.243845772268272,1,0.759106990923827,0.342779032259277
0.175258963151823,0.25873430127412,0.263539375283089,0.155640766902582,1
0.210793406416157,0.121110065739329,1,0.477695430142055,0.476153281026
1,0.289425185680117,0.0348301433436029,0.320234983204312,0.347265484557612
0.331897305577065,0.747828990030773,0.454591071570899,1,0.194469344248016
0.66952858068755,1,0.71644159685315,0.544437821177184,0.849445044981511
0.612334325997847,0.198663907719518,1,0.322781385394605,0.420510707419554
0.104906829038133,0.0874307636865909,0.270768671155673,0.100411668307521,1
0.325515525871595,0.54594016534228,0.647058200233196,0.798124722349348,1
0.0353068870220471,0.387922743609355,0.479121972019299,0.22065161976,1
0.0544377796372331,0.502676620087999,0.0773959663025303,0.182019639782849,1
0.0509903024164971,0.4071830611945,0.163691529244305,0.768496595597916,1
0.169409963640327,1,0.882690206911356,0.704941266113247,0.878646901814158
0.0366766088570121,0.0287217197580139,1,0.608326791774206,0.00976288557367812
0.831011250404699,1,0.457863925336921,0.364110144332313,0.779613832807757
0.918843318815246,0.0902026852832115,0.693934313972697,0.0191685772573234,1
0.278170640481484,0.0140687649159923,1,0.126861966236811,0.50038162545967
0.265938422138932,0.0556052713824843,1,0.672796581512125,0.24134677827894
0.237487324947131,0.0452510549098306,1,0.10707777624665,0.359718061337147
0.519521990668932,0.233123285899713,0.0665747532452602,0.113380022085049,1
0.902662776913442,0.363339286084182,0.427160597682626,1,0.538819938628843
0.417192563438958,1,0.91627196663166,0.386660352281735,0.392790602996507
1,0.0358631686979373,0.800949816691343,0.825246004132854,0.46745251289354
0.124559506218714,1,0.728328982075459,0.152386419000826,0.92413778794351
0.0862199656832176,0.21769102956753,1,0.615002859416069,0.309038969627
0.298693056944834,0.910075058910656,1,0.860005493369131,0.525016949537656
0.80293935595232,0.667979349249178,0.985746409969799,1,0.38715568880192
0.423099580613427,0.0415778157395801,1,0.173340425995967,0.203952081781853
0.342734027029436,0.47506666564791,0.0482975547062424,0.325036572669707,1
0.0389838262885247,0.328378274472686,0.0778504821914751,0.141680753472306,1
0.178018428056928,0.0502940853273274,0.909896147446092,1,0.161847652159024
0.479680482685977,0.0248355422397977,1,0.610952211146173,0.251156598069697
0.225206100055507,0.337803406376149,0.284730841653035,0.0744864871732721,1
0.266811790457294,0.999706775647366,1,0.453519003964207,0.772484101139016
0.782805534472393,0.441266562531364,1,0.0335174066267063,0.854887643894505
0.40220364481024,1,0.539487425942879,0.226522759635886,0.0878216731680044
0.069653104354834,0.433283769148673,1,0.405746104017492,0.0750495504341144
0.183646898335283,0.138401807844432,0.549300591504792,1,0.230484710518812
0.144259762554761,0.846103226470148,0.536163007599328,0.328497137325253,1
0.00398363345206522,1,0.758380048695239,0.479711661607444,0.0587533090565237
0.606989123862359,0.0835452878013736,1,0.00648056539192483,0.144875751703045
0.216821373634081,0.210189886835141,0.308803984147403,0.547809332331023,1
0.0387596999378732,0.046815751859529,1,0.216528145729069,0.318385306579149
0.0107012765342496,0.15527665338859,0.769197359191296,0.812259746013228,1
0.288643449602937,0.594654559969656,1,0.258154539673016,0.744177375166121
0.393008618005405,0.323855996727086,0.494077998677826,1,0.263030268302879
0.0296834861282606,0.372371901563151,0.924381791218879,1,0.116681241976462
0.268533805248854,0.0786301393910017,1,0.233718172670256,0.174312718520283
0.143927141917782,0.337409019160315,0.240906008136187,1,0.510250814970296
0.326045846876056,0.587805036738955,0.188692267237343,0.670297450097633,1
0.203316152505558,0.85092779820265,0.438776362483271,0.23467170708562,1
0.19822690270092,0.455340834678001,0.901654054159371,0.0417306281527555,1
0.536321111259934,0.198616011017499,1,0.328363058823456,0.394606408022468
0.515512872098928,0.153633932409304,1,0.04302180083867,0.110724354926828
1,0.239298672445581,0.760591924940873,0.971874458055856,0.308376517267025
0.149439177806141,0.0752986997191398,1,0.154282103414318,0.259245494857274
0.514449086143126,1,0.721478416035384,0.705336791654057,0.79331677720586
0.774344647334568,0.25367063759391,0.100300783584532,0.277599628438721,1
0.0565464572668319,0.532499251247697,0.744356489241495,1,0.417463695189184
0.694548022935405,0.199925902937744,0.657760435545823,0.273969760049897,1
0.211123115135045,1,0.362309079659959,0.923282167315168,0.16628395002393
0.0878265275451221,0.271442710605918,1,0.53787396606926,0.231619457538652
0.0505706754593496,0.0121743604965442,1,0.00460019505225194,0.159467574019396
0.00842695506198151,0.136194640767334,0.558026270831101,1,0.0211982763344979
0.178449091993847,1,0.696970034497447,0.0603290018863271,0.789567552463032
1,0.0639270343432679,0.82928228450074,0.324259735048994,0.746237896430151
0.134170432774476,0.425008203027431,1,0.0824078779403338,0.550347115425569
0.495903838291161,1,0.654233887303172,0.116071845229148,0.572848122235694
1,0.0991292269586671,0.892908295940407,0.11488862641031,0.233778157562326
0.854251884132179,0.142108403103658,0.230230728198306,0.179868091017748,1
0.223736371085304,0.161612694022907,0.109198837771415,0.460907822508741,1
0.293495310995929,0.306847505338768,0.195014189142671,0.518751917561629,1
0.327462419460995,0.76141017142798,0.584673070388539,1,0.598036221030556
0.445876551295805,0.101869225255525,0.773505082980091,0.707497802810276,1
0.0117538181798478,0.0183260943752995,1,0.182294876409287,0.104852364554064
0.23404294047445,0.249514079273172,1,0.21853252530838,0.209548494554666
0.860632859566318,1,0.818355906878319,0.827382470856274,0.580058838296479
0.124763707956989,0.0131234614868353,0.0804393152025344,0.258245440454886,1
0.413954569128285,0.518265042814544,0.426996968091408,0.714598848276477,1
0.198001231624318,0.393889563392877,0.222058536443288,0.205475093028654,1
0.0203892081857326,1,0.379660571395122,0.120844742343148,0.90987920087179
0.185381521631538,0.0822154640098646,1,0.728570210738156,0.577223497753352
0.0964040887895669,1,0.537351559059855,0.278575356080197,0.299847499044738
0.302409628346865,0.675072858219364,1,0.232742602682216,0.686747989708958
0.0749154499315865,0.711155631960424,0.515699071339361,0.455742226819233,1
0.0144954086981742,0.257409813582595,0.759689472770767,0.950258359852732,1
0.31380502332197,0.108268584507175,0.116828265795923,0.299151829366282,1
1,0.069007077404303,0.159934932787844,0.81592618064889,0.513126912875809
0.00154905507223958,0.259944977021622,0.871344410156735,1,0.326578688587694
0.19700608857337,0.493365360609449,0.979143317018859,0.550327842675706,1
0.202524645033289,0.0240740748697305,1,0.0169438943124523,0.361346843310124
0.223419675323361,0.194315778649491,1,0.0793995421757453,0.739278554639999
0.033218448181249,0.0297931984493573,1,0.0842393146542481,0.215704890869091
0.0470935425309727,0.0323843076131863,1,0.106493442934558,0.148146795916645
0.138147681210209,0.211480826637637,1,0.252418592313936,0.218762014188862
0.0450815197433039,0.0595383188613118,1,0.25674820274573,0.282384732527206
0.0827324246141763,0.554524317013582,0.229539237116172,0.616810456346111,1
0.0638621177973821,0.0209884737523113,1,0.101203582579849,0.140988856079528
0.102160466993227,0.73728115505229,0.154573068303682,0.267328143059548,1
0.179944358077428,0.146860022234997,1,0.989140865056087,0.357254549170071
0.0415976168264179,0.211128196502907,1,0.189827862892325,0.395832282398021
0.0783256753350911,0.221943134988917,0.167957299805711,0.387724094067392,1
0.000249703297760774,0.00517282096719073,1,0.416159784742726,0.100929388083658
0.00311308486512231,1,0.948556506352622,0.30984734286997,0.39878283030347
0.162511510046975,0.0123619328764775,1,0.331184070818506,0.180444066801903
0.651508620567616,0.354325361461405,0.844205851533177,0.0209522449881381,1
0.20573314410534,0.0177739870200662,1,0.120167269767941,0.106490442970266
0.577391228762533,0.246023206395199,0.097132434415255,0.345189811025369,1
0.284108810291263,0.500588116453335,0.0689036073799538,0.886953563987791,1
0.128471066769787,0.619259988248932,0.3413226086924,0.539457110059596,1
0.0749406112790327,0.783843082163615,0.795308113778984,0.0755982984734532,1
0.348195797561776,0.0818273777972924,1,0.0101127618163932,0.328099325545319
0.101389087752533,0.11312241011331,0.103629431313441,0.612929003188573,1
0.256198153923571,0.0675908794941767,1,0.101905095574883,0.0728834193425277
0.453167181499921,0.632403183679239,0.367626507395097,1,0.6919131454215
0.473020712125883,1,0.37090089556267,0.343583620404768,0.121194465398734
0.889913264678001,0.933315742290096,1,0.695516576072541,0.842812596906334
0.0211628762384134,1,0.48663533806645,0.353281214807316,0.254747354631204
0.190970201725119,0.726686172285005,0.166041990768806,0.474694962208448,1
0.10172011179389,1,0.521723662489733,0.158097199850984,0.498532789587934
0.435064980964801,0.0388221670052778,1,0.0381711088364972,0.432905913906668
0.283427521344654,0.751505658853981,0.497499888830174,0.834080671848307,1
0.110226681031596,0.00959626878597436,1,0.101266871868389,0.430040870840608
0.36504223566779,0.389824387948448,0.276245763761397,0.238962958349999,1
0.214656342222777,0.00460052234860074,1,0.174797404705474,0.0809721273445479
0.237759390743704,0.655329936097851,0.398839616818663,1,0.221431161954396
0.058197230898547,0.127098404515459,0.948211325246811,0.694457766620006,1
0.1262414602462,0.00803840567836821,1,0.303247001308554,0.318545274053774
0.0502250895431076,0.0974905213489923,1,0.617542240858574,0.467532572838522
0.14285168644337,0.50837962964234,1,0.500921452296442,0.301724628701142
0.487009632927292,0.10661430607788,1,0.593094999004571,0.786184234520022
1,0.0669902854984881,0.629303414675862,0.421698148795122,0.664918912234585
0.302426008692234,0.105131211199085,1,0.0237189205139358,0.222449037577722
0.198895620308067,0.709871815416468,1,0.245302781110681,0.457176152908874
0.174473157183916,0.13378380190431,0.454962408576195,0.439029196395812,1
0.152510350800561,0.0790572974462392,1,0.492897211697938,0.275769197520582
0.0869245448306227,0.371063543849708,0.308658108303774,1,0.3261067438243
0.188713040616784,0.254644851598023,0.048397408703445,0.430732341211749,1
0.931698049664639,0.797996787775003,0.0579676330749522,0.876398776759259,1
0.0964923045383606,0.536556802005339,0.632828836428091,0.0982901567858799,1
0.0769402975631535,0.599014916685435,1,0.26485623627315,0.737164759169285
0.00634558957738285,0.104685697216738,1,0.050624816655392,0.403289995501293
0.0777728392472551,0.0110389568744579,1,0.635401968589936,0.267726975846079
0.322617226390263,0.246570842664374,0.235307833038961,0.284113331038785,1
0.0808911154086034,0.943233099886929,0.844483328757938,1,0.0904533358090152
0.676634457249496,0.371203770403896,1,0.124009617382228,0.310222496998908
0.280509174353485,0.131779554183542,1,0.00628863537632598,0.38037979170133
0.375099391379293,0.374480389678695,0.524112991833795,1,0.678742878554836
0.0846527240005836,0.31516115793093,0.34158944634893,0.0927163858876972,1
0.971635582949283,0.930982483633996,0.585925811247192,1,0.38946728118423
0.741268974216461,0.645782970255467,0.977138694086704,0.246253357554945,1
0.00241155822289473,0.0448690251617968,1,0.515086939877113,0.121882556536933
0.0887877055210626,0.0340159840724542,1,0.839722341467503,0.221141814643295
0.399074925624376,0.178135678340164,1,0.211107806606296,0.339547149718228
0.658580402020321,0.537472149017386,1,0.976892976782519,0.092888539444338
0.117745899672459,0.0893270075198884,0.993081438136185,1,0.174360227099936
0.722859248915463,0.260230534534426,0.450437066616086,0.697309612995575,1
0.103541459551096,0.633771176656123,0.0120341309003749,0.818472207852743,1
0.0344715195775688,0.0759153779224743,1,0.0805703961896281,0.222696767047572
0.17395160306052,0.370392637830376,1,0.921823587386476,0.846909400342688
0.501938292021932,1,0.74595264543535,0.787940388996656,0.471083227832122
0.416416190575721,0.119204239707391,1,0.527603355192629,0.560065391703269
0.694857507718324,0.191007721967064,1,0.239307804120172,0.728798358863779
0.0249365215635998,0.17461596942809,1,0.687641364147765,0.104603306600079
0.219058372929485,0.508731831496855,1,0.813014554774115,0.345426428008688
0.182450439326649,0.11841193501961,0.0578433569462223,0.095189861510344,1
0.199933298566404,1,0.531823421770951,0.569389221783021,0.804928619842966
0.0342546508946288,0.0178328276198443,1,0.065965808046653,0.230974559381467
0.120130652761441,0.804695561673879,1,0.455273901767139,0.503261130604745
0.592548197847591,0.733104395432449,0.440029951366139,0.807421033059096,1
0.274299537946145,0.528090165048645,1,0.153197934374618,0.453310227084464
0.172849956196093,1,0.166900811109349,0.27407863672751,0.909198237645835
0.465417749707426,0.137437804259456,1,0.0130311590023012,0.109224531214262
0.323808312316766,0.583714734723922,0.0138916394425171,0.990413768859756,1
0.0512016289950624,0.00349158108955072,1,0.926750417784237,0.118370298861153
0.177384611424549,0.000664014080033157,0.623523582011851,1,0.23788465740399
0.118204221703588,0.00561816118692482,1,0.282500654729979,0.209664692357578
1,0.192126371476041,0.560270144344541,0.338866015238872,0.24942018375045
0.800100618128292,0.131279899777107,1,0.597455756795088,0.522764749915493
0.294917531631511,0.0406751211948966,1,0.0468465814681615,0.169464516425649
1,0.726943930880078,0.456874165996099,0.598799193645327,0.0530949289940418
0.376687457713472,0.358867340278518,1,0.0941509152143355,0.896689953819488
0.323862309371444,0.0932452680853577,1,0.308644606313903,0.269246846365865
0.0494343797835599,0.761319669304317,0.35484125590073,1,0.306111403194758
0.185503968532057,0.00745624299146147,1,0.0338323561956149,0.0883574939355566
0.63461902312126,0.107380880121233,1,0.109942655037564,0.484217598918966
0.0804544606358962,0.390123057468655,0.329326483816421,0.206500883845884,1
0.113947154334786,0.126506346665265,1,0.102101891404766,0.558996373385726
0.0879419361340885,0.297769467716515,0.108180122721118,0.245541295491036,1
0.832365596986654,1,0.479889020540967,0.96621160692914,0.441861283739886
0.331168301646317,0.0244897191937955,1,0.0405397174120002,0.190416664316704
0.468378102141862,0.80151061379049,0.129742017115002,1,0.858537252256028
0.104232467423686,0.131166846268388,1,0.126986024830391,0.19503000634513
0.0860318574797348,0.206705139199678,0.208364743664439,0.403197596815063,1
0.196440349169169,0.279116796218828,0.788153169034347,0.20378978058211,1
0.473545686020516,0.291313284804336,0.461418403570049,0.327221155677543,1
0.0920787915575064,0.0385498596353489,1,0.0424126928210138,0.432578641752936
0.074274638335574,0.206619251863385,1,0.477701612438858,0.49956966147719
1,0.145159916720778,0.381288425808367,0.819331758846527,0.0456554854664646
0.0778530425314092,0.0908021684334458,0.774537634317153,0.543909218206233,1
0.730614452870559,0.627679770734453,1,0.757965483123296,0.596071804560369
0.118489818615033,1,0.776068138707746,0.592223217341417,0.387010956231052
0.123927690507952,0.00591715781565101,1,0.590510931396421,0.354414313609901
0.078202801831296,0.663052727988316,0.314954283110585,0.530810347276377,1
0.318121644380838,0.0137943240286855,1,0.784247351728265,0.216692781533531
0.0419298598587377,0.0173781605071634,1,0.126904457690388,0.0696452088752693
0.0950937432827768,0.0706990010067417,0.823880351703172,1,0.525638693993263
0.28133593071291,0.0360006794934772,1,0.0606344708728009,0.104412663810003
1,0.7879873060842,0.968824906594128,0.665687610545895,0.517512955575331
0.268280102999478,0.399740889196845,1,0.0426038525088561,0.658428081327588
0.215051783795881,0.462586062604171,0.677596983936435,0.42272144668874,1
0.0686548783871296,0.754465869680458,1,0.475253004586661,0.275081929208463
0.0861393303970467,0.453568890038733,0.196617877863677,0.271620699635737,1
0.0196093904583931,0.783214558869575,1,0.754375496084915,0.226019620322865
0.347147957787098,0.648868125660332,1,0.143742178151455,0.42133765248485
0.0261322160004134,0.104241705527063,0.146150480105855,0.10162691677491,1
0.299942429366151,0.0782967777583619,1,0.609783407773252,0.317206701796843
0.143649132205454,0.836376810689843,0.371428172052509,0.695369864048706,1
1,0.0792900165273172,0.697527969735776,0.0452576184734787,0.844161359831769
0.10008833180403,0.107947979862996,0.516549319613884,0.285050155806166,1
0.201701671054897,0.302718366429836,1,0.177023844183198,0.196800431367808
1,0.28682797802673,0.0952117155044317,0.108446318771196,0.255228126254414
0.145054590393648,0.0083517384777051,1,0.172538700559319,0.13447616383698
0.50976206028629,0.975389365005555,1,0.591465147277319,0.729970137799387
0.0624669068955844,1,0.534380972480923,0.225472345430974,0.151135938094333
0.085778803318444,0.118143565030181,0.638793459698633,0.666786992677015,1
0.495120258024813,0.247243501381756,0.393211178854246,0.390231077125295,1
0.184413605312073,0.100788350666932,0.449152421956557,0.0986223910164004,1
0.743655525123118,0.428928051368993,0.302521037861278,1,0.116944187065147
0.042017961080206,0.0537387462687696,1,0.047910182744385,0.172264973481735
0.328573541787301,0.14759886475169,1,0.0224538947665389,0.238097138210085
0.104606554308214,0.125179217403183,0.943482178267635,1,0.133395054626516
0.356408169866761,0.567666145326382,1,0.160269051509823,0.104739051379568
0.0708605439126555,0.907197493448028,1,0.14993015580479,0.87995773280296
0.245822611815687,0.145662226829326,1,0.407549897770245,0.536230026972974
0.846619439807377,0.855315012299859,1,0.651777680482131,0.82636162555457
0.252474343540287,1,0.622841737575039,0.184529846419481,0.793064058764046
0.234820495195923,0.0512129280208682,1,0.00857117564120191,0.0713086516853857
0.553251222027904,0.507551987137609,0.506796688901301,0.538338859442473,1
0.466931014876016,1,0.367639892591836,0.424733100533979,0.635007506249028
0.00870130668469596,0.295740685249331,1,0.860539073661792,0.0580454343143487
0.00523039479088295,0.837967691650702,0.752242405443422,1,0.324087408843587
0.466474513661922,0.236261515884619,0.794138539014458,1,0.0113776426578107
0.0758862310562508,0.385856780870575,0.133979042201661,0.620098942721163,1
0.036823880370177,0.473769900039446,1,0.0928800754987955,0.0551500602184554
0.28459577519553,0.543568752998791,0.17081451405545,0.373177942967342,1
0.399448271468966,1,0.854031970045637,0.456955209795572,0.554942991439011
0.373825469435226,0.610490512093392,1,0.325670378582913,0.165891160306921
1,0.0780466839120649,0.312577649907938,0.47207936575083,0.0228718664083061
0.0129450674995909,0.0275573019381945,1,0.271802703884344,0.160082048162384
0.231602069180836,0.223792053879848,1,0.294522633607664,0.251381475360127
0.0836325891959714,0.12722987871494,1,0.094507696825902,0.494591965069391
0.0758512745204938,0.154768251747892,0.175999903221016,0.340516760350326,1
0.0265882099293206,1,0.625747508773396,0.437850195314504,0.330472611334808
0.0130877527572824,0.396114067445489,1,0.607693467326925,0.176665153896953
0.148026872055568,0.30705589895673,0.751297522059228,0.405505521674269,1
0.404484640885319,0.10867075035366,0.486522348172175,1,0.496425468750029
0.0657882561418998,0.108536968338818,1,0.213301569316405,0.0981989012328687
0.0816522888004411,0.297715339207342,0.939663820606046,1,0.733161178076256
0.616296958151115,0.345613401018106,0.239120969963976,0.660789691064566,1
0.101800515288824,0.0723780014966553,1,0.0221775465215586,0.0526416745770884
0.0520393106853538,0.12432243663126,1,0.390417115033026,0.157889334929355
0.0923470328828608,0.325610683955022,0.127826233833585,0.0294700074654162,1
0.105609181854102,0.0194890058703838,0.690639808878777,0.0515909716975396,1
0.265998101490944,0.17794788851193,1,0.127197917200238,0.295706768465652
0.12597793331271,0.0545451294812859,1,0.0916760505338673,0.100851088133257
0.136152157755424,0.184047194358922,0.413695684551528,0.389723511462275,1
0.0301397724807333,0.00836190030395241,1,0.593817955325079,0.369548029450688
0.0182440247299778,0.197189838839056,1,0.0362702336536102,0.550137402952952
0.0064559154226307,0.0927330178253307,0.816836106681331,0.00692740928739468,1
0.0479746652807025,0.200853659043653,0.010535120071375,0.18324614362766,1
0.149921107129966,0.647086289782195,0.35218307544846,0.467582741624868,1
0.049657643652936,0.124859774876385,1,0.0919347662175217,0.121085347654805
0.0446534153846373,0.0525329235717538,0.673430787644378,1,0.244566975180591
0.394387975922594,0.571416630740956,1,0.134834989957583,0.932804172835821
0.209250841946067,1,0.865425263333204,0.667832512280513,0.0946743493834034
0.31545326607211,0.112297157428517,0.145039830421487,0.427052371042013,1
0.202146424092095,0.335000087185192,0.667634630056304,0.197811577209425,1
0.194879642723357,0.89943868526067,1,0.929793573119497,0.194905061007588
0.351493661145461,0.301317492158203,1,0.0600170142757388,0.774624091553201
0.188463904841476,0.0734642795888099,0.41002179822238,0.121302933278153,1
0.0790391660146929,0.194856914484394,0.179847385483584,0.228604940905227,1
0.0611869287540039,0.626291458472249,0.314041478323116,0.714915528237317,1
0.0368066926575939,0.00396134363739577,1,0.302287079686189,0.0887566634142343
0.33692170363484,0.778959989160042,0.628492110276316,0.480667013405481,1
0.562616918272011,0.740861969492766,0.28066421799417,0.455937306977531,1
0.259796161574979,0.0633753148071873,1,0.19049757392154,0.251079321601227
0.138658711853695,0.664561246045614,0.425349075870301,0.0922198048935801,1
0.0105631175961351,0.325349569474575,1,0.541487713340036,0.25495852354724
0.31242047323915,0.115408124261406,1,0.834952765975227,0.137506572793497
0.0351793663191985,0.0117817169067039,1,0.196713158075257,0.148776886600884
0.0353549713197904,0.0853378972645902,0.182560615039491,0.222541242604345,1
0.242727012708941,0.404507980614276,0.6134416789982,0.208610726326457,1
0.551927459917939,1,0.567200978091127,0.871408290303908,0.186600137143265
0.383788419438582,0.518507224056983,0.696848612253134,0.0969639296091294,1
0.340484923177446,0.313402783110447,0.348917652168165,0.714483509261115,1
0.230803446860772,0.403494123938499,0.229512375618237,0.317217940313318,1
0.0456572912933234,0.129267449303205,1,0.0214195078079745,0.265614463392205
0.0339797683694801,0.153013545200815,0.0115420251352786,0.0872839418383102,1
0.163412014753652,0.598913764230509,1,0.309879635539531,0.578672073363872
0.302116200321587,0.373745295719571,1,0.453429108591371,0.430680309331774
0.343285277608469,0.808709629576298,1,0.337236307770302,0.137067182958158
0.264231613673404,0.216083189432959,0.321337522566305,0.199173781403424,1
0.120664259247355,0.170658235331138,0.161161937979671,0.202132612533356,1
0.170117026514974,0.333788052459849,1,0.0246847719761534,0.331080913708445
0.738590037698492,0.312297478398993,1,0.756622689388101,0.0964793811235869
0.220900634226603,0.0366816775232794,1,0.0202029279728423,0.335386090109621
0.00923375815807028,0.0761973514560222,0.537134252597043,1,0.0293404256919408
0.00990313530973924,0.0272481667485654,1,0.883356432448536,0.165348328623559
0.552573198519435,0.00999551369704807,1,0.155637006276956,0.404103387581237
0.0951593910976858,0.158102705259123,1,0.416733219633816,0.590169615680835
0.0248640056115153,0.0202169193686896,1,0.179909344300713,0.103946281609128
0.642336155771677,0.35631535758185,1,0.538285167556109,0.583382764736012
0.280552253691591,0.230638415287363,0.271213129700522,0.557271299003541,1
0.237618295081233,0.202263051787516,1,0.0747941161430568,0.349810505826462
0.0382075335641038,0.262493646735923,0.128703611149641,1,0.154975904598482
0.573412011056914,0.411830861782949,1,0.171465435930411,0.955613407225159
0.761879905027882,1,0.0525067744236491,0.845896441074157,0.703834736620953
0.175160241579949,0.0601079571360679,0.174907737288728,0.203993588788331,1
0.188544256786952,0.570690532271128,0.401702775363704,0.749149459995039,1
0.21368222762367,0.0494459899789523,1,0.0983652905644776,0.0606760101572402
0.0463730261997442,1,0.238893004043193,0.627820387300705,0.742956431872521
0.362861897439171,0.29975031064055,1,0.384074616896021,0.682234108551564
0.184544560744121,0.0824458177661359,1,0.0857808061644827,0.315931256646224
0.374171583980975,0.906430479379875,0.232608801078253,0.973727746329027,1
0.565260085723105,0.0205886275725582,1,0.42907071350171,0.285948817403355
0.0060824680551073,0.00354898894280216,1,0.197102928197873,0.255036804313581
0.0157532217882678,0.0720843015400094,1,0.102637902747366,0.211111918331859
0.0519503362146313,0.0327085454391056,0.0254270773129333,0.177559334185412,1
0.0524809322851243,0.0366735558790192,1,0.0352238947911359,0.249154283118494
0.123165162797879,0.0218878426194564,0.0800845931279963,0.10615038894777,1
0.0877968415248585,0.344217561479431,1,0.970198328906961,0.655918370148538
0.330530115367764,0.0938866097669335,1,0.129217000407865,0.580086267090302
0.027819135587716,0.635938522995293,0.387285425307888,1,0.862016764802493
1,0.538682938599664,0.730245173801261,0.0456499830108154,0.341271439275415
0.488148658498183,0.820996156863807,0.71927797805156,0.648016883109996,1
0.26002683025469,0.085444700837838,1,0.338423325388936,0.524761812196896
0.499998303011416,1,0.0780549151108281,0.210691848407352,0.227294333825854
0.180993617850691,0.567634683745083,0.135006644526368,0.0851163015249007,1
0.147466461910733,0.0760785300211975,1,0.023811913634238,0.290450391336176
1,0.0982315352202937,0.843787023766133,0.69136620962555,0.779814664597404
0.635944190129248,0.0499455781386022,1,0.220642740424002,0.284617360989614
0.0513786507428996,0.0694777254103867,1,0.0570045319127354,0.0958188714848267
0.24844824745915,0.294453199840072,0.509018727923879,0.47704417145269,1
0.112567722284645,0.557306174579001,0.00514804786655277,1,0.225970841925632
0.0608846960075507,0.670122111700119,0.604903230381115,0.819428918295185,1
0.166440355597175,0.183765084108928,0.191973588545441,0.313449558952687,1
0.0730132310960213,0.167256591855715,1,0.112830336659772,0.450452191843574
0.000202472511681075,0.107301623975319,1,0.415728692672915,0.0150265817803934
0.449308088341159,1,0.220321257755737,0.994975222429944,0.732251621958355
0.613264384485641,0.148003863202248,1,0.408347329549819,0.700152724927682
0.024299577557123,0.542952836133124,0.0532247083648633,0.302409827057131,1
0.101904506232014,0.319221240697784,1,0.238390621923261,0.308679455256431
0.268861692345541,0.219696595689229,1,0.0276938276229788,0.777748472806197
0.00558951762207219,0.00640389781906632,0.0946198009961605,0.299273644546839,1
0.0892459702646015,0.0151763163053574,0.784606285786925,1,0.37605952026213
0.101813449900669,0.33485212993253,0.0957495843387456,0.34868183960953,1
0.0467877120150448,0.172181632780806,0.385241940083589,0.431186579388966,1
0.173461652278624,1,0.407714321778476,0.760399378189029,0.48739843651268
0.231285963715865,0.103527836280486,1,0.220838722933118,0.272870752112246
0.287454722435156,0.191271212103303,0.480830333680602,0.542704095286084,1
1,0.520232822817612,0.535669121662731,0.421842674662193,0.143992009385904
1,0.331166301482312,0.753851369231198,0.520097804783849,0.66215256493487
0.269498234974272,0.400388328603082,0.312052193688407,1,0.425918342321676
0.0854381603478774,0.0330386579645805,1,0.0778542083083456,0.196020046401631
0.0603038206958939,0.00725697085944337,1,0.28462081487674,0.209675427115277
0.137868389029745,0.747375402592491,0.772907105221208,1,0.743629236744715
0.195224694587729,0.166721923494844,0.776509819144434,0.380135692614464,1
0.591264544286441,0.120228086812406,1,0.022493192784395,0.5200419050309
0.124697665961139,0.144341181481938,0.275853000743113,1,0.349746315116809
0.911224625191774,1,0.284374023736277,0.730062477065335,0.683781980453873
0.074532289809224,0.0398230330678981,0.926694505055863,1,0.15823787233333
0.581893686846975,0.267970902930961,0.0380939214061415,0.118735471131328,1
0.806799322428833,0.579492689117477,0.122947389125313,0.681694523862241,1
0.0487084695815411,0.15397731014315,0.304310635322467,0.126472023166458,1
0.195867198638804,0.986625010752042,0.660141711178633,0.374053107105234,1
0.115114521968093,0.34148451025491,0.284106103179153,1,0.102081161606278
0.243859293345784,0.42015636442173,0.389698836708896,0.0966400368364288,1
0.736281522427858,0.00982859434365321,1,0.351177543043037,0.598313955794186
0.077992388676842,0.0798747983853577,1,0.0513842360160904,0.272749170109162
0.0452677901521683,0.522889953005828,0.899914296776166,0.599251775706001,1
1,0.00636901551481006,0.27219480682679,0.128914598530278,0.230266762798711
0.00966369324301983,0.00583827262804613,0.528562283096851,1,0.0336643467348476
0.111323649130256,1,0.555689269612377,0.832624340380364,0.405065866584111
0.394379227654621,0.383700118067737,1,0.668854151381042,0.134382606902828
0.0331471143191047,0.0296312779932003,1,0.646963124729452,0.58411537500956
0.0273381370466315,0.444218709099254,1,0.671003756128759,0.273194148940207
0.0757593757029113,0.608080144866134,1,0.175045571069866,0.201385767678637
0.0216746601104271,0.503480345734815,1,0.320418240736786,0.536689347249328
0.0437228931459202,0.683435742968281,0.290682331638203,1,0.913305786781692
0.105925456215465,1,0.0488779839469639,0.312621689056593,0.748316384582776
0.321644497447662,0.0376330592364585,0.667330499928791,0.199971582003552,1
0.119260046119251,0.36984822957988,0.0841789633746887,0.167214069909159,1
0.304213448920306,0.113419198893733,1,0.0441690622683601,0.860555943603649
0.456225544070442,0.234838938296434,1,0.0583371488094419,0.354008464080772
0.341450888383867,0.0189369300757896,1,0.0475661687871439,0.0576153069704072
0.354343401527531,0.613859307816216,0.370708469358107,0.35279216002135,1
0.344241826577526,0.0345748432324734,1,0.149672318427623,0.182076279727789
0.287077430482156,0.710769987076971,1,0.273684777782108,0.518631792125991
0.61306588451581,0.20346915474463,1,0.116490435204124,0.44169219838499
0.301263344491624,0.409257716943679,0.281017777463195,0.272171155603987,1
0.0952220623057075,0.0268383402827118,1,0.274257236770265,0.137531174207191
0.216262199697438,0.64342204775694,0.600385968790579,0.236144839473177,1
0.000576005312009882,0.0330546307866237,0.546745315401808,1,0.177859723158631
0.368907772223985,0.432519134679591,0.278643550889664,0.183912833535492,1
0.0975543688366131,0.0413983662531728,1,0.00332237137858172,0.512211624792292
0.241363440795735,0.319729513615876,0.31066389657794,1,0.281365851063401
0.0638552253618042,0.0735573739152434,1,0.326406297696621,0.362615182758681
0.0880546291912106,0.107529787426883,0.683905109884536,0.217695815142983,1
0.0802559080331297,0.307649166000181,0.141950729716143,0.364302300914804,1
1,0.456162788067255,0.835128333985002,0.545471267730242,0.272678918249498
0.41566790450134,0.215455002773456,0.370630793360222,0.38217842863798,1
0.0348976545656832,0.0507290712394443,0.479830185341229,1,0.0641072854268765
0.0684336190012165,0.23820404016122,0.24022982436993,0.0831190119361339,1
0.185146661099745,1,0.240254963183103,0.126186347034202,0.0945809401181149
0.376673214857486,0.146266846741348,1,0.152532289258723,0.27467795164644
0.46984358026952,0.00116806228317752,0.833484441103895,1,0.0992398112348879
0.241136734308462,0.626522439531281,0.590517977414361,0.398025173119153,1
0.0121213287734677,0.0736246472146751,1,0.452976723963456,0.436478816450524
0.314127482879637,0.532792284144502,0.298229255238267,1,0.172682290983318
0.765824069219155,0.0606872548478615,0.913303542635415,0.138800563962672,1
0.018527512086423,1,0.419924386880266,0.178005192195891,0.685988238300004
0.196039027103851,0.209659099035555,0.128157189178399,0.760518140336795,1
0.789606891711617,1,0.595054127957185,0.519971128932261,0.469401636262032
0.0299009687088335,0.739736223633912,0.311570754304665,0.168134745498706,1
0.0286946282790563,0.00629397525979856,1,0.0409873015747798,0.575050894081213
0.0605583275818122,0.00875327885938896,1,0.357660760689289,0.367654671802902
0.426323982530529,0.670118193561766,1,0.64103312117869,0.739945837883025
0.58095512002929,0.0123364225348481,1,0.0210292305333045,0.844718881176345
0.251094501961437,0.230363416683953,0.140755848025384,1,0.383559815554808
0.046216247957931,0.117188377225417,1,0.165034865484015,0.354422278616667
0.483112249723152,0.693254358483222,1,0.832709505715009,0.851337142189836
0.105280101489754,0.410004299607201,0.035915420786582,0.0735420022687673,1
0.220843236169213,0.209187160010085,1,0.34090947217787,0.242691375514884
0.0374778932802157,0.153713222296675,1,0.259548556352067,0.686329865173745
0.343121385407733,1,0.753026224605249,0.883678783761922,0.298600041769807
0.030404524284062,0.158083037672378,1,0.0932633652423284,0.440860127568078
0.108918604961747,0.973749420606685,0.290190307838899,0.825291031403967,1
0.0521464810249479,0.0475663370176901,1,0.177784046808364,0.0811488489460877
0.289480133847264,0.0233044868175606,1,0.252122869656085,0.124050527691553
0.134393020766354,1,0.557335951825032,0.0582124739981594,0.29113964693825
0.298346107120996,0.363880006891842,0.291829658388262,0.914321421291782,1
0.153411727798932,0.558726064444054,0.236220322873449,0.196419277618183,1
0.203881159070634,0.886931601292151,0.43838469266749,0.920526817192797,1
0.167227604650128,0.107851746560633,1,0.113774270774628,0.433687589063924
0.139563726463872,0.0834821601492799,1,0.38250770148885,0.584744461547953
0.163093002081668,0.0746331755867212,0.397944149665998,0.255729111985085,1
1,0.572363448297505,0.705880997947493,0.829842694084699,0.553786599468956
0.620684675118604,1,0.617107676993097,0.354246613490374,0.698557501909518
0.0634219490737669,0.763752119799313,0.732963861751754,0.484238194776736,1
0.740765742349255,0.0220728016458227,1,0.263519694485228,0.559418591782009
0.519124648915599,1,0.679429547212135,0.15593484178822,0.35353312054359
0.24213279093726,0.255863874904423,1,0.14940538002213,0.135758200250384
0.184998998807807,0.0292096355653913,1,0.644643543148311,0.201751953052173
0.0339696376954496,0.00827571995199674,0.454032962733436,1,0.0598659042224492
0.00103184824907564,0.162850097148165,0.622841074213795,1,0.150753379120129
0.401640527971897,0.354046168806419,0.806786826113404,0.466693967779223,1
0.266899487723095,0.175131639950233,1,0.482743167775001,0.607493482555159
0.219380580633465,0.619666506073277,0.14267368460523,0.682228789234909,1
0.195981858475116,0.11660621699831,1,0.157902805776926,0.449911237161123
0.108991778935541,0.0165838903838248,0.507584125961287,0.212556373901841,1
0.341552316751917,0.541188080796149,0.321313198949138,1,0.30254168757835
0.459044411457069,0.0639519100140458,1,0.038766536718484,0.0468804117750355
0.246515783830326,0.197738918980279,0.405746338401493,0.521750610892512,1
0.175183315959746,1,0.287588928061114,0.506694615965144,0.973104287373087
0.0912178506127613,0.192500242371232,0.335303292243616,1,0.11907452215849
0.316153447876819,0.406052308614285,0.28142848083274,1,0.295159041308061
0.311337648059362,0.533753810618611,0.359348999813699,1,0.941252419745155
0.251390480294236,1,0.697716818344016,0.0895090973795659,0.373440590829768
0.346428433151183,0.115867925876485,0.845246707841635,0.288590363070595,1
0.292107923830415,0.11138104795374,0.774901692985316,0.634424724228382,1
0.0144984019530571,0.385979356113323,0.635480938222347,1,0.166351880734131
0.795658630947209,0.261119117780486,0.983171840675384,1,0.317610236154431
0.460402457555855,1,0.412397078422634,0.158114627200982,0.664900560059251
0.0243698261537169,1,0.259974847605496,0.114168406031395,0.689154184021207
0.475576594058901,0.0801493560159309,0.0640596562343719,0.543104416436639,1
0.643444572010981,1,0.42164616571091,0.381416245571341,0.445636817593042
0.220578610905079,0.0486118005551997,0.201633635377985,0.363916891984187,1
0.726110419370204,0.614890436591862,1,0.379042162485653,0.331299067750193
0.607473609345776,0.201661577189357,0.0662005600675565,0.191369676929866,1
0.112712010180461,0.0550203391612881,1,0.254484000816882,0.276382839558519
0.0058729704965694,0.0382292734306281,1,0.0442058339366499,0.155220460968706
0.125376127029534,0.019825872076835,1,0.524917830995366,0.484695496927731
0.334694028629966,1,0.478364466633313,0.554183141149208,0.0261543071343865
0.448364394739512,0.977930536297126,0.766233652960982,1,0.258395708352556
0.209523669308522,1,0.206686423814606,0.0857953014328723,0.373237853102065
0.0524402417037848,0.058293516901261,1,0.32737791410235,0.35475670186651
0.00909023541167923,0.0246620703727254,1,0.155397413622805,0.190369293838435
0.0841341653227343,0.081414496275113,1,0.607136200416286,0.206471337268437
0.405414328817155,1,0.266685334645462,0.881611220753198,0.103441814163591
0.0787581510304006,0.0329432565894293,1,0.941341024978689,0.240988340022204
0.561392945246375,0.0414369187974127,1,0.590377691733662,0.41424846133311
0.140453494137665,1,0.0476334978419985,0.473761129357558,0.919341861031217
1,0.264091803835702,0.795297497514173,0.676328371255267,0.964748041596202
0.245228617319268,0.032378862355464,1,0.173357418196723,0.0350076854813881
0.649204339348141,0.204288476306897,0.21489472004503,0.578982535612613,1
0.0774780234936641,0.12567668173318,0.412579671815705,0.202796300680963,1
0.016216161653461,0.143768841797598,1,0.572663498548387,0.322844993008841
0.0457359211003239,0.517080575152851,1,0.443636130256309,0.0308187183738594
0.0824366475607045,0.00500402688551512,0.622344057479514,0.113190000276117,1
0.0390461505859703,0.491645142426959,0.199169574070801,0.141998629417526,1
0.0517770909913479,0.0612215875599592,1,0.0603670671515387,0.223365876146283
0.0486079170772646,0.0981387908816994,0.824818362825079,1,0.331304344170274
0.106653992983976,0.218056268925697,1,0.401953624195633,0.51272099055599
0.461357865768903,0.717471937253856,0.804087865491885,1,0.894418000131084
0.0726350630960368,0.00440668732746143,1,0.986705525111906,0.37290572217224
0.0159310833278388,0.570226558558978,0.0392716084215769,1,0.169004070445664
0.175933876826887,0.442966885026212,0.211136641262529,0.427223819656124,1
0.398326157452396,0.512612180328154,1,0.607008620346482,0.757280377295932
0.311736445412225,0.362417009283354,0.148563119942192,1,0.52454986431632
0.0145572536320846,0.0901624438145093,1,0.969905767419925,0.0914747173247375
0.0978594139426669,0.203265422657148,0.200834475285563,0.373199920385106,1
0.408866087286938,0.125785588988867,1,0.127616508533389,0.518245171155269
0.0738830719761445,0.281129735640936,0.680455286223865,0.262492874051644,1
0.171643945135184,0.160369530165299,1,0.0698323175568421,0.17491131824824
0.613824970625424,0.385895750792063,0.356778141723903,0.260397757198266,1
0.316772100243849,0.304575175043362,0.451100939769761,0.0317648221344627,1
0.0060308681279595,0.0258190402222827,1,0.422010295270189,0.124296690090472
0.279840957181422,0.182265595420229,0.0546343260900645,0.528576311808724,1
0.137266254792494,0.183197928955693,0.501709544004571,0.230384506675788,1
0.445245120778124,0.0956956734906899,0.221961045809068,0.0371430885943388,1
0.0464338089486434,0.891356378584181,0.861277667151385,1,0.466857923946191
0.415880048101076,0.560718629760054,1,0.874676286954453,0.137669731014331
0.558942540037246,0.0143771185205938,1,0.668573927705506,0.241820506909039
0.236629389796858,0.166000039948783,1,0.516786211329726,0.136154484660179
0.275231737257826,0.209087645795428,0.371414512726587,1,0.201526793918497
0.346601853001015,0.02709667742471,1,0.200743946861637,0.467984131622128
0.399225964191215,0.341442264159728,1,0.162417642363949,0.381935844413025
0.365427711451711,0.483313639226409,0.194118516379686,0.229146058382686,1
0.0565649406642057,0.0591365603655255,0.0400243363689896,0.0887556228248279,1
0.0102508349117899,0.000847745668859222,1,0.110735770391428,0.525759805625827
0.383158045555152,0.422529238629043,1,0.229307938023436,0.662967659119086
0.387360622622178,0.304571818580948,1,0.34061730529705,0.62281377231887
0.0226184237857241,0.0373243181245913,1,0.686101366089488,0.0832758936741588
1,0.312015573828704,0.778537813563795,0.049841486777724,0.658860792829106
0.0116706199027371,0.0540676723557747,1,0.130626909629958,0.141547183150972
0.0444721423243864,0.52332261163812,0.604898848076497,0.154690645878236,1
0.281765677892488,0.492777995559169,1,0.666342399239321,0.0119187903519221
0.181280750264495,0.0171085603143935,1,0.364448577439072,0.163871730356389
0.203277060952591,1,0.102347368823747,0.526177668832007,0.223869311697431
0.149293015102858,1,0.274544647943705,0.642156620723803,0.464027929356369
0.547665933895513,0.279125124770079,0.561477951627375,0.350844119621561,1
0.141139376863782,0.433789829245177,1,0.780617517922721,0.586272289358557
0.904368958940997,0.491274544423942,0.900926598434326,1,0.951412749514477
0.937934803022101,1,0.761498026010574,0.850017526729575,0.839546694660347
0.0168186682414307,0.0840405512440544,1,0.531660714998902,0.159957159531227
0.407437906116726,1,0.525140216451602,0.463427568446603,0.665500694758962
0.296500981169849,1,0.709369068579897,0.365436943820897,0.251467652557087
0.331278984242173,0.486991826898677,0.581128498036999,0.345269386630561,1
0.364565271405129,0.0123444970714302,1,0.119108146762855,0.0509027026914631
0.55506511851957,0.530158354099745,0.627970141681781,1,0.881217585714162
0.0202780790057941,0.0519303754284852,0.156851780485894,1,0.157943988619553
0.0391871053517974,0.0911058627628456,1,0.371831512958798,0.330135770723036
0.836930047676802,0.780198999674247,0.263034201435912,0.84834775777903,1
0.302006180911337,0.21589352060731,0.325649740561616,0.49207970368592,1
0.123596227246148,1,0.311229470642705,0.898616313338459,0.121109526495665
0.573789489197684,0.0322687892582954,1,0.0967279918453532,0.81342685317168
0.18439159764692,0.0234950748516196,1,0.0147026549266491,0.688625019279819
1,0.346515694514665,0.212720325529141,0.0303998687268255,0.207854711861198
0.0231008016649098,0.280533995966485,1,0.624616292958783,0.205814392873732
0.166977315436014,0.881069737702785,0.0136118224189357,1,0.901587949957136
0.0143911861626818,0.398989012267394,1,0.288947372579669,0.267961190172369
0.21791332894168,0.57990970685312,1,0.601557895786721,0.396183704073744
0.0141506273469626,0.151198192918296,0.201105674359891,0.158120870057588,1
0.0121815391879439,0.103060306809354,1,0.921759259771128,0.354217813147467
0.184772331688039,0.0464543475351117,1,0.291562082190631,0.290698149674073
0.460410630684615,1,0.799451730535986,0.0466869022665649,0.856969242485182
0.366099515172841,0.511224615098902,0.233199778209382,0.409940695523049,1
0.199696405270936,0.553896517611595,0.251828106138118,1,0.90673912524052
0.272754753145839,0.723557791193441,0.817339744915785,0.473812831063153,1
0.0821722484832338,0.486096104796302,1,0.0681859520268051,0.707265246832442
0.299322448907586,0.495948115253131,1,0.879888544459421,0.231308962991911
0.287969863568184,0.215046761493457,0.483315846085056,0.15402942031863,1
0.4115288805313,0.552521184711264,0.210877082142291,0.338357878907144,1
0.245412851069889,0.193803621995331,1,0.615641252054494,0.247444548970834
0.332541059227021,0.59884521227837,0.663099379352822,0.938908884388952,1
0.314016628027585,0.0335202626296,0.321174789514075,0.04386257314033,1
0.398226496294688,0.00496735604299278,1,0.345265085343459,0.187059665197279
0.465341507246393,1,0.19274941393344,0.192446492566882,0.651394066854774
0.687074116348222,1,0.415376769801767,0.315654196528615,0.432797127341721
0.0670990977312596,0.42944878169235,0.345697318337806,0.283268168700427,1
1,0.237466551822502,0.240329886380383,0.10511405922956,0.273963716591009
0.0811418249358064,0.0475285578056428,1,0.413762778865569,0.643153861217998
0.166469573545091,0.0488875809192507,0.0454592500472122,0.291412742094371,1
0.33287220448002,1,0.0384574409889255,0.767994401083944,0.275144998660647
0.153642133478893,0.492620294317137,0.614464234405308,0.445240309608674,1
0.307837497704436,0.440994840000859,0.129280065962928,0.633529597818411,1
0.158295478944622,0.0325617095887661,1,0.599684244321095,0.380770243053006
0.0102807663259626,0.666292164618039,1,0.88641779337106,0.0732814274207468
0.243168339064801,0.0357486104661408,1,0.0829690682581379,0.833494008043063
0.0449836552249734,1,0.487269200480517,0.175478881672531,0.992850947254102
0.108737271342039,0.00260429506224616,1,0.405608330463674,0.365073309678502
0.0884220262036573,0.0101726001107704,1,0.537591074931875,0.316442919775042
0.160124571619766,0.0439444482900984,1,0.151002409267722,0.277139437114466
0.0405111625047713,0.0959451303378838,0.164290608740295,0.094196576022612,1
0.363140745429074,0.308402192338555,0.389856087477593,0.582646110408925,1
0.0886928471190322,0.326711197905973,0.733169702662934,1,0.502365251661613
0.00416795777159937,0.0878162470371618,1,0.0554963214588215,0.256042261762382
0.00103257508395206,0.0808856830576808,1,0.558277724099744,0.139376403765985
0.578463642848143,0.179262923373368,1,0.0570356219348374,0.261555342648426
0.0476127275778634,0.415313413209983,0.138636616302358,0.664522077771337,1
0.148058970007636,0.0542796757649825,1,0.73336290425083,0.680533130932258
0.0525295198348546,0.172862063369071,0.0832147225485662,0.148421206827928,1
0.250830687124199,0.014524260745874,0.842499944683155,1,0.371687136859274
0.0542793729202649,0.0206662436861492,1,0.354376991440616,0.0981590877478466
0.917568725456093,0.0741520244036317,0.854176903314787,1,0.210678542269984
0.18290818812497,0.303558042257114,0.303564189609996,0.189112603689942,1
0.0103282575111843,0.00131193966744053,1,0.183911034048751,0.179180190211146
0.207091176653271,0.205816197934592,0.601132592877321,0.585450253934867,1
0.211805819682784,0.392056390816217,0.480552026421526,1,0.275516439353028
0.188853493628114,0.183790248928425,0.0904291700146264,0.0519290969129864,1
0.216048720764675,0.0641816431184173,1,0.0973937101881477,0.0683464692608824
0.333391756289868,0.517364222955925,0.641302856541171,1,0.411399919349571
0.00719203243283292,0.029131420588824,1,0.488959760730104,0.114328184923114
0.250306408024348,0.745697834179558,1,0.0719135854571574,0.51452147189776
0.763873198311042,0.999874909434924,0.317985460378698,1,0.273512965793813
0.18532809043915,0.360190969290105,1,0.187901758651493,0.241949592745351
0.38690174158646,0.382831561688352,1,0.0831368767790318,0.606347272266635
0.131367772628883,0.0234379059224124,1,0.576335814802916,0.247522682601038
0.192266004758087,0.038166131804029,1,0.119941423692443,0.387358939087157
0.229405385785529,0.384641851761874,0.767583540722184,1,0.354207619525448
0.61970511808627,0.0501927568051382,1,0.0768183379351397,0.100914683231042
0.0465703674468111,0.120355330404466,1,0.107923470447549,0.518823522510533
0.843100169586117,0.900693304827288,0.0576218760266525,0.329653738170805,1
0.678295887262429,0.604769719918939,1,0.421733078859901,0.615915053699146
0.0656401308622912,0.975563280975293,0.255567793235097,0.121926134747085,1
0.282861995631627,0.562688899205052,0.162651392471222,0.190593483889256,1
0.473050566219811,0.197244610239819,1,0.275100584828359,0.247097762240939
0.154779003905201,0.463135323823851,0.49106424482667,0.0770880280810261,1
0.0925893670929231,0.151357705002618,1,0.201807509168671,0.198120925441323
0.118960451504504,0.00649943273228359,1,0.17393355705062,0.27451977690048
0.254531441536302,0.487692304068061,0.668349378237209,0.351710938974297,1
0.121586278745598,0.628763742050825,0.334058049674058,0.494384777523593,1
0.410091339104229,0.44405287395928,1,0.885150205581222,0.0209648490870163
0.142608534837012,0.190912178533891,1,0.0490479505366756,0.431326843888441
0.0951694552396888,0.542425446016101,0.231427444631819,0.0330729059055977,1
0.0532728671290428,0.478248666307209,1,0.249239507805431,0.592208866789369
0.144271974374895,0.176522798217401,1,0.0414827117043297,0.479517672736037
0.779615215859679,0.914100220830919,0.25635855879517,1,0.850689263036451
0.258208187220512,0.118710766039917,0.0600515247339428,0.0798491502584136,1
0.775638213720738,0.0585073466989698,1,0.282623979869814,0.125199860310915
0.0127787357433832,0.292568540666551,0.953694191138984,0.488831490670886,1
0.0908409424361474,1,0.268169721333118,0.193246174411219,0.711654487815679
0.0798254346714578,0.699615920241666,0.149267497445632,0.152637356327989,1
0.879080585413529,0.803918990709735,0.720547684777504,1,0.250286256873336
0.176435707460418,0.0993588466005924,0.940422691715886,1,0.527624571971291
0.00450494829238147,0.125876687931302,0.0363474497820134,0.112339554450959,1
0.149713735940068,0.115773883374065,1,0.0780871920772496,0.423855304813802
0.0143989569037581,0.074015040549827,1,0.0389259650532193,0.209165215077736
