"real.1","real.2","real.3"
0.0769993227731716,1,0.592220296427399
0.727801514226014,1,0.954748319188974
0.803029327708065,0.103727361480201,1
1,0.700247138217904,0.0332004516559366
1,0.016315786962653,0.214598464010695
1,0.317533567223151,0.177704502458926
0.00899617551273961,1,0.756050165832021
0.309381080354033,0.141189527433895,1
0.775457285010099,1,0.308534158001818
1,0.472737684072922,0.938290824295557
0.0134277963584024,1,0.249736710019212
0.0503726282762999,1,0.0791670795957014
0.261872818083199,0.265614576855894,1
0.3923072025719,0.15553433716873,1
1,0.155457176138385,0.227947048412836
0.261508450951509,1,0.045459611165203
0.148389975883416,0.0195652603418001,1
0.511102651208205,1,0.0747365665926416
0.0150642405593479,1,0.0686663542184224
0.142469825400378,0.929273410986996,1
0.0459153027465684,0.052461685337592,1
0.216680469915607,1,0.184733809955289
0.77914685128358,0.158487334014563,1
1,0.445663683853118,0.103811257245565
0.0564657903008962,1,0.183646830260709
0.302493404612673,0.914011928551301,1
0.530955385369071,0.560758421948164,1
0.783975375298813,1,0.564818455266891
0.0894001889054044,1,0.141151560247398
0.0771690471906621,1,0.336485310774742
1,0.251522979764067,0.0292555101995723
1,0.736374066066947,0.270739182329983
0.926689166186544,1,0.552818953794172
0.182735356923994,0.174133831145881,1
1,0.101336184066632,0.45887351334687
0.184958284378965,1,0.434454923477001
0.0909483082492518,1,0.291862032306461
2.22586493109423e-05,1,0.114916975320546
0.237345647383091,0.0728179981884371,1
0.0559651794119757,1,0.296322236270616
0.171919694420613,1,0.288432465952647
0.00156090875557919,1,0.579867470096422
0.755645472218316,1,0.248779910816938
0.549827468661343,0.279892827402945,1
1,0.0722641908430394,0.0276987002314386
0.686246849954155,1,0.268928883895145
1,0.508836260864905,0.933743375086288
0.0477640817632865,1,0.686896006176358
0.315921348829199,0.602108639112483,1
0.120741198090324,1,0.312779285864413
0.468793948646119,1,0.340274864295327
0.406835458632751,0.431194778309597,1
0.524883352944478,0.70970628449064,1
1,0.0771343191492596,0.222328488324694
1,0.103648979167475,0.363778547880844
1,0.132982204183453,0.15968716320893
0.105882932055585,1,0.703780588202314
0.932178160613522,1,0.520345956437294
0.0857297005051283,0.220798176693779,1
1,0.197946023043014,0.192061319456657
0.0658994032316057,1,0.208520670889836
0.846337234729813,1,0.774294771880468
0.651347546706749,0.162904537753863,1
0.210959679745808,0.270387736409819,1
0.0491095334103524,0.204616685917969,1
0.0888555364986974,1,0.137498736707198
0.419456065119683,0.205937182376766,1
0.257411520031258,1,0.321467619964798
0.155121706482156,0.164287132676867,1
1,0.222093917502374,0.359958433060875
1,0.625085083997321,0.0526199465182524
1,0.154572255614782,0.469942039903539
0.109935091169065,1,0.123602346299755
1,0.228749976463224,0.360845994858758
0.219098710251479,1,0.862819606036407
0.217035805625647,1,0.142247370547813
0.263813065161075,0.945134763918069,1
0.231039277554142,0.0379066010845465,1
0.0257076549845738,1,0.0837386605313424
1,0.279254185571938,0.875910812487366
1,0.286344750714698,0.853604402350413
0.252035936662271,0.0855289650799039,1
0.406780785450324,0.0593537161722053,1
0.147572863019225,0.0262625987485878,1
0.216008622198607,1,0.855331020271187
0.100082840666424,1,0.0451357089954359
1,0.277724457099193,0.656789118690524
0.0746908417848998,1,0.139165752569754
1,0.232434550699533,0.428238256181615
0.402370196628419,0.170662165736754,1
0.0946260814371071,0.041798264757655,1
1,0.387356471512008,0.353345579396576
0.062832189094191,0.111870039873892,1
1,0.836801575681336,0.6587253414545
0.317229576055784,0.562068076354096,1
0.30130391926648,1,0.05164432994985
0.0955222327404096,0.356564108708613,1
1,0.31128679729044,0.364203877621618
0.67440559914773,1,0.0827453392962413
0.401338111148775,1,0.14567718896691
0.0735656507706603,0.182982592244159,1
0.0934352338341283,1,0.292564010545575
0.501311156105606,0.0848189274245672,1
0.173564512555369,0.0270986849504524,1
0.831230247391697,1,0.456349746011885
1,0.0697403141712027,0.163642175931571
0.863726833090791,1,0.231221030456477
0.76914416479812,0.00112433216203518,1
0.329242309764268,0.121851838465043,1
0.250073461862766,0.0859560972450335,1
0.303339510673219,0.74223821677861,1
0.794192421154637,0.237866995500221,1
0.265225182569687,1,0.0134291809450887
0.538479902411452,0.300508180963593,1
0.028315709279005,0.0470205502304522,1
0.790670665007729,0.188123815624106,1
0.0754674832631019,1,0.0166983362810315
0.921514893712615,1,0.37088344485281
0.110073236642613,1,0.959812293732129
0.0967151967893728,0.0378613377180093,1
0.00071769485523738,1,0.371563083448801
0.165203653745288,0.152936968491545,1
0.16780063772885,0.361858806730472,1
0.0285681290433061,1,0.101707826445473
0.957686670122321,0.24939122801484,1
0.537513760795044,1,0.0164876860408593
0.142065558156428,1,0.593614109833108
0.414962584204634,0.954186399330046,1
0.151498744218399,1,0.27174317038055
0.240030657371128,0.610447160640075,1
1,0.150326918332506,0.121518229174767
0.0402195893046455,1,0.312059073398224
0.401594257804334,1,0.298283525535525
0.0212492196248579,0.0575524990501285,1
1,0.171483945770192,0.263825610622041
1,0.478325343525574,0.238779288594363
1,0.305172018619358,0.29519916780361
0.20417589197834,0.0657774198279076,1
0.0121309584419274,0.00308085208654908,1
0.232147870369189,1,0.058011290738333
0.0146390170800934,1,0.0383812518234838
1,0.28507391725041,0.159093627199599
0.776963809568746,1,0.704543456588888
0.00193327489456391,1,0.460959508397091
0.0699374430732372,1,0.713087920217837
0.229365449410984,1,0.778585458770311
1,0.0299754939056168,0.323850765218228
0.331707338673225,0.263085874040276,1
0.267987375578311,0.835157071267257,1
0.0521302205097522,1,0.642021100425058
0.00166246671809372,1,0.0887169630664014
0.310885982755486,1,0.0352656207064385
1,0.876774931218226,0.732782889265636
0.881516502234422,1,0.0217334775225975
1,0.204773368400322,0.258870436795652
0.017662451601168,1,0.0306770149130291
0.331157809333314,1,0.129854935593192
1,0.40400088769733,0.00678670767497301
1,0.0545554814369121,0.871952244041468
0.146315172933371,1,0.729130943742461
1,0.192890847847852,0.247379007024872
0.0250468849292304,1,0.38385786218851
1,0.182798033020337,0.0938150538940633
0.254162959011248,0.214765233600043,1
0.109423577613198,1,0.43133066438356
0.0442128827280588,1,0.575923719390907
0.0260174867059393,1,0.406675837434133
0.590111574981485,1,0.74976012311221
0.265081595372738,0.0190257521367234,1
0.188958403632412,1,0.276672867849568
0.643381253606654,1,0.819494319166785
0.977138235548021,0.716202506254259,1
1,0.657786352447843,0.170808262348278
0.0894526934624657,1,0.357528674182461
0.0308967626573656,1,0.179281069855282
1,0.274146069170562,0.140452593034292
1,0.193183162075857,0.423987884253479
0.78240504979549,0.250706424050224,1
0.0703489338292784,1,0.176157881565792
1,0.441315345881917,0.179446849079826
0.0626395529119461,0.0665159485095754,1
0.150577518696369,1,0.246829401233086
1,0.441209193903793,0.441473460862356
0.255324462115163,0.210747997257173,1
0.489827873647893,1,0.578966188624261
0.291940896426597,1,0.264482024291794
0.0954155107094131,1,0.178211780839023
0.0223104956214189,0.067028457443637,1
0.0631446726648659,1,0.374078784265274
0.0940127783346715,0.640846158333155,1
0.0517283537058297,1,0.28710882333553
1,0.213656373146764,0.366284522200484
0.895215966379188,0.382392510858493,1
0.0440866098681208,1,0.222192522156852
1,0.324289066720584,0.509638579745539
1,0.8292431806192,0.512016390046191
0.129536502872009,1,0.112398992963187
0.0817159951493283,1,0.236193221080256
1,0.803187840163493,0.0934092537092175
0.0932498950658036,1,0.504640644632577
1,0.375873035450703,0.027546290687274
0.122929210817563,1,0.132901795487379
0.0312400058676213,1,0.17546861637486
0.268987306221832,0.120948637345776,1
0.200203235928081,0.884054465953653,1
0.0651707433848638,1,0.303103577634695
0.791549341155559,0.0234673106658359,1
0.346918055249837,0.0534940562858997,1
0.0244091412661483,1,0.110690260134196
0.346346601976574,0.466787731504871,1
1,0.132111489119536,0.168022219424114
0.137187073145279,1,0.222458863908529
0.351293279592699,1,0.163170861766369
0.0204815844970073,0.728358872943264,1
0.114340445605557,1,0.620381717410773
0.128405719122456,1,0.485711297127897
0.474637862596648,0.182136859746785,1
1,0.0697499788387938,0.0956054738551957
0.0231146160951648,1,0.369960211879899
0.00855265966244137,1,0.116335291888114
0.696631436127293,0.207733306620706,1
1,0.563859589767601,0.367289544028376
1,0.411968139642091,0.458896596902471
0.498396506129455,1,0.266302858410715
0.259321441819236,1,0.0923681149337347
0.00988059640302327,1,0.132465662490829
0.293245787241144,0.751964896499208,1
1,0.374744084471928,0.00893832111207329
0.60111142002309,1,0.272108130645221
0.642836044464991,0.0914535860212822,1
1,0.145499644638433,0.228868982141971
1,0.912052838051252,0.537909129572663
0.29738111393755,0.116305098553379,1
0.978952650977077,1,0.641808832537622
0.0446623273151575,0.131013218766385,1
0.106697565733265,1,0.0971460694364196
0.0260605291109,1,0.20577329000506
0.105953053202614,0.251922094931062,1
1,0.480611126467636,0.45318493966213
1,0.08741543937166,0.369347986232191
0.527641030645673,0.0230773720347835,1
1,0.246224080104413,0.58345609374412
1,0.592076861252861,0.014091378711542
0.872640327827651,1,0.95868724457396
0.498283049681783,0.23499292819092,1
1,0.172191410564171,0.593142520959717
0.605528428223052,0.202699887504487,1
0.21660507968904,0.392657752559577,1
0.172821902354313,0.16937787722816,1
1,0.183255706151489,0.51293514763859
0.0053389589746228,1,0.160807735558614
0.00422745104524393,1,0.439088018728652
1,0.102760746488014,0.672910024848583
0.281141387781013,1,0.345982927784016
0.362452729948679,0.240599152473767,1
0.592403385380903,0.0214898140592769,1
0.152297564262847,0.0856803997907633,1
1,0.176522039722456,0.351483297867439
0.261980761595906,1,0.298483289879403
0.214144041746062,0.201352625802442,1
0.3907269995682,0.31200407573672,1
1,0.396706550368021,0.399193429290616
0.305496914199107,1,0.308559235963741
0.117655059304777,1,0.0388547578634176
1,0.181237737041144,0.536754449942751
1,0.506157337331668,0.0291410868158633
1,0.284877661527588,0.0704422100767413
1,0.0312221165168059,0.22784338403603
1,0.0581900834989079,0.0840677924700996
0.117662136819574,1,0.596081601415668
1,0.308114125451447,0.66427819172223
0.245741336437643,0.245870607866021,1
0.385974753246701,1,0.0520494853211287
1,0.192149325390783,0.908827652891734
1,0.562913480102911,0.141792525951977
0.297478786431096,1,0.131175539054788
1,0.677835642564956,0.314281179332043
0.0430881753596177,1,0.130631007289521
0.263039460380374,0.856495555261304,1
0.61687369391302,1,0.128248376120985
0.354316731017411,1,0.0302627990285804
0.175577738907652,1,0.119064352582448
1,0.226384015934676,0.0824867435918716
0.119544802391118,0.172002682769275,1
0.0828905428365895,0.125760995979978,1
0.444926068378629,0.241113846162401,1
0.0502295950689455,0.023122086120377,1
0.0866085837856265,1,0.623388091650507
0.167003842192438,0.0146088911807488,1
1,0.190791574015363,0.0132893563634648
0.119159153805276,0.0200709043072068,1
0.0938448939591977,1,0.0219843025841504
0.198722871918984,1,0.905061430631962
1,0.184272915671901,0.193948316661966
1,0.987512588563176,0.647248229120605
0.355398922657906,1,0.0937613104526519
0.678077668974359,1,0.0258862500109725
0.146488995939341,1,0.763155899152903
0.168299100087639,1,0.838661922890356
0.753977885477973,0.434617267096328,1
1,0.14025188546056,0.130358916589806
0.00947996722729927,1,0.14510106209377
0.0270522277830196,1,0.177502301523863
1,0.243462153075184,0.541527529230126
0.638651503448759,0.757443484319044,1
0.0561936042643153,0.605964286027394,1
0.221554660397414,1,0.270675050583518
1,0.641052230469001,0.0967864485009217
0.0990992485187392,1,0.256284729322949
0.142005445828936,0.193812685127637,1
0.044266531087213,1,0.0555353678476754
0.0559096111386921,0.0748857010792369,1
0.229064944493491,0.012762745572192,1
1,0.102331535793458,0.0720417828374074
0.182700116386067,1,0.305083244760829
0.450755302211634,0.0850242046886291,1
0.626947044564537,1,0.770307907244226
1,0.0515395330919304,0.209268636570147
0.0962587584936118,0.0418934127706282,1
0.002839140031013,1,0.141412474826168
0.132610697666878,0.0586010307397447,1
0.609462581076988,0.269945202512438,1
0.154810636200363,1,0.502848452248967
0.392856660276711,0.0651460803491789,1
0.407909156481474,0.272547142419174,1
1,0.183202314670316,0.0776582282296194
0.477906168897275,1,0.92831760923052
0.34135787996985,1,0.055950234387354
1,0.0964088141407201,0.574100064275121
1,0.0943582422799602,0.0593770752909116
0.209093949973513,0.534097277463805,1
1,0.462037074238576,0.726964132709415
0.185908972872418,1,0.217391256329455
1,0.184646567202099,0.541522065780392
1,0.190230738779672,0.0896589993480906
1,0.359283712263282,0.323002917859893
0.0740611189949459,0.108875628227109,1
1,0.274417788691654,0.896262523470498
0.040641153602713,0.128538856633878,1
0.0283446787547438,1,0.163160136582647
0.948848823003052,0.219081694037137,1
1,0.668383595217629,0.0439657084874323
1,0.173845392194693,0.287510342739681
0.434860327348043,0.182296106184652,1
1,0.467653706208282,0.25112174308445
0.319188532142939,0.279480239052166,1
1,0.439200053471423,0.585365333469991
0.438873969288609,0.232495349769457,1
0.399410240387078,0.0298603690660971,1
0.0707348444487382,0.672830311067985,1
0.0343775344744388,1,0.331491248011322
0.111226936572701,1,0.47038839372841
0.0898545888324717,1,0.147969411295969
0.203481336558332,0.0327901291512898,1
0.0474180834717101,1,0.408145810997148
1,0.806447261791389,0.270491217097098
1,0.336640989290181,0.308917060415111
0.389021672580442,1,0.834000451572086
0.339701209095887,0.787469035661465,1
0.0512210212467947,1,0.858174133191174
1,0.165725563160174,0.533147547400275
0.0773729927569458,1,0.373927670467466
0.43892344123609,0.399433027481228,1
0.0797451035192725,1,0.433659587214844
0.129741597764476,1,0.12125313118086
1,0.174377184122737,0.590146494591465
0.0426705088989147,1,0.260459247802904
0.972770527187765,1,0.104850140928288
0.095051942082274,1,0.496251029630498
0.168719844519424,1,0.682599580314639
0.147822757581906,1,0.5605261174636
1,0.323193951829385,0.0281254586006395
0.61954702489489,1,0.444186673048353
0.164806620884614,0.203619686872378,1
1,0.0486309567349683,0.541541925954053
0.465221036801994,0.0112888080603377,1
0.392334025167914,0.0182133492117164,1
1,0.12057034580046,0.396375111367462
0.0344058047855662,0.00454880201587117,1
0.142830925685353,1,0.275679282274394
0.298639328793317,1,0.200577755254697
0.361797752726802,1,0.0280328935750395
0.0422421431610583,1,0.735005966232631
0.757007716326629,0.418807694658923,1
0.559825735272758,0.00106409648412446,1
0.33459626132627,1,0.525199895730921
1,0.47257657957378,0.992855970154301
0.148831341993173,0.0346510472253742,1
1,0.96941409296244,0.161780318572588
1,0.589876477829869,0.24605317199707
0.063459970839648,1,0.257878790169167
0.44092269467884,0.933650532734184,1
0.0931674900282218,0.023914744752724,1
0.784579517129,1,0.298496762058469
0.378902566108556,0.377123071374483,1
0.592105668068428,1,0.0239427796504488
0.0967139678108074,1,0.636006103082716
0.141249776038614,1,0.647884565334987
0.0867998190362064,0.144966776798224,1
0.644280424337955,0.133792097486605,1
0.65630786246634,0.0431583465048463,1
0.0843894036447719,0.180098834726491,1
0.209097777692593,0.448695396632026,1
0.183684779890279,1,0.0292535903323179
0.0251956911628971,1,0.219104094134
0.910389074646369,1,0.825329317442412
0.113364481009221,0.08546153962961,1
0.00734957235755494,1,0.289994645281635
1,0.299331127876851,0.817511584738976
0.295586252303227,1,0.640002334461964
1,0.526866779027286,0.0295668750696234
0.330093795660604,0.14702544647724,1
0.793675590708555,1,0.95275428547665
0.267654045592056,1,0.0183569662273779
0.101250215383175,1,0.245123553046652
0.0384145560580201,0.00837201211656868,1
0.162941876026592,1,0.335964453074531
0.413845122296155,0.123814419625924,1
1,0.305005175076618,0.279015069085818
0.108880663628181,1,0.226665237305729
1,0.211779351732902,0.0445072433239384
1,0.621438339801527,0.182295300042416
0.172739101583468,1,0.210797993430106
0.36390281307884,0.0787440993016819,1
0.412528280513956,0.235108446566421,1
0.398550661835068,0.302400894946143,1
0.0152050622090255,1,0.193030102032734
1,0.464285947355026,0.408462811387268
0.0128897610379588,1,0.642551805851339
0.771316524222685,1,0.574453734985242
1,0.0255706534570726,0.442339905880807
0.00544143451246161,1,0.543946001317509
0.344908037521417,0.26963111316336,1
1,0.1252233914179,0.246645408504388
0.466899385781354,0.0660108352011778,1
0.877686270677534,0.0520862426161871,1
0.319008075842419,1,0.160803535634372
0.141908952229239,0.06473132335142,1
1,0.790465421069953,0.662751595964616
1,0.317972492991507,0.814958938188932
0.174986985555593,1,0.31559503311281
0.311944004784093,0.20184042336252,1
0.0176674091907793,1,0.197909326507601
0.00595218701974748,1,0.0546753443413552
0.10844431765893,1,0.155801703891532
0.246195730656139,0.012958914177043,1
0.127290749819061,0.0233955975467942,1
0.036211662182278,0.227958060339316,1
1,0.291054562627728,0.707433310945664
0.975558875737582,1,0.304597091490308
0.0456570870799497,1,0.14870554305119
1,0.132263333471567,0.764081992511741
0.000531429140066215,1,0.150736175288433
0.00113930235092352,1,0.674784414377868
1,0.0611322341974153,0.205556908367559
0.103769502824899,0.0314193538200987,1
0.0145787533388892,1,0.116909594856449
0.259555120983733,0.700087269125278,1
0.476115337756187,0.1514553004659,1
0.00220087496738077,1,0.147432402176033
0.521965867113304,0.230572192449106,1
0.526536527144019,0.884147404666882,1
0.115796625048664,0.316503750049335,1
0.0908194610316797,1,0.36784700120876
6.53215032843609e-05,1,0.113877651618411
1,0.216962078445892,0.0100535637273171
1,0.18501997110692,0.0853449893005912
0.0517931111996221,1,0.0743495773891316
0.17696261305243,0.122194509047806,1
0.324081691828955,0.907510715821583,1
1,0.334251287025143,0.127466955103846
0.147898711887596,1,0.465273722541557
1,0.0661199510567631,0.898188001050616
0.426541395957706,0.36934118390836,1
0.77632371342982,1,0.848023833023708
0.0804587203199509,0.28380465525698,1
0.675014215010324,1,0.327002088345097
0.387924216207314,0.087313182571797,1
0.168910117555524,0.00304603056883603,1
0.00879295673171401,1,0.328670828477777
1,0.62315730393501,0.461000726633222
1,0.336231088478879,0.0676656787348582
0.068080555879849,0.0736064519175296,1
0.022583270593812,0.0218389952610211,1
0.00144380366517002,1,0.0810762443751717
0.417559601807931,1,0.448831781372645
0.136496051655978,0.141901094301242,1
0.322412461908818,1,0.679514578860022
0.196224108405764,0.0788981508693693,1
0.0443688192794086,0.164018938418287,1
0.625098595809703,0.306618095000252,1
1,0.0914729958017378,0.0584221516011369
0.582061699005958,0.268919683899522,1
1,0.0518952495431783,0.0900724636886221
0.204911275144457,0.102103234969163,1
0.0773942883672076,1,0.0203164503993861
1,0.33850295568354,0.346470013332442
0.0395341599970475,0.270615219477155,1
1,0.491655638881838,0.954826445165141
0.516698538563165,1,0.799488249471058
0.697547443384931,0.0996799071120218,1
1,0.291874193669733,0.17248139346513
1,0.334683544200107,0.085784340011098
0.338698396657236,1,0.313714661967918
0.325648299975258,1,0.000721479298786249
0.0531330466176118,0.0294897449326018,1
0.236025552948238,1,0.267107478981543
0.276847634985464,1,0.0391322151025333
0.139940568078331,0.155270179009181,1
0.994107459907094,1,0.603985063144433
1,0.714511082386057,0.0969657474578195
0.312044294052596,0.0616408394880723,1
1,0.37966684445008,0.873537324754027
0.089507503980869,0.132956903257473,1
0.0179162802034855,0.929412809561445,1
0.167519581116887,1,0.207317743092074
1,0.274527876008366,0.178924505859249
0.583664190901505,0.764321647458337,1
0.142036868201161,1,0.652286004000961
0.849278604964529,1,0.65280376177806
0.288190096195337,0.0264937004633608,1
0.120762389859193,0.0868449956159168,1
0.2467768445744,1,0.38973094608862
0.458290983889793,1,0.200752104058148
1,0.421740819118414,0.846281464143939
1,0.39925469926078,0.448616503020947
0.070104902274351,1,0.316520606180612
0.190237175917943,1,0.0725556801675979
0.271947607048301,0.0153446281237774,1
1,0.688713165681945,0.0736855629303229
0.834920106710127,0.295173681527114,1
1,0.0689787796554637,0.151226132869369
0.0298550479624784,1,0.370118932913837
0.727711001303494,1,0.30916351697396
0.123863001203949,1,0.0618771667100142
1,0.0417890109302051,0.987624965014281
0.237378022945695,0.176484157791824,1
0.399816386465639,1,0.192276139519712
1,0.0824236743959291,0.0509380042195108
0.566312044954842,1,0.618132486757883
0.0435105532079591,1,0.406321696738467
0.18118575041612,1,0.469688168586809
0.0800587716703079,0.533444830038431,1
1,0.835963603503125,0.549308818231899
0.185725450895014,1,0.137879513962804
0.31644154838325,0.170469773814258,1
0.133843688767504,0.327852146529194,1
0.943421828668798,0.0518714953758782,1
0.0546601562422652,1,0.363316426578736
0.153418915633006,1,0.154398644373454
0.791562512212323,1,0.388883423584311
0.500424487961202,0.0946164783860788,1
0.0983943128236309,1,0.525190783193027
0.819840251278943,1,0.00591868470470114
1,0.357523163880284,0.307585378959253
0.227051881652687,1,0.292661809081415
0.112803299780873,1,0.346161233741841
0.0657212203733637,1,0.611853945131068
0.693944503736,0.672504481236191,1
0.117327655388688,1,0.379545847353711
0.870411340619648,1,0.00584031272259628
0.27016026219632,1,0.996116052771078
0.124325949760895,1,0.417983872837876
0.0489221806423887,1,0.0413308938102068
1,0.187761262801221,0.154593004950792
0.43638668061328,1,0.111440314540839
0.908725884889693,0.698367302208697,1
0.0643037255820512,1,0.491659757421022
0.000195228102818692,1,0.229228932776886
0.0665536865583532,1,0.58420387101344
0.26853169470734,1,0.474538157465283
1,0.0282185128327053,0.312188744979967
1,0.0655093238555292,0.357205262964463
0.251007104965121,1,0.0620838348716369
1,0.282719568866254,0.245978340234564
0.382451670673059,0.964387075711956,1
0.0249035263407533,1,0.23835477653904
1,0.919073872555494,0.653480672392782
0.246461120896954,0.00279532835789159,1
0.716409354237496,0.0397847356071481,1
1,0.463137025718118,0.774829545771211
0.22636478503552,0.0517037698716363,1
1,0.512270887158439,0.446289976611967
0.0418077040322664,1,0.205035664397344
1,0.444869829348059,0.1196858354794
0.00877220410680781,1,0.234874050903277
0.0813972478868718,1,0.0746520471269863
1,0.768851563515551,0.00166935182307674
0.243521556355097,1,0.190309269475775
0.0721417347096333,1,0.469484561818355
0.780515286973681,1,0.553180545006093
0.420011951289961,0.138748464409491,1
0.0788870251187346,1,0.120448935303678
0.066759046236306,1,0.0117840932695303
1,0.15352543390552,0.0107527382049222
1,0.55715621675133,0.115202073536502
0.0374037036888975,0.898644605697121,1
0.0789078627458282,1,0.921901541349845
0.150660108207638,1,0.129687144889227
0.0262969674310865,1,0.0712775532792074
0.00704628820532491,1,0.225243879677924
0.861954497776677,0.0877478817309758,1
0.365188151537043,0.665670228018333,1
0.89395780069256,0.831651056515366,1
1,0.238586487944819,0.997591493082598
0.0698482236997568,0.445220540995615,1
1,0.375188710985909,0.541871330931033
0.637109802112099,0.494615619917946,1
0.164497559960455,0.239826884930652,1
0.256544800199116,1,0.763461632209729
0.451236903953682,0.192233255911774,1
0.00461989338046531,1,0.240062473012309
0.326304492505375,0.405213026676098,1
1,0.399679791548185,0.0257843897754965
0.401932975972818,1,0.994150894064573
0.525134546465866,0.187934598286339,1
0.0531508935170269,1,0.528726296214329
0.158587444565805,1,0.133809386312311
0.344701378435304,0.0426835768463612,1
1,0.827899245453226,0.0348669324731667
0.764707915567786,0.738983223979586,1
0.462161847503909,1,0.0261255229274624
0.921999307555402,0.644588989052361,1
0.968917701082159,1,0.481669928449883
1,0.659638661626138,0.608875724652053
0.358651820399589,0.932684046498308,1
0.439688145421885,1,0.393290934479898
0.448469388154643,0.051082876014221,1
0.119407360172112,0.00910781951124768,1
1,0.247109119635029,0.0373053142903994
0.154471981399848,1,0.649509405855708
0.0637024666178178,1,0.371363324517757
0.166985511884852,1,0.313134751071556
0.602276078765257,0.702475836296846,1
0.0228496475574181,0.984037120644631,1
1,0.190923127338116,0.261300201172095
0.0690857565141053,0.00152602645920113,1
0.123414837946203,0.630915508975273,1
0.158204968948586,1,0.353474049919383
0.0399209087817592,1,0.395531425253591
0.00571505279997017,1,0.509715531046498
0.0542473256472772,0.114303256272249,1
0.638060877740848,1,0.72044396665639
0.14770822254018,0.833931880869099,1
1,0.20602299239368,0.669838958986054
0.090593854630064,0.192961947244227,1
0.109024124563431,0.27062608108833,1
0.00673826931243476,1,0.191327489756611
0.128303241600817,1,0.29564732361563
0.150520513839101,0.134090869472786,1
0.175679266308297,0.0448597956610297,1
0.094184405931194,0.0796044988372158,1
0.00204301884895077,1,0.603921017096223
0.500091113878323,1,0.389017961676001
0.793946190377153,0.243790196541418,1
0.423005370470928,0.241309758372647,1
1,0.583910257074984,0.425183869074583
1,0.173394639359009,0.775109952868447
0.10170569003519,0.119527094744638,1
0.106670195294404,1,0.641392563438113
0.034027672709543,1,0.706614540670433
0.367192832604985,1,0.490028723871813
0.511373820912612,0.343761795040906,1
0.0495790858251135,0.117881047170004,1
0.0801518026768803,1,0.295413312608278
0.343354565860745,0.213620978831603,1
0.00855029513014476,1,0.107602192099062
1,0.088927825345463,0.812782007066747
1,0.252288553858078,0.449700080007259
0.183003241181421,0.261513617490356,1
1,0.115180437484969,0.40222812604329
1,0.850441937620246,0.720846693341987
0.114659485498384,0.054338045229354,1
0.911341959518943,1,0.47775431272246
0.334502947858311,0.0232979389784393,1
1,0.0557682344787932,0.590503662194512
0.106428388785278,1,0.166560930375094
0.00999029145146817,1,0.476617189286167
1,0.177370731592179,0.0363311557207012
0.0177407953781226,1,0.26480077107385
0.0871802478363825,0.168154672045794,1
1,0.471032517300211,0.480977555110881
0.261678641196993,0.147767305121559,1
0.00106807577384624,1,0.045049264003141
1,0.921719438586222,0.802230028311081
1,0.0517497082791671,0.259021420956028
0.593648957397472,0.312047921951465,1
1,0.781598799745627,0.274171333158801
0.0456868533611911,0.0484189935028708,1
1,0.347396616358336,0.501051385042506
1,0.895615521483562,0.0616690063714362
1,0.641115183986554,0.0670900199937514
1,0.504789706887482,0.607743004932062
0.021541451040677,1,0.1601447315485
0.866328485194752,0.354116149061844,1
0.590119491014204,1,0.848144836053922
1,0.23277184280931,0.23719954381071
0.34990551504244,1,0.049801858248805
0.0348840861510237,1,0.697739552305933
0.189129802422735,1,0.24234840699958
0.0811369197114122,1,0.223834094504973
0.141209518484103,0.0883937729156211,1
0.0273723949600186,1,0.173396478258469
1,0.0450612434018123,0.0812472699310584
0.196768027746967,0.000204973651163386,1
0.106348413737864,0.00372874979482536,1
0.435577486073162,1,0.276294260328746
1,0.0879304833351354,0.0715907192835415
0.0959856446040381,1,0.702779926841907
0.039834651927916,1,0.20144680308996
0.112653127983217,0.055246604090174,1
0.439783009595958,0.027794918901163,1
0.548244665550359,0.135734664219434,1
0.33459401614229,1,0.338040492788361
0.989859911440449,1,0.791567951316783
0.0606030673743087,0.180166960176152,1
1,0.993647410087845,0.167641282896455
1,0.221302082576532,0.687023890994189
1,0.976195468320743,0.991021239136082
0.637544223313968,0.465963028840748,1
0.51590844533581,1,0.768209201582908
1,0.0201873824646238,0.304827164750273
0.218062817984565,0.697680087001358,1
1,0.303902652117616,0.15450379173286
0.168853434897996,0.0754213628697013,1
0.0943921826825816,0.142668204516306,1
1,0.266713119724376,0.249718359425242
1,0.433630491204167,0.252606156299601
0.0325796137262299,1,0.873664032556872
1,0.817212636881582,0.619731533825054
1,0.871014817428386,0.143386055634843
1,0.210731313729931,0.0702418618033896
0.614805171052741,0.145285268746143,1
0.0589181031878251,1,0.0201209288505221
0.207068572459741,0.0764536527077765,1
1,0.878663537316675,0.506345654563438
0.0961522434430643,1,0.736334039275265
1,0.0614301950800983,0.75432662804741
1,0.42748051727428,0.100067424308145
0.68895503134267,0.286632495277591,1
0.383810591758141,0.0928424146502106,1
0.60052815841275,0.0100433694340499,1
1,0.225454753117634,0.13067596045987
0.0875650987935317,1,0.0137131492746156
0.280433683254818,0.225192664411769,1
0.144888421543895,0.132985678153307,1
0.0371494576464142,1,0.554054774099973
1,0.105686542334276,0.000283521956539687
1,0.449465866479784,0.335337070723214
0.0476883665303871,1,0.310799044397901
0.291204766835995,0.218141639747117,1
0.521574383677725,0.275266386633497,1
1,0.335273660281377,0.332815357677842
0.184732900986093,1,0.695630041811742
0.393564234494663,0.251436329065765,1
0.00554868349812212,1,0.100946087433446
1,0.290784493879748,0.524806721915627
0.268723989440833,1,0.968684767502012
0.0448050280936555,1,0.253296187418184
0.336676637366744,1,0.231846718079285
0.00894696845638217,1,0.341697758540424
0.389878790267874,1,0.123006339848672
0.210041279981703,1,0.183525608582246
1,0.492953517433568,0.746004540103365
0.134308656589384,0.0214370529791725,1
0.872041870769833,1,0.185220983020729
0.3266875796267,0.0577057008777985,1
1,0.70745277518998,0.791395480683937
0.183688406817154,1,0.510414871356866
0.0734157012461874,1,0.483545382754101
1,0.578791500487263,0.278133576680203
0.0487113616234325,1,0.124681311391268
0.0137808159929205,1,0.0987771792948924
1,0.30928412099549,0.0461619574953745
0.103428660421835,0.0864826424334606,1
0.239481955353604,0.227185157498399,1
0.79729173430708,1,0.326632667510109
0.394566976464231,0.0305896953801244,1
0.339038616808109,1,0.0943177716121167
1,0.307656198816494,0.485100794306045
0.0427800588236633,1,0.474992314841453
0.376839559710714,0.0452180794715488,1
1,0.443474720413723,0.501787009980656
0.122896336587273,1,0.856271587434353
0.323066513047678,1,0.71830334257923
0.381609903178383,1,0.3180816753607
0.151508734803547,0.0582470666550179,1
0.958390780791627,1,0.294400174027517
0.382529687454278,0.0492820570809013,1
1,0.0949829363054444,0.149980771977211
0.53619835557497,0.604957275689453,1
0.0729629747300879,1,0.533351582285581
0.107156712775691,1,0.546966821389852
0.0203781376151685,1,0.00873262790361706
1,0.259091827014089,0.230442958835104
0.397304860704194,1,0.713751061524933
1,0.524594059988447,0.293757585348584
1,0.131858104116815,0.251994776788355
0.0137167154198437,0.606789682863812,1
0.6915870664683,0.00779120302340264,1
1,0.433350275542441,0.0378243207822607
0.0899084779975372,1,0.50560251377493
1,0.370801877857714,0.33285347321181
0.746692760839001,1,0.126881129293243
0.42025018176548,0.0982858984353145,1
0.594823491863405,0.809632040222099,1
5.8852626446524e-05,1,0.0904929740888068
0.615682512618622,0.503480589708963,1
0.0608120248428532,1,0.300446823326808
0.138540956725656,1,0.922621296572351
0.102156853448758,0.273505819791243,1
0.145047930656181,1,0.656626382378521
0.0276664977227003,1,0.472790928065947
0.569896108328403,0.0285414943968433,1
0.700223883232055,0.616304578866747,1
1,0.892428080784241,0.836663315534932
1,0.56189238704622,0.664563700855224
0.00522718321311643,1,0.280814596465829
0.0226695398352754,0.0385793618389124,1
1,0.0780781049845552,0.246915721011158
1,0.0378345304179028,0.847403043043824
1,0.193057743245393,0.101376863592321
0.0484233761653846,1,0.314586098430505
0.0308924390113018,0.00612005029302821,1
0.220576207836818,0.021706811472769,1
1,0.249009521872405,0.0060862444850216
0.037846600812207,0.0295437781719986,1
0.551771300287694,1,0.265505376091957
1,0.156546862685984,0.0457308103981335
0.0561076065485202,0.0454026937573113,1
0.0813658290840641,1,0.747011458648769
1,0.254036429974893,0.459997093341821
0.101356255785354,1,0.555984996690841
0.219425826021172,1,0.498188876417147
0.151930285836364,1,0.92913906610375
0.627757453386706,0.197067424454075,1
0.547027040827772,1,0.0144628789462008
0.0701781772969078,1,0.0229922495143093
1,0.184466993964346,0.337186419074045
0.59843402189065,1,0.61226444125017
1,0.323616388674894,0.176566902825357
0.768121449244054,0.122955926337274,1
0.615648263172351,0.0698965250648098,1
1,0.867233146255957,0.241849483415267
0.586518719859632,0.204154363475449,1
0.0527993592109967,1,0.281696221353049
0.0888400300548619,0.0140408930757077,1
0.0376256785046758,1,0.315073691110032
0.237988685931611,0.0166634520123592,1
1,0.750720431100862,0.885033792846716
0.672113952254591,1,0.30126316409882
1,0.918924442708529,0.918237966111607
0.0879198368554812,0.114003140808949,1
0.202442546943077,1,0.32015566548219
0.174365976441364,1,0.105750959196563
0.158253718457052,0.0883354962268534,1
0.823352303006141,0.511420821107982,1
0.229666774718981,0.0549772725941498,1
1,0.357646835551962,0.269908909585368
0.142799471103679,0.0314622583827106,1
1,0.353635621857962,0.649883206063701
0.241958668234594,1,0.360593833718921
0.939498950889147,0.229441300505094,1
0.0205440827897375,1,0.177898307518354
0.448713290359244,1,0.0688262668220676
0.710134483664553,0.113646345222835,1
0.357493288493395,0.0808663727111821,1
0.0556615651347738,1,0.303660710586876
0.106633407787524,1,0.0654816117395738
1,0.626545967744295,0.547509833745461
0.0612213828685911,0.0804604111323181,1
0.000612170303529309,1,0.742100825624726
0.21984809213057,0.0749257934342765,1
0.591171141909191,0.0415898360953208,1
0.932373914952125,0.287209602602142,1
0.427396422357144,1,0.763344442308111
0.141911028777729,0.562923437548995,1
0.594385934765399,0.0183425584395935,1
0.485934967109835,0.00924423211105286,1
0.761406756832972,0.369590445114,1
0.151288289311859,1,0.482075073481196
0.939350515969126,0.326363201641553,1
0.114019366358529,1,0.413119564019376
1,0.957986278042074,0.220351707928657
0.713792547622112,1,0.416747370730138
1,0.178401215545768,0.026718669688379
0.171189008425286,0.103081178162873,1
0.0848157331688702,1,0.652891251951948
0.127420936523533,0.86466681506921,1
0.293281490262047,1,0.180259451602382
0.387741000263174,0.553428383033076,1
1,0.250863144638149,0.522384251120317
0.136153169378539,0.166474133521667,1
0.155742124926617,0.068834480164109,1
0.00758198459224792,1,0.595214784591826
1,0.202979160817468,0.0810091924780142
1,0.803776079001318,0.263714194543079
1,0.0483472257862693,0.175208958885456
1,0.0339618968456384,0.32068584198937
0.0245088771435231,1,0.506506270660176
1,0.396780726437651,0.174515693506529
0.435991731082863,0.0752125034918203,1
0.393337564319348,1,0.211600111348451
0.0963247557785092,1,0.446680066747769
0.173884874355552,1,0.537339676342298
0.19368343521986,0.046211978518947,1
0.365169605456835,1,0.64580409736442
0.752360857769182,0.142045017368935,1
0.290108866945989,0.0895449332934266,1
1,0.139290650574737,0.279584123348338
1,0.0294088917951673,0.991694859968307
0.208951381482391,0.351498213177228,1
0.301294173264141,0.367723705318418,1
0.111760668293594,1,0.463294785860721
0.209700762731764,0.0562917193439581,1
0.896771948152035,0.389264636676686,1
1,0.202008826634934,0.0705097357645805
0.470461051920866,1,0.59862655515887
0.0513431194728942,1,0.7419509772478
0.896117413400601,1,0.0535726572202768
1,0.369107101415978,0.378370803995946
0.84229727733384,1,0.129882033517844
0.221173284628388,0.580734494670673,1
0.452595773002254,1,0.841199227592318
1,0.12317767797673,0.416708059578669
0.550479376179928,0.176979482259882,1
0.0423573906575567,0.571210564859901,1
0.168973569945077,1,0.335677452557683
0.141965300172022,0.0393841534131441,1
0.33020612340637,0.409546616537521,1
0.328393534092357,1,0.95973800627077
0.261928003989182,1,0.789683441157395
1,0.790027482848872,0.032586810690719
1,0.159976788972088,0.122299508179213
0.517846209639209,0.362850508242195,1
0.483072156767614,0.0846440262321462,1
1,0.329899731054966,0.922039781796411
0.104689481818324,0.743013861984172,1
0.0606465409568884,0.292941648917458,1
0.0229577535687889,1,0.164523470674173
0.317728375450051,0.910881184332253,1
1,0.300970402868536,0.272967233667009
0.412151962730264,0.0986481740381393,1
0.0541396571292976,1,0.550153500437057
1,0.370502140511393,0.637881830234299
0.121465797707458,1,0.562556389949639
0.320776919511954,0.0962877054739634,1
0.145050572503867,1,0.316253953914821
0.037338204544123,1,0.367937964028333
0.818048475029405,0.16574486336243,1
0.129830287460845,0.0954388311655361,1
0.287364345888329,1,0.477425511194758
0.0478318174964295,0.168488590881543,1
1,0.512361125754965,0.480832599492286
0.0162123451557959,1,0.0209646490312492
1,0.905426242117366,0.00435224367425516
0.0170493590408227,1,0.0268747192663201
0.0324740615368553,0.714439729368542,1
4.4200738379851e-05,1,0.111683958904214
0.115154440174227,0.199126120144123,1
1,0.358997929191109,0.475285354356684
1,0.392333549388342,0.522276453861399
0.284555407944046,0.116416253638564,1
0.0900029758906902,0.59389461986618,1
0.192334684026806,1,0.0930451155570746
0.336819368959636,0.682283175713206,1
0.183905683882886,0.0392099121243808,1
0.314125667146104,0.737704967417538,1
0.106311847623684,0.0925724850774431,1
0.185509405887073,1,0.147396718926606
0.322139050714035,0.178793589545698,1
1,0.194237435917412,0.103580630519151
0.0669534506491391,1,0.292560364752011
0.0396480493644907,1,0.881681364450004
0.055388873639856,1,0.498059931049259
0.0746449551229346,0.495881613181502,1
0.315951240406471,0.1100262340664,1
0.150515682029026,0.493255391928583,1
0.223362423598251,0.0322941696809573,1
1,0.788804590551308,0.237156074355975
0.133304199123105,0.0675620453971756,1
0.00143980193887855,1,0.327043319898681
0.0185913155262892,1,0.674291876443395
1,0.142784679093139,0.438364373697682
0.0025938464447139,1,0.28107660479942
0.000360458902495928,1,0.137403870118691
0.191441483504086,0.0864261090911698,1
0.679267339235543,1,0.243351616396017
0.0307350775364598,1,0.0238326978337473
1,0.0724055227864219,0.214631926824794
0.48506624723235,0.00697386514967333,1
1,0.200563034717175,0.449395386835102
1,0.176622336362662,0.0544469641916364
0.153257733161075,1,0.0596605060504904
0.0205694116278322,1,0.258878155894823
0.0508957005707028,1,0.513536194274244
1,0.370000871484877,0.422088959852322
0.721666956166132,0.74335538728047,1
0.0949971008544762,0.0504669378024191,1
0.287862346874168,0.167741980967443,1
