"","X1","X2","X3"
"1",4.44844487216333,0.889913373150047,1.48324800061244
"2",3.03812281259868,0.921567480237437,1.76114886854617
"3",1.99733082283775,0.623731102196004,2.73063896209171
"4",2.41042780367529,1.10983059031123,3.09048460154773
"5",1.77156940926112,1.00735038261645,2.80377362595588
"6",3.02551275246294,1.11138972703379,2.03475986388634
"7",2.5818526153943,0.80065310376227,2.02431242141729
"8",3.28525046534855,1.79185057494905,1.71641477698634
"9",1.79937008927339,0.60828253567674,2.31430051004125
"10",5.31335797660632,1.44166347107715,2.04530419184081
"11",4.66996595441913,1.36994786167329,1.48041016161014
"12",2.6650502187416,0.789388599716656,1.80036326868895
"13",3.85071489110476,2.16060516201317,1.53007215174293
"14",3.65385493345673,1.24753177613362,1.7965831998083
"15",3.81961422200106,1.50096540839156,1.53951509541239
"16",3.82765352331209,1.48875900403185,1.58763694180525
"17",2.64440554508429,0.588519539374049,2.50795584992177
"18",4.30139040997447,1.41462982659506,1.03139923994443
"19",2.21580108973073,0.767365581664902,2.85744670187949
"20",1.85592798446532,0.594271726207771,2.04891980817954
"21",2.10294008098388,1.6765996842158,2.42531495313201
"22",2.9630322109076,1.2037618903139,2.8077506323623
"23",2.17866335234989,1.6019348883739,1.49639938072458
"24",3.60136821720077,1.82148823931019,1.74915191248913
"25",2.36551341450902,1.49596544814542,1.43263345581406
"26",2.46650367480623,1.75019704000154,0.963657970777302
"27",3.26070129644653,1.401571136017,1.38863488810904
"28",3.78424865951111,2.24700187276693,2.18331876485114
"29",2.31611166137648,1.01699801805232,1.25965270121521
"30",2.4555136631535,1.41090985055028,1.3352700853057
"31",4.18772058900278,1.33044893869407,1.55704199542183
"32",2.43846379435233,1.03681180341103,2.55265159789348
"33",3.98853717509772,1.80971827005392,1.81412972189748
"34",3.81277806974723,1.50555430491065,2.84374213700573
"35",4.48132409630142,1.24958256265897,1.38908372774174
"36",2.26809756526631,1.11448870560419,1.93010920361797
"37",3.26431864655802,1.46538072572412,2.8545480178576
"38",4.22469855839775,1.12225197368412,2.74863971077659
"39",2.43578639853008,1.48366079869704,2.03372528040177
"40",2.30546371577381,1.09406753635494,1.89644801980915
"41",2.07420192821456,1.44602544262574,1.39012055026494
"42",1.67267366865357,0.707599215565528,2.18612065775433
"43",3.35929497451584,1.26628475592925,1.12107146501381
"44",3.25755840199271,1.46326981342503,2.26335273106815
"45",1.98055533505535,0.709781896125589,2.17059258559806
"46",3.55230813469845,1.48943652333901,1.2259674521075
"47",1.9545876076595,0.969839763471769,2.86598604025969
"48",1.34400488187783,0.792534613183305,1.96282636493304
"49",2.02460137226604,1.57413108373088,1.84078270348845
"50",1.91740761489155,0.676328798795168,2.22882647365752
"51",3.27534315709173,1.52052779504928,1.01404521593995
"52",2.88941174250475,0.830123326763933,1.5670858870185
"53",3.81027749138957,1.31480496452672,1.06112057834143
"54",2.69763742346801,1.82875604141719,1.63922955332818
"55",2.26118668820266,0.894440142301646,1.72205334296691
"56",1.5182861562508,0.754953662852621,1.65701072072818
"57",1.69926364887072,1.44936380690961,2.47615347356137
"58",1.16227309290415,0.989617120022117,3.49437149242141
"59",2.88477274515799,0.937620692746793,2.24508718597529
"60",3.34844241018432,1.24925884190005,1.61637431565666
"61",2.07600378665487,0.87554145433016,1.93945574647561
"62",2.17166328952377,1.36328352617778,2.66737706464526
"63",2.16886562101488,1.50130952933086,1.70869191292795
"64",2.711093688455,1.03134784603888,2.50395817517708
"65",1.5235017955663,0.68007076167429,2.63214151205029
"66",2.31116710007432,0.961991286733167,2.8136692339669
"67",4.09377474877637,1.77147613885829,2.04011493193044
"68",2.14044850286823,1.14868153079648,2.32958857855494
"69",1.66563521805748,0.698797151088296,1.91193205342777
"70",2.40187927091764,0.798280561986605,2.52805003363742
"71",2.63983776539907,0.747525852149825,2.60730775621918
"72",3.35003116575887,1.10359979652142,2.31996819741379
"73",2.37548056448909,0.757369434809387,2.62451844712516
"74",1.62847481110976,1.36776735438698,1.47237083978442
"75",1.97996122898036,0.723310113030379,2.33882554301857
"76",6.03477820902268,1.91418368110439,1.14640611981479
"77",1.68033385458532,1.24677099971323,2.69293387851842
"78",2.67511369358867,2.05237844137346,1.17399774544724
"79",1.93897788729617,0.896277928160508,1.57572841540205
"80",4.24592669404942,1.06283598889636,2.3587180391406
"81",2.73025907103452,0.881975605980843,1.59302583689605
"82",1.18713521774997,1.03818138818244,2.9103884441563
"83",3.26860881290329,1.57240782500049,1.1835661416906
"84",1.73555873448837,0.846363301247844,1.78919113202952
"85",3.4030526112032,1.6395742564842,0.970818875932666
"86",2.92025355407034,1.50019338169195,1.60916204957199
"87",3.28009041953719,0.898916966533709,1.96224417924307
"88",1.72210716110658,1.0986865085024,1.89506982050648
"89",3.40175394801335,2.01493091220152,1.52724298152755
"90",2.27612949692555,1.02894379627342,2.70047279421579
"91",1.69084354830606,0.666381056649961,2.36969241557279
"92",1.64168264919428,0.581614925727867,3.65762953164398
"93",2.52610960860559,1.42353068499713,1.76266698502891
"94",1.32354179174747,0.558171439567598,2.05155528437473
"95",2.3839568622886,1.71086893785388,1.84410701897541
"96",2.65989604952256,1.18711639596332,1.73711960359987
"97",2.94551314037268,0.899119296767039,1.44281547941479
"98",1.34375838767956,0.621593419708027,2.69926581777998
"99",1.64408864308028,0.585709698889272,1.90281712485254
"100",4.22089860778373,1.34798091385138,1.17500620462375
"101",2.26409438352828,1.20819599686342,1.39592616238716
"102",2.44830765834235,1.20730528860286,2.33248841070157
"103",2.15550523857234,0.732058060349783,2.62451787444189
"104",3.37518313021003,1.84665118908132,1.56524807895909
"105",2.16865962830193,1.19849881268021,0.970612130747424
"106",2.40719161249095,0.960397362442256,1.36393295987025
"107",2.30973356530318,1.11378007026468,2.13224053477232
"108",2.6080880951257,0.77812876393444,1.56241191123198
"109",2.63852527493387,1.23459723547572,1.68300096848423
"110",3.20935565540923,0.852798425203175,3.08553986930294
"111",2.44598410650395,0.828488337331902,2.35449833516542
"112",2.19955366783765,1.00523314857531,2.45879935660486
"113",2.68122248993865,1.16471851724128,1.9633646900303
"114",3.80476006761819,1.53114886999889,1.54559149862886
"115",1.66307505043129,1.15173822462233,3.11244444170902
"116",1.76554445553268,0.8481855166878,2.54704765029903
"117",2.26404451100096,0.785085882837737,2.24262454150405
"118",2.34170753482352,0.633708078561276,2.09073938687228
"119",2.86220818497872,1.25443257387639,1.98581938770063
"120",1.70355757503917,0.684839536566147,2.71744832100595
"121",2.00804755812523,2.35986528962545,1.9172943557413
"122",1.69034483139805,0.940599555829404,3.03941805065656
"123",3.15829069502817,2.02805730184319,3.09057145785207
"124",2.53235322705576,1.82460761265395,1.16267042766568
"125",2.43778379988799,0.594485764005015,1.86687240785469
"126",2.43389366751968,1.59616935042054,1.69676372340249
"127",2.70382215992525,1.53330412092085,2.62650671022933
"128",2.2798636334943,0.714725541970704,1.82506600777131
"129",2.74947231526227,1.05517134066489,1.30702560899713
"130",3.50554001152737,1.18529294933869,1.09932649391851
"131",1.68699513607291,0.74117698366073,2.31945999130591
"132",2.94091501369628,1.36389122365413,3.21468853829243
"133",1.90348612823045,1.35669652273136,1.53891072781919
"134",1.63107248728129,1.07731496471051,2.06303288352401
"135",2.93745312299489,1.38853987621482,1.32641250653532
"136",1.96625094941837,1.20446425890126,4.25335677527491
"137",1.78802557136442,1.09614878741794,2.1693257918733
"138",1.77989769293193,0.858457234252843,2.70501979183036
"139",2.027733856403,0.746576793314391,1.56166260836435
"140",4.91836794404569,1.14068651213271,1.42298313569884
"141",3.25187239298409,0.901452022475015,1.72929002507702
"142",3.8699376579363,0.655230017616367,2.81685437064313
"143",3.36141852453928,1.34031955998563,2.84896878817365
"144",3.04480872166425,0.944971751092208,1.75305322900878
"145",3.3455653190533,1.19915530037099,2.55301005550472
"146",2.54607701414251,1.06025926605939,2.71793417212923
"147",3.05271307493112,1.58061547213996,2.85137051229391
"148",4.18186113133473,1.88832542348288,1.13849028630527
"149",1.94684861979989,0.564286888623089,4.98699382921281
"150",2.48457319320163,0.805763511792412,2.99815354622968
"151",2.03952452874024,0.661198248941965,2.44836516553359
"152",2.21583609017719,1.03074672923796,2.36283859138096
"153",2.3955759781122,1.74836056385306,1.41477393118868
"154",2.54907866812311,1.17129060988539,2.25319086897599
"155",2.13504773213972,1.04817414498054,1.50445948462245
"156",2.11677650442633,1.48489491237851,2.39972049837334
"157",2.14370298463179,1.16444823221826,1.32881359052747
"158",3.91188415537436,1.22946617314087,1.52976872099349
"159",2.28693490512834,0.67572766022318,1.69220957678523
"160",1.90456673120391,0.869618139741542,2.47251352383415
"161",3.41530555798902,1.51163455813548,0.995895033256033
"162",1.80853286282476,0.634150740849592,2.63830564307695
"163",1.92985214583054,1.53022960178055,1.25447380603475
"164",2.92432913000042,1.15678569893746,1.57072338745716
"165",2.55780030731254,2.00081155784553,1.6651507957618
"166",3.2389754617746,1.66459800104759,1.48245658516057
"167",3.83156117566732,1.40731329057772,1.86697195667475
"168",2.5479083415771,0.93654243438789,3.3930262982274
"169",3.98594571193245,1.4385337621486,1.56871530923241
"170",1.65621584713611,0.791053289508985,2.44593752404484
"171",2.81440846313439,1.09416747717441,2.2787697715612
"172",2.01227708172011,0.808414695196213,2.97734332814308
"173",3.83534463059815,0.73636877191197,1.65188861222209
"174",2.1292188975307,1.08931653922843,2.10142194545265
"175",2.93998700784904,1.08898333709026,2.42204587372681
"176",4.12966384269448,1.2906895998428,1.78739189533076
"177",2.62954179853448,1.0246235537601,1.71128138338561
"178",2.27385702474386,1.12636802036097,2.54553090409225
"179",1.69238640103882,0.926295325068488,2.56687708840175
"180",2.65966634212595,1.39692927935176,1.52793897429473
"181",3.05849136934015,0.985292939384397,3.16819350710806
"182",3.57346117998832,1.2005478596458,1.23015512809668
"183",2.92545914400042,0.467692321360465,2.2849740189243
"184",2.50999857547622,0.95207687771833,1.08918196361545
"185",2.53023625232271,0.883716977579124,2.27472170740525
"186",2.06247291293053,0.976138324992816,1.47244009998243
"187",2.24762070401849,1.03889853090891,1.50128753003678
"188",2.57112537086543,1.42616769647961,1.68057021814472
"189",1.94921756384729,0.891421287066268,1.6425100458105
"190",2.59749783102039,1.21431960321411,1.83580306889399
"191",3.20766013985101,1.33815960062475,1.37316484687889
"192",4.84094235142609,1.32767778161629,1.43032143907918
"193",3.06796826993932,0.995414172562444,1.45868186352071
"194",4.45552622167801,1.01584086604074,2.03557063865914
"195",2.42181513516358,1.6570559724517,1.48570671628804
"196",3.30860921023277,0.953293404794694,1.62260615533607
"197",3.09073492570753,1.67848867655173,1.28004713679209
"198",2.16987221479488,0.895378665836014,2.00790755402506
"199",3.97776708529036,0.80713635909892,1.10491910284371
"200",3.14706495432853,0.992816637504163,1.83073869854655
"201",7.54539422954102,0.705530770942243,7.58154992222021
"202",2.24627829410996,0.794095680717071,7.41737814557455
"203",3.61022917999764,1.69754657324675,1.2203663492549
"204",7.60153426837929,0.719165885819778,1.60915780218001
"205",5.14503684667873,1.02133842356525,6.18701011608989
"206",4.48686092067568,1.12460790216724,2.45890524650157
"207",2.37647426519931,0.379487353505793,14.5201905592984
"208",10.8443949188013,2.44982195621176,5.08250206621802
"209",6.00180805080072,1.42436828332821,3.62399562092714
"210",7.77749605546319,1.16324391636937,2.33479974495442
"211",0.881143096060934,0.513038344662322,3.52472455888104
"212",3.66688537534365,0.931438491872492,6.43375436720031
"213",9.43527684315194,1.59553900482214,3.38509153489495
"214",4.9987854200164,1.26699850380969,1.62584811661702
"215",9.52832832619717,0.730979548922114,4.5590560276166
"216",5.07071710340026,1.25204560486986,4.55651333921763
"217",1.60430489631097,0.830800140515759,2.09085438188977
"218",3.38447931067918,0.899951006521447,3.91401606247053
"219",7.08969068781687,1.43839403546225,2.78082516180377
"220",4.43270319616812,0.42515342033123,13.4194996108453
"221",4.94701087663864,0.948190150660252,5.65317868901365
"222",7.58073218201608,1.04485884172949,4.66230667955025
"223",11.1761014786348,0.986368906624889,7.13330106110532
"224",4.66601527006108,0.816781905504939,10.8121116991246
"225",15.7769794370395,2.06890551550817,6.81297254722536
"226",3.45780848724453,0.426211094901652,5.2073614506385
"227",2.32445973727406,0.335832004456646,4.39096799643125
"228",1.45216801056292,0.3072106412712,10.0970373096743
"229",5.04825499720272,1.21379901808091,5.59866256465068
"230",5.24471087916026,1.23299158459877,3.25952011171261
"231",4.08369490139488,0.779233381248769,1.83583748994655
"232",4.89243090161107,0.537168990396565,3.33269501023053
"233",1.43328045342154,0.43106276502833,1.95392653082149
"234",5.79485866072431,1.46457962119529,2.84834704085703
"235",1.763434275668,0.82585280733377,4.24830760116817
"236",4.4889710140876,1.22019436757747,6.539773942105
"237",5.1410235186944,1.9626480601819,5.25437484081571
"238",2.563853103646,0.830841445783262,5.89698909231104
"239",7.98029221401197,0.872090908510285,2.82804134091525
"240",2.17312858231145,0.643625243567003,4.17387197432536
"241",11.5589501517456,0.987481532845584,2.49297469300001
"242",4.7455009865917,0.74945236780152,3.19328485494993
"243",3.44281066975958,0.519343302618589,3.90706426740501
"244",3.85984898006402,0.684884854121853,6.66379085626458
"245",3.02252867688611,0.884753042725959,3.33936719817167
"246",2.15959229258542,0.870555128722136,2.95024999873681
"247",2.75472051704554,0.421881831583829,5.40663058807285
"248",3.35059572306398,0.789276767496313,3.24547424828609
"249",2.47982555500313,0.676905667241164,7.1059919474212
"250",3.33376979684207,2.18473889379263,4.03567821836901
"251",7.60351922609275,0.531993992493294,4.77691281662345
"252",11.1815708031527,0.750622077836802,5.53431541049183
"253",5.86983569771178,0.94483551681516,6.04161757205676
"254",3.67718187219076,1.5645763139997,4.92763042394852
"255",6.88456159873127,1.04281329393606,4.68237532762999
"256",16.8607842328433,1.26381459974117,9.94889682615264
"257",4.59551442986346,0.251573615472841,4.10265230134905
"258",4.26947592914292,0.349347972698879,4.38722787994314
"259",6.42204872128047,1.16696245537838,4.71567698739769
"260",3.90172358926033,1.08505870505297,2.55900690591567
"261",10.326390867517,1.12838623907143,5.16516118133728
"262",1.86685860714287,0.680810069452299,3.54614439742983
"263",3.41880768503194,1.06862545860683,9.14744859763703
"264",5.94925634556834,0.672199378567811,8.71368465858504
"265",4.63730559512036,0.387359293013538,4.95231318784112
"266",7.1149317616202,1.3301919662305,2.06316704590619
"267",16.1927631309268,1.32203765132433,7.11536278166564
"268",4.28917182931133,1.19193311732538,3.84395005813414
"269",5.25630275182179,1.46695685874831,5.72581074575813
"270",11.1013259463154,0.649311180747803,5.40061038308635
"271",7.81908136342087,0.631394156503627,4.74390963023346
"272",3.14863429954514,0.223754082218528,2.29442776743105
"273",14.8959604576963,1.16315216841852,3.58534367275407
"274",1.60573165183916,0.525780602046719,9.50753639761307
"275",3.73441825046222,0.507701377316038,3.33264942660749
"276",1.60541390817506,0.403789641752015,6.19824747164905
"277",1.77955895063018,0.425013897533685,6.55871512401876
"278",6.49257735108761,0.664076860752042,6.55349510333179
"279",4.38135904107476,0.826097927604607,6.13773534412488
"280",4.34041714177069,1.12061525858711,5.40505205505393
"281",11.9755919583416,0.718387708325557,4.18884699401323
"282",4.41765500156028,0.775078596157903,2.25582920827675
"283",2.47469881718328,0.427111330888918,9.75433648615121
"284",4.9686091475889,1.75994181432237,2.04491900885858
"285",9.92110116427783,0.917846701380602,8.21031209260438
"286",4.38363576878773,0.756492814599233,2.42430216651927
"287",2.67284200956532,0.408504913322059,5.07563425016647
"288",11.3965919414201,1.93089279240774,8.45494685610676
"289",5.77907838524576,0.871387237026666,3.60623681410367
"290",18.8883266626994,1.71979302670013,4.39983922915043
"291",7.31624910286429,0.853335435982548,4.56839644253994
"292",32.0442233199217,1.60648095049472,8.09545513307794
"293",12.4452709211397,1.15604425640562,6.22812089722631
"294",11.8146964470883,1.9451805294173,2.78166177625649
"295",8.22370873349902,1.37762255115431,3.65644524239001
"296",9.0996758675824,2.30471058225862,3.3965094979117
"297",13.3998078455383,0.95717386844353,4.74478825363924
"298",4.83103547992045,1.28285657234094,3.78555330375536
"299",4.74477573090789,0.530110715570908,3.33999365486497
"300",13.6502613924713,1.65121513418323,12.1166149375339
"301",7.86697225205388,0.910573097970929,8.19942930439867
"302",3.58830747164017,0.688106886376298,3.25273726656559
"303",1.66675174702719,0.586851345266295,4.19471574647193
"304",8.67852690960072,1.07382383431771,2.61508082297519
"305",3.91412964914536,0.982816182563997,4.24706250588573
"306",7.37258429709865,2.85316144694522,3.13007866432599
"307",9.69244905032145,1.327714559668,9.9707596751066
"308",11.184194310393,1.61518242320616,11.413758455971
"309",2.40785337456178,0.565236865266774,2.61867991757045
"310",2.61391915722413,0.615509710081515,4.29968566920659
"311",8.58217811361548,1.96174400772829,4.95047841473874
"312",7.83033707594173,1.03490658274893,3.23727821894909
"313",8.25463482198886,0.991250916537565,2.1671569577764
"314",12.4281062168433,2.19446496935174,1.11747198319253
"315",13.0186506701614,1.51076945240098,3.0830969379338
"316",2.15807855069887,0.400538912234097,3.19373597869358
"317",1.7713523176492,0.633451524311389,4.57749470591678
"318",3.5079537307946,0.972936490535487,4.39538029449872
"319",6.99404299164208,1.35156422412229,2.26988840947082
"320",11.1480144536933,1.70062836027152,3.48503638212799
"321",23.994151699032,2.55790803647323,3.0836474545824
"322",9.12222284726133,0.525450805892055,5.87631849830585
"323",6.51309169939512,1.00152454236005,5.82211591868533
"324",3.20587453928329,0.900608280370653,4.63473029334585
"325",2.12569278587001,0.580593030484783,3.37418514555458
"326",4.89496572771429,0.726902196193022,4.68457993348956
"327",8.24707597034675,1.15832991711852,7.32932002363037
"328",12.6004528916159,1.21393864616667,7.82929948563752
"329",4.85744457755133,0.654753671820651,1.83211874586267
"330",3.21794623331892,0.469401937151788,2.18698311955754
"331",16.4737678247014,1.01426027881381,7.08451233140598
"332",4.73161971669268,0.969071137604391,1.51780390089247
"333",7.73525462254958,0.948560562490848,5.06475934605073
"334",1.78592023288049,0.264313149031733,5.10956996476605
"335",12.9948974508736,0.884078129892399,4.94948674099633
"336",8.38149279774551,1.55486793975147,4.38931154555293
"337",7.5042024837622,1.39403935357564,2.06300494799018
"338",3.75487286660561,1.14252679216149,10.3090244218503
"339",4.33486048719187,0.753934116824009,2.69831870726614
"340",3.09197323638773,1.51384161476295,2.61116102842483
"341",3.25113943930811,1.25604085365614,4.30671596420969
"342",3.95393372162696,0.708129081415932,3.26122806013576
"343",9.87526039358873,2.32638060176185,2.08323709205922
"344",6.28417089584865,1.87567302222029,4.13978309537082
"345",2.52590396520807,0.727361699024249,3.62801372501478
"346",5.39242689209716,0.878636381530578,4.56151498773224
"347",1.91298105568478,0.895400792986737,2.86949579295134
"348",6.43150809842575,0.902842940439765,5.51487547106805
"349",3.41051632875184,0.525450630478737,2.40985274285089
"350",11.5747762772496,0.87501494864372,7.31997539116403
"351",1.06516080482644,0.252585014520074,3.85722212925217
"352",5.03923536214009,1.07985847723829,3.58701206702078
"353",1.52578937550024,0.591572768245041,0.885891848709539
"354",5.24732521881271,0.680116977838707,4.18952221543315
"355",5.58481998751092,0.832792314244,7.03195632437062
"356",7.48421669231883,1.60129499405935,3.63424990299298
"357",3.52630061762776,0.857802407228577,4.77384663533095
"358",5.54010324745356,0.353176773795725,8.60404617398325
"359",3.17298886436833,0.868519671933133,2.81815278194324
"360",4.26725463469599,0.966162683989341,2.75392068654297
"361",8.29735688896148,1.02992912252565,6.73378206662611
"362",1.43362184488437,0.740327735583185,2.85400288960602
"363",2.21341620606964,0.386358295527638,4.06755958454933
"364",9.24140386985531,0.814435981294576,7.92272922372732
"365",8.56347089009494,1.45585513144161,2.37554424602627
"366",1.8775046549041,0.358131648615334,1.96378380894387
"367",1.9576905512075,0.634983261794899,5.68031588975012
"368",3.72421541254622,1.00130149380196,4.84755079090426
"369",3.65033924653104,0.257038593592529,3.16126517404647
"370",19.3910558403765,0.988369906456318,5.54163600185269
"371",3.14370210206705,1.52400890515406,1.45709285290152
"372",4.35868876492611,1.10305103634886,4.81784472162414
"373",26.3120738489364,1.70549426270914,4.67057231551256
"374",4.82421094402879,1.80660797229349,1.69760152726459
"375",6.12328885512749,0.431428010651566,4.41179675358721
"376",13.0987947314698,1.00883455290803,11.8460247507997
"377",3.42598706841226,0.727756581518351,5.97425658058714
"378",16.3632432182176,1.96892758938031,3.27316906476117
"379",4.93833065009189,1.65137212349905,6.72760268172423
"380",7.02856184980029,1.36370662870951,2.99785761466679
"381",10.6834203892514,1.80388855352462,5.9555674683281
"382",2.82917954787202,0.699022458893087,2.65166517854386
"383",3.08835157028059,0.526676463846068,5.2902889379996
"384",3.87582473314507,0.860643893484341,2.37735055550427
"385",4.83218196416413,1.10106625659777,3.23169329526859
"386",11.2967494958088,0.746293113815986,5.21739366549586
"387",7.79773605464183,0.658434674662552,3.91834130391975
"388",3.96132126232463,1.12344574920678,5.53738268184501
"389",8.25369646228214,0.581668699878189,5.93786059460535
"390",3.01646765395338,0.857168528305783,6.48928676861286
"391",7.25823482316043,3.16813933890703,3.40906361821087
"392",4.72547324282344,1.98123325419959,3.14484908683895
"393",3.75496153698977,1.12004121077089,5.9612531389403
"394",8.38309688682437,1.05857615996432,2.85008671081245
"395",8.21855194556773,0.903223673869488,5.47095343557852
"396",6.59167448762222,0.633745360288362,10.049299318185
"397",5.16399802260145,0.665822964950968,12.0320559827369
"398",2.85131509217214,0.498815763232789,2.31711375523966
"399",3.81205379502435,0.734885251940502,2.9188021794186
"400",2.67292273703175,0.762282151815996,3.19888197839701
"401",3.48299250458602,4.61200337636684,1.3241401603135
"402",0.859243576096353,10.8167454976292,1.05372616475063
"403",2.5197829999456,3.24106147211107,0.827417048258483
"404",0.610263132412024,4.70815266811416,0.904999518988799
"405",1.53349751556749,3.90024642890263,1.69527376702712
"406",1.15422145143982,3.5951031555322,1.75800165573611
"407",5.58392311899542,3.00510039249237,1.1719224076714
"408",3.22737090697389,2.43354634636487,1.28720928214444
"409",3.06670523353656,4.02105500671109,1.48998011363235
"410",2.04250018169025,2.32520587544846,1.06188840520484
"411",3.95913795969838,3.47051473484523,1.2590799441313
"412",3.70855937728492,3.51916807212616,0.798338391689967
"413",2.99476889620625,2.98781834053541,1.28547820382727
"414",2.8616545086362,2.16370976391731,1.36045702594118
"415",5.01702698175114,4.35284888726837,1.14541217125973
"416",1.51689929214909,4.00570864349752,1.30088366126007
"417",4.17135414743915,2.08291705406964,1.53829016455838
"418",7.78326034429768,3.63891792237556,0.740012998276297
"419",1.90370624802784,3.78498988668937,1.01084656311366
"420",5.35160253076797,2.02983919656222,0.988812839865653
"421",3.43635618687057,4.51560339932141,0.845046519216369
"422",7.94633232472734,2.95692299562026,2.03332670058482
"423",6.86075056604489,3.07125931126914,1.44936767934915
"424",2.96319412375925,3.9205863996331,1.61817189042413
"425",5.39647107955981,3.0101731157315,0.971764293166772
"426",1.93510799323398,3.86220933486097,0.968986393396862
"427",8.86343412603717,4.48936545662138,1.49489937557818
"428",6.30173833413011,4.25229264819007,1.02166529555583
"429",5.67781264914689,2.92887888895662,0.760697013562512
"430",3.44880507937251,3.74972811653374,1.06061228560307
"431",1.86159962537646,3.709032062797,0.893766654172141
"432",2.51654870810916,2.73398928700219,1.27806285833056
"433",2.06541549352393,2.77283803095813,1.54687179935144
"434",6.41936369404877,2.02630633320857,2.37327976591326
"435",1.79512452692569,2.82378629306934,1.23790070074177
"436",0.771876813204986,3.67528186024202,2.19688008174409
"437",2.57770261371838,3.24063140221303,1.27976755983465
"438",1.93805793946617,6.54218862871928,0.629635740802826
"439",2.23348902538252,3.53211920121702,1.35948748640783
"440",0.963795653226385,3.49822210794723,1.16898905169484
"441",5.16103105605894,3.95896430074433,1.61831551477991
"442",8.89870375963488,4.54444428722053,1.18354212470233
"443",2.02604433912886,3.01661467074438,0.876737809163317
"444",2.04571532622678,3.34840486116273,1.33493389633863
"445",2.72320748166756,4.77725475987269,1.013432426953
"446",2.7864933424874,2.73100878184468,2.0169420327609
"447",1.20968989631656,2.76223265211556,1.51314326474513
"448",5.66672790818263,3.03193302218816,0.884590099648129
"449",2.92458704373441,4.40421102456403,1.23489979602154
"450",5.73079388328454,4.11223161929033,1.09229050725312
"451",1.97412511955807,5.12208356450405,2.07615315076445
"452",2.62852275495414,5.16852792775225,0.928902524200772
"453",1.63453816741299,7.87926896620212,1.21113763463305
"454",2.23785789610722,3.67925358708123,1.71129757555395
"455",3.1151108907307,2.88011309666038,1.36559184509582
"456",4.06515709787897,1.72001458636189,2.03986790244587
"457",4.88394025419739,3.44218345727917,1.70989572218576
"458",3.3765993753277,3.1157067876025,1.51774861980025
"459",3.16435061112789,3.06728240751865,1.16470065531423
"460",1.44999239414679,5.87658750477767,1.03847410544711
"461",1.65075236051718,2.86145016468336,1.51251212041042
"462",1.39037876011223,3.98786350829313,1.92716512604198
"463",1.00142284871649,3.53206585665168,1.77362941436062
"464",6.18622995481916,5.00987767328682,1.43051901127451
"465",4.08724100417596,3.85526378644348,1.54564674909193
"466",1.35125638301616,4.48824395783525,1.89097385213557
"467",2.60677561106646,3.52858538764241,1.19264990307444
"468",1.91959560020216,4.36654364437535,1.03942574025552
"469",1.23190389745656,4.76461511797885,1.99168183757296
"470",1.93177223845844,1.88897759419511,1.32949332841338
"471",8.73966544747075,4.56614805422517,1.28475389067597
"472",3.20587234173691,3.04656093908118,1.27949313746167
"473",3.9199878147254,3.95074818442645,1.16629071790422
"474",1.03458831352977,4.8452223620106,1.05416860545762
"475",4.08987813782809,3.48261634538876,1.00861539947737
"476",1.93923703370952,6.22826857836218,0.574445730432831
"477",2.82688694944322,4.82946014286736,0.97837860748582
"478",2.34208347855997,4.14425184785491,1.83861474053138
"479",2.17571702567749,3.18134786757751,1.67563594627261
"480",1.36616980367692,4.1209954733469,2.51071278161991
"481",2.20512506034195,6.7356640096019,1.35216599014035
"482",2.3951613129211,2.71458329686918,1.2709691402431
"483",2.67473721810931,1.43842877861412,1.19194034968635
"484",2.4498401752948,4.36236772464262,1.13583236820057
"485",3.14989835861621,3.64766049895229,0.954284851763451
"486",3.2653297443807,3.02681412795604,1.12840294361756
"487",8.57012522209165,2.3017415201767,0.740853710971194
"488",2.438684967813,3.12993810334709,0.765130593004501
"489",2.11127220117747,3.20137828987802,1.63299601381376
"490",3.00840178802415,3.22572818685444,1.20526327360666
"491",4.72789996242292,2.50603736073574,1.13741430697571
"492",3.78472931063302,3.56207653363772,1.43667956418754
"493",1.19518160809746,3.6467334955277,1.5067204022637
"494",1.66762603279092,3.89701062882133,2.1791897657088
"495",1.8097453171155,3.55271165283059,1.54209843603567
"496",0.914129826108405,5.11490944605411,1.72184081647222
"497",0.713182972207271,5.48897854911281,1.21633708785496
"498",2.0404780900103,3.60357192605137,1.21419247597199
"499",6.66449272177317,3.63272796852457,1.32636195660873
"500",1.69764702792565,3.00064093597485,2.01995203659956
"501",1.21334489635261,4.69679645374118,0.968224036289597
"502",1.17056576867427,6.84542840772655,2.46534784685812
"503",1.72320469412906,4.6026729873046,1.07949484173253
"504",2.75640207075617,2.81059714159253,2.27366372784591
"505",1.12717491285891,2.50649479851484,2.40563164371582
"506",4.42665562589177,2.43336276932521,1.05857136795819
"507",2.05973444232155,2.36146441758274,1.02408600750489
"508",3.34334865274444,1.84866220067007,1.02107445484173
"509",1.20092799385871,2.92285910844967,0.865313537644334
"510",2.36961412212745,4.37457475571343,1.1232585662905
"511",1.66091790021095,2.37243080956998,1.183433358305
"512",6.23019336673024,3.34202174814672,1.46116245082111
"513",2.75854892283412,2.19777981339842,1.12946079306528
"514",1.30589602203257,5.1541652896599,1.81965969683626
"515",2.41121453875803,3.538172626801,0.701619115199024
"516",2.45795057397305,2.99972177356335,0.823714859787735
"517",3.99684193060816,3.90803534946835,1.10466110299052
"518",2.02556026994203,4.34566588432375,1.22605449205879
"519",1.26526960417819,3.73286106371587,1.32676306006999
"520",2.7970392078989,3.07188937285838,1.14725159021141
"521",1.48914662342638,2.85303230571642,1.00396261743799
"522",4.78579636541198,5.05139739183942,1.27903119750106
"523",2.21399443498827,2.77297506186804,0.827254750769477
"524",5.88859078076163,2.84269604012007,2.1624750690054
"525",0.173171735723357,6.00567977379538,1.72066904732586
"526",7.83109544396012,4.17956984716007,1.80643424946842
"527",4.17805185399853,3.43782574716844,1.83537011949862
"528",4.3756348120901,5.19443991215115,1.19655373667642
"529",2.81033655483587,3.09096938879499,1.50257301998413
"530",2.80350256078935,2.24420101111011,3.18595052624505
"531",2.79428409059899,3.48475346763346,2.554154070548
"532",2.3632681076252,3.65073342153323,1.86259188578856
"533",2.65812473739278,4.40204315065386,1.84680651635464
"534",1.40396574463651,2.25281050044491,1.62920271342981
"535",0.523623297275962,4.31180698792992,0.792898140236544
"536",4.60279568672327,1.90709039566686,1.53606701764828
"537",1.72727787171287,2.42603623097432,0.94730940172866
"538",1.19783528100368,4.95061793337671,1.08226519786645
"539",1.2189172432708,4.14569776118345,1.36933127049825
"540",9.79840780541346,4.90421808235985,1.35150251808965
"541",5.42229848313962,2.63474975515627,1.51973309167267
"542",5.82506900024162,3.36137714769967,1.28284541802981
"543",2.88013505666568,2.73049211278944,1.28216426811876
"544",3.72212967555363,3.14500978662518,0.929207753300543
"545",2.35257732154502,3.20640217326374,2.49639163767186
"546",1.02004003690638,3.66099137966062,1.88833552861107
"547",1.22105163185567,7.24196262202607,0.910671633487362
"548",1.14055986229825,4.30026115574298,2.0186623635618
"549",0.986394590223158,3.08734912350081,1.14979686397002
"550",2.69426208344741,5.96859636788376,0.91283607916239
"551",1.45155705970254,4.51628987138181,0.736047487012185
"552",1.94704870763101,5.09127130152346,1.73761691208049
"553",1.71156581734826,2.91613566068929,1.85859031670091
"554",2.16929711310353,2.38629932142955,1.41354945778035
"555",1.93593567040515,4.52040755555219,1.17126430171816
"556",1.23717638862545,3.07889880058106,1.00436595001119
"557",0.86758813347361,4.68244481803329,1.04368325704707
"558",1.18462405680537,5.24571833471212,1.03651690543451
"559",1.00338970539495,3.171940722825,1.54929440369362
"560",1.04322482530482,5.42486715655773,0.936007288916623
"561",2.60195474057875,4.02178422177884,0.704589002437933
"562",1.93578251823472,5.48612561940193,2.07698895708007
"563",1.44404557949277,3.18558423798673,1.82486392201757
"564",6.28888759962876,2.99986055990835,1.00157146230437
"565",2.41688321761398,1.95719447016325,1.58309458919876
"566",7.25542844978328,2.04745195250069,1.33801352563765
"567",6.86074407801081,2.19636511075974,1.36132317390345
"568",2.8335965954848,2.40764677629353,1.66682630007774
"569",5.82114424685097,3.55841639679494,1.56571653225387
"570",4.97229320643668,4.16042729417363,1.39587741604055
"571",1.80689209175949,4.59404873828115,1.83381439283649
"572",4.2696474863129,1.7747429887854,1.5352755882806
"573",3.5148988128621,2.46331973911766,1.90413339082541
"574",1.16849564023768,3.57148760293298,1.76030240145726
"575",3.73511947352565,4.1786855365386,1.69623504475636
"576",5.60994694030942,2.72516628727664,1.56862129572725
"577",2.49474379715425,3.4353524916621,1.29226156306504
"578",3.275979182067,3.53765405155426,1.26478356543027
"579",3.67385657150342,3.44584797698915,1.58003761880084
"580",1.47634215966064,1.64471109176096,1.94916626472429
"581",2.25082956856361,3.54587412177301,1.45493137585385
"582",2.12459755910177,2.7111417917348,1.29369968819863
"583",0.846072069353239,5.95253555202231,1.10164648094628
"584",1.82758451287115,4.3166382944213,1.3772926639484
"585",5.89928582098871,2.74551907763569,0.69430501386033
"586",2.422312415891,4.35876553508367,0.650047098779023
"587",1.1770590320404,5.84007911084352,1.15889389570753
"588",1.2852439333181,3.21569848042065,0.875763258642111
"589",3.98779021891174,4.92309063173091,2.7301057638956
"590",1.60841107061311,2.30701771173309,2.57156502097044
"591",2.72237326285005,2.65878763858058,0.898956205599976
"592",5.60903966773411,5.87470882506047,1.6328896113025
"593",1.18331658626163,4.63062601720281,1.08006847192666
"594",1.53119392467274,2.68312651750419,0.764939687395641
"595",5.72766158876062,2.73416840238085,1.57387131232912
"596",3.10148143375772,1.15904761404805,1.36677746694842
"597",1.32352163167614,5.53102458089075,2.24723212501192
"598",2.96573116932567,5.58283309575289,1.56918381554535
"599",1.16700862530065,6.21120079814049,1.25250497989664
"600",4.77438784491272,5.59887797546306,0.911350247872692
