"reals.1","reals.2","reals.3","reals.4","reals.5","cats.1","cats.2"
0.510152231128286,0.32906022376407,0.454377865930364,0.00177689495763697,1,0,1
0.737387250552882,0.291058906926337,1,0.00968497552373191,0.284975685142053,1,1
0.0373932771841577,1,0.131531398986845,0.357534220228408,0.0772838221937952,0,0
0.317691392012426,0.472249902579481,0.00587940546405144,0.0844550486496344,1,1,1
0.0913561603930473,0.328649351713612,1,0.592155832681379,0.0445944756866563,0,1
2.16660402793911e-05,1,0.0612557724098293,0.576010591498675,0.0339638577052272,1,0
0.0511292534003651,1,0.0915406762036177,0.401648303491983,0.232340372072192,1,0
0.149383409206906,0.310858603098932,1,0.508965098363998,0.443235655249467,0,1
1,0.831161075322827,0.0723334579348685,0.0917756774246365,0.427021207828877,1,1
0.0539369499127691,0.313114177916823,0.323796968536272,0.592311425769449,1,1,0
0.187810273881538,1,0.0516428576261622,0.102258048416864,0.129548305138629,0,1
0.0958509484029571,0.294271680219574,1,0.217295547693746,0.0331752581144513,0,1
0.529519441963145,0.295544523435705,0.0416898168097429,1,0.021621972056484,1,1
0.420898713932503,0.400874807359406,0.494515437309889,0.20893789129714,1,1,1
1,0.560306638656785,0.7291435211397,0.0242891289419637,0.0142270961067454,1,1
1,0.828575143898318,0.0153573063537276,0.284612022413429,0.772813559515081,1,0
0.179056695227753,1,0.0286425074449168,0.868208733380012,0.139384349200492,1,0
0.14171217155139,1,0.98896886568858,0.159393342601233,0.0566935138371511,0,1
0.139514457267946,1,0.159749034591867,0.335219226081555,0.342527997832515,1,0
0.0460565942041095,0.855609409124536,0.240728905517807,1,0.558356518229659,0,0
0.199793669633006,0.0511800700229592,1,0.00618179896651755,0.00863280147242065,1,0
0.170621298839389,0.350631844443659,0.592364429750423,0.147777290322515,1,0,1
1,0.391798033173243,0.54107966197033,0.0508127278526037,0.0148445579222641,0,1
0.572538792444981,1,0.0885558095977503,0.136128610184349,0.0419588015132031,1,0
0.000910086967499217,0.82822556533454,0.34445958114718,1,0.143360526159286,0,0
0.0670951928515755,1,0.554536368435565,0.000419916563759727,0.569705617628961,0,0
1,0.865662294135666,0.118506988152521,0.54591546262607,0.393056227927391,0,0
0.414724002721765,0.536405803416993,0.0606511267756746,0.0745233063386159,1,1,1
0.0809823687395711,1.10205817763372e-07,1,0.691304019227912,0.437098064539723,0,0
0.00186139607916302,0.213048663979685,1,0.778225995530189,0.623745938037402,0,1
0.092800522424815,1,0.235338878622458,0.132819327527641,0.615451159454406,0,0
0.722393982890913,0.100225296020605,1,0.784649894435551,0.614887354120957,0,1
0.0820638074821982,0.91202771809186,0.479309779714876,0.473575600155066,1,1,1
0.847758263183745,1,0.0120203575113669,0.0786182051716504,0.430041287503732,1,0
0.000703808840610358,0.405752332688199,0.315976254429601,0.237575882917995,1,1,0
0.062536917140491,0.812551458250478,1,0.395373094381874,0.031728852978977,0,0
1,0.309564108037064,0.171959125807582,0.178114300150308,0.0152483834030885,1,0
0.248883135483183,1,0.747884150648201,0.0166681149636968,0.232099341854169,1,1
0.0400955589014571,1,0.113899085274388,0.862327265734141,0.360230399923546,0,0
0.191016798735313,0.193272985334737,0.776482347447391,1,0.60041121034317,0,0
0.757944124126618,0.455411742246195,0.50234056096103,1,0.121921237160602,0,1
0.463866811930915,0.00306205390163989,1,0.988887136969546,0.0161356614478154,1,0
1,0.91840228247943,0.122753011266116,0.0193094838560657,0.0578858877146351,0,0
0.349280454911964,1,0.385627418138517,0.180782592346278,0.00235407277560489,0,0
0.203025470772608,1,0.0478207347512996,0.336291205643962,0.249189053534385,0,0
0.00140154125318729,0.803313368956269,0.0193010716865994,1,0.118682622346407,1,0
1.89734976729697e-05,0.320590547756782,0.0130819593888447,1,0.386744276243029,1,0
0.131674287039801,0.0687600388132756,0.149171944491494,0.00614731491527265,1,0,1
1,0.0458924552121839,0.148502047084487,0.523264912887703,1.31733137402309e-06,0,1
0.639513050339559,1,0.371342141696009,0.642308636230431,0.0523102757953829,0,1
0.200977130084297,0.678706837764799,0.0261605910899447,1,0.260539388316826,1,0
0.223652009757948,0.783707308694931,1,0.208852518810443,0.0819548010095942,0,1
1,0.0263249948534472,0.721186419747438,0.529337290906598,0.312539093513834,1,0
0.575895909476676,0.871820777663085,1,0.165096038508941,0.442975488709241,0,0
0.00407976303024439,0.969573653426358,0.428934386432037,1,0.50545577226299,1,0
0.14943054757991,1,0.106228041198963,0.249543547789002,0.0604821649899999,0,1
0.0934160771775872,0.115560890650956,1,0.221909350124308,0.893912904175969,0,0
0.27306029009259,0.000209804115547634,1,0.453291424008961,0.221792855797052,1,0
0.0416349471853315,1,0.203645610709213,1.69589377821758e-05,0.237110395142694,0,0
0.18390755434485,2.66932644916939e-07,1,0.728124913108125,0.274290133852359,0,1
0.0911406936639421,0.0781165239904043,1,0.736606768125587,0.0453886828283017,0,1
0.200788529986808,1,0.660312754740795,0.666735371753472,0.496134228550115,1,0
6.47696414894519e-06,1,0.505293333881079,0.943751459976207,0.877265629329245,1,0
0.0582067554063733,1,0.21520449259945,0.232850467951,0.494661795655022,1,0
0.00090349220530654,1,0.0805038982287649,0.716100459738379,0.528465020374485,1,0
0.529777434495301,0.301985415340179,0.696840525366414,0.0782519128574764,1,1,1
0.0351121104100348,1,0.00047880292997905,0.276635294046114,0.144405803993233,1,1
0.101672621426397,0.00292899834332921,0.141293016240663,0.0418260603871328,1,1,1
1,0.263665645752168,0.126260404033493,0.521487894176056,0.0324261516300159,0,0
0.062836285056967,0.481170510083596,0.00369476294300951,1,0.251841686988238,0,0
0.888958415454467,1,0.275842981623153,0.0675733658701385,0.42093722182731,1,0
0.643334118573904,1,0.238675950369591,0.00467573845485274,0.723951867013659,1,0
0.109285406034791,0.512665359362396,0.114178474326677,1,0.268148616857792,1,0
0.0977564699504004,1,0.0863089644462691,0.00417003057120819,0.0729958938111411,0,0
0.306996022954959,0.649186420464029,0.0190080971704528,1,0.109964958799033,1,0
0.111258505003694,1,0.155777223486175,0.172845338948339,0.0224609930787501,1,0
1.92173992798969e-05,1,0.170434321355759,0.24219412107326,0.237716418860985,0,0
0.130440008247583,0.485519341386093,0.0864721340288075,0.560549354316415,1,0,0
0.518676561541566,0.206938569906413,1,0.713910734963779,0.610922119410318,1,1
1,0.14251145951553,0.581280705393975,0.481355950748363,0.224403996832613,1,0
0.0573603711601058,1,0.890346737681477,0.176816079796583,0.00343055219992464,0,0
0.0356918155709134,0.905232371412988,1,1.19363353960519e-05,0.203694074880582,0,0
0.675312774283135,0.199275374652947,1,0.469167710984992,0.147317898452156,0,0
0.00338514075112806,0.371530638992386,0.18467390416804,1,0.208958665610892,0,1
0.0910603693411313,0.595190481486083,0.111078697396552,8.72287530446005e-05,1,1,1
1,0.047011431423218,0.272824022181112,0.275648071291062,0.0333350714114093,0,1
0.677885236498074,1,0.0277593226552794,0.278177275075461,0.4188609972128,1,0
0.0211517092430873,1,0.0334313786853212,0.0469552525993129,0.0098437466420308,0,0
1,0.00584704199659692,0.216989605689425,0.225829846522025,0.000193123261307942,0,1
0.0525204742621294,0.386813880563798,1,0.823066835794112,0.197583418546514,1,0
0.0156639198121848,1,0.696593330299655,1.78520869029201e-05,0.187567674509834,1,0
0.420016284943154,1,0.135517903688311,0.206365069381571,0.300883629935899,1,0
1,0.31478551284607,0.00575397751695498,0.524839377054465,0.290802413759913,1,1
0.113246281242792,0.0129698058558843,0.978820031969041,1,0.446352909145275,1,1
0.0349268214897159,1,0.168208156259511,0.0117758676508418,0.0580805891301081,0,1
0.225407678473939,1,0.206541159937993,0.0957244927853241,0.255260850621247,1,1
0.145881275573889,0.439322438325525,0.42225262325213,0.0125364568737911,1,0,0
0.748310677121757,1,0.0640464645256926,0.00599539336149658,0.176201949322905,1,1
1,0.0379508839932625,0.0906405154253205,0.0668186743023733,0.0644245587958888,0,1
1,0.451041556394903,0.215525362201854,0.0381941357709476,0.857691985799342,1,1
0.212605499330214,0.127477195471258,1,0.0485253557334613,0.403047358820373,0,0
0.269318440325983,0.0360357075150012,1,0.140649300504896,0.25720285549294,0,1
1,0.868830715531585,0.240158180026597,0.0674218873693159,0.479953483023555,1,0
0.0998838762362554,0.51698059468299,0.125838399507512,1,0.111108845062835,1,0
0.0945275441103734,1,0.158916687061513,0.131343393290881,0.0121583797253717,1,1
0.4531543657669,1,0.0277326398519648,0.205989293743691,0.237602649493376,0,0
0.0400095232980466,0.307655867452659,0.237746056168349,0.475449621667543,1,1,0
0.174209309719276,1,0.163281373438803,0.474715803873479,0.25558851366621,0,1
0.383547156873457,1,0.256442832493028,0.0364734721752386,0.225620225454742,0,0
0.272679298859081,0.125545507788008,1,0.0825032226499528,0.186692168604692,1,1
0.54068873534739,0.46312461409929,0.910047340269714,0.185333174879859,1,0,0
0.463917160149794,0.162725028557428,0.143482108464236,0.0109567686055227,1,0,1
1,0.506731704860095,0.21806230594335,0.000675610036978941,0.464490606456442,1,0
1,0.173819829039389,0.0946805741062411,0.38393902622487,0.0475393236186363,0,0
0.173745860884858,0.736811953898766,0.346722373541481,1,0.74213949995353,0,0
0.0892905650278821,1,0.99547398316717,0.00102091107976501,0.506666479355605,0,0
0.759679430204948,0.0130306672911079,1,0.564787929552633,0.246720897795406,0,1
0.471205609697642,2.23060854505038e-05,0.707830828470442,1,0.213624447383363,1,1
0.00181361567372901,1,0.0963782739825122,0.269508699884953,0.0113766530078352,0,0
0.103699613471762,0.498729665277499,0.192397274863493,0.000135296143842699,1,0,0
0.762048967212642,0.303164702788143,0.872289132336028,1,0.0325256381861533,0,0
0.146519574427148,0.52967207497998,1,0.742268266639847,0.628877806052015,0,1
0.0837084369182692,0.244763195792543,1,0.146854327908672,0.167281064617491,0,0
0.341207993636684,6.4967153544363e-06,0.202063382425286,1,0.221330760747845,1,1
0.308360223912402,0.278065807607186,1,0.705423434058939,0.412199698591796,0,0
0.155888714691015,0.182745250863908,1,0.202260038777226,0.121250765902954,0,0
1,0.707172370304531,0.368447837512269,1.2471315920115e-05,0.303957941462295,0,0
0.541904502843561,0.399103001461461,0.974636082619409,0.13918216646042,1,0,0
0.00809971978105673,0.774444625624598,0.588550004287404,1,0.00824501584549888,1,1
0.0281223793828427,0.469118720098603,0.783982370380577,0.294922551802128,1,0,0
0.335279841246755,0.00117622203183764,1,0.295394929264742,0.414914538004059,1,0
0.0406475428699495,1,0.0214389919579194,0.906368361036111,0.592509268895029,0,1
0.998272766477475,0.218630693248603,1,0.412198360742892,0.313118534504848,0,0
0.542453705673219,1,0.0347084640873335,0.20910721243927,0.494753498255018,0,0
0.00214435171481405,1,0.330850394125384,0.0955871154105685,0.0859191645911497,0,1
1,0.000848050529925792,0.931947940268755,0.756257701382126,0.471529640822443,0,0
0.0483308747725362,0.667558989254333,0.0733700726753456,0.493165419735009,1,0,0
0.114132142125569,0.791890081402848,0.866937581254457,1,0.383506098112731,0,1
0.0411901684092765,1,0.852390131167545,0.591751870538966,0.322683541459284,1,0
0.479997123003624,1,0.035875205197716,0.256214696406374,0.248798969544363,1,1
0.200787536052818,0.658037303194327,1,0.939435629698668,0.0651759531035294,1,1
0.777252931971116,0.0080010535135206,1,0.706292696989665,0.682047738787246,1,1
1,0.87883089132824,0.0690596362113378,0.210776952386023,0.267651577725831,1,0
0.732468030860916,0.653439733552862,1,0.371317158008069,0.939727434169596,1,1
0.142693121115892,1,0.182050268002748,0.1826157292566,0.6428445112758,1,0
0.273520598181519,0.200483515733422,0.239139849194705,1,0.582379080173399,0,0
0.59314288901932,1,0.128090560372584,0.755956052358795,0.980620131093397,1,1
0.900958359880959,0.0421109218655425,1,0.867173360964009,0.53933271604861,0,0
0.568974027524771,0.0647553581260441,1,0.0156875484261438,0.210413420029336,1,0
1,0.334441538865569,0.198354922768396,0.367291458141433,0.000852289875942902,0,0
0.1317975164054,1,0.209008906978348,0.933452523208791,0.984995809158812,1,1
0.153192487830635,1,0.116892325134581,0.186681854346762,0.308891541177226,1,0
0.68949336256882,0.994034796933402,1,0.420526396950792,0.0845270040031819,1,0
0.364341053628314,0.150030642709663,0.634139334057686,1,0.00790740299918514,0,0
0.102488101430077,1,0.374904037124163,0.0924676317648234,0.333428940007347,1,0
0.037444955700749,0.637768680426592,1,0.0284361430857075,0.247329165611569,0,1
0.0130859962295416,1,0.264589865686779,0.0178017293238784,0.227918594889158,0,0
0.508960697228998,7.4354310946516e-05,0.305671323282337,1,0.911291008371755,1,1
0.907797125831155,0.695664162680658,0.306062339586742,1,0.053307332394072,1,0
1,0.551250395124887,0.042226996629229,0.242265727018878,0.728174596564579,1,1
0.359498391104254,0.959673964786054,1,0.492372884941806,0.0510281674516378,0,1
1,0.202758606330277,0.012377169995136,0.185817315436885,0.237160562970576,0,0
0.0993471858320354,1,0.0922785399824991,0.103660017415211,0.199383085799725,1,0
0.586346356525136,1,0.948844896505041,0.407618206425316,0.248580461821035,1,0
0.0485673880504822,1,0.0256151079854194,0.356950690767501,0.185230629117412,0,0
0.419683363622377,0.059147141096432,1,0.747907926014236,0.48607339020885,0,1
0.354778592135455,0.512971505790438,0.615259966404196,0.15706317533442,1,1,1
0.398920236504276,1,0.0771046123257212,0.0111216234717631,0.00172587361923463,0,0
0.531030169412993,0.000827420281913367,1,0.551632385367966,0.265293918411835,0,1
0.815209629277932,1,0.0594346536756221,0.0131865711775038,0.109805712957399,1,0
0.0804614054722974,0.806523812098454,0.464677599320018,0.865356938624867,1,1,0
0.297017323184464,1,0.0038241649583549,0.122208842591233,0.483693164272551,1,0
0.0263929075319459,1,0.0894160429579349,0.715611819511445,0.36574039415214,1,1
0.297946452045696,0.142146437654926,0.485518407061942,0.0461924130463597,1,1,0
1,0.0447384417481439,0.402663202756316,0.664101144382034,0.591771514165118,0,1
6.5663935569202e-06,1,0.606380424445464,0.783979238419455,0.13280903658507,1,0
0.168169690291987,0.000421317829920052,0.18110390718726,1,0.151955200908523,0,1
0.849362044051788,1,0.0664695819273471,0.183187136278808,0.622342735061035,1,0
0.447699056517242,0.141380649520159,0.0552599063651249,0.0474827724173219,1,0,1
1,0.102055690616422,0.0299657732899538,0.208698588211203,0.00290485337372006,0,1
1,0.00476889065604164,0.0421776683320391,0.0525820902562245,0.221492159248364,1,1
0.535273925982336,1,0.538106662987252,0.718776640908594,0.094120644796145,0,1
0.100946744945123,1,0.0560734906407126,0.197451624221379,0.295942546965309,0,0
0.0525628152463507,1,0.0423591167180958,0.466914854874401,0.64612411230149,0,0
0.171685911139656,0.451689720869022,1,0.00388080576489128,0.592497963875675,0,0
0.270275712188575,0.387847581309257,0.538427287121597,1,0.0974859735249504,0,1
1,0.849600325489339,0.138977452693642,0.00018108647518008,0.0657986769233131,1,1
0.188815038446477,1,0.501385550531095,0.0303618397388851,0.192794858784317,1,0
0.315686900058972,0.699028449112476,0.809209331875109,0.632847289764026,1,1,0
0.141918087707488,1,0.0608295276102358,0.0774561001783924,0.0617224627967081,1,0
1,0.113622227275712,0.19680871202855,0.0883048539994819,0.0916319893321605,0,0
1,0.905769115266636,0.197265713482673,0.139848135504562,0.137766987276671,1,0
0.0413947948343246,0.309604539044003,1,0.718753314490069,0.547246797722647,0,0
0.480934976993513,0.00172345752271554,0.29469623638614,0.351429909640272,1,1,1
0.87090874209335,2.66843063037359e-08,1,0.593439649765707,0.196620324909939,1,0
0.0406795389414924,0.514963460743246,0.980135184094907,1,0.0757352508328637,0,0
0.0849546852381919,0.539331294163697,0.077694551242202,1,0.993092127862235,1,0
0.512992498421552,0.0139984429683717,0.126918905067792,1,0.00101579863302169,1,1
0.735971998889195,0.440717670438773,0.455252467710094,1,0.333066216786655,1,1
0.199956680468394,0.11363818690758,1,0.297923702971014,0.267100873355361,0,0
0.0838962670408248,0.479828773386398,1,0.660850356639277,0.472746460855786,1,1
0.041216465347771,0.0251356114890613,0.27218320164972,1,0.134828522444035,0,1
0.0593103761258216,0.138993424096481,0.271723372918272,1,0.0368667875759678,1,1
0.199080904273765,0.0541973347728039,0.174092749948133,1,0.380632819613068,1,1
0.180634146405394,1,0.517671334250178,0.507669521768394,0.59801208101479,0,0
1,0.521301479089113,0.0371110581854455,0.243266658839926,0.0386381406444098,0,0
0.0443539909875744,0.418518368243501,1,0.166090801157208,0.0339510390125742,0,1
0.227710739363451,1,0.044781428120909,0.000134834406240723,1.5474662245848e-05,1,1
1,0.317160898171113,0.0936395933702543,0.28609445879174,8.98423137218848e-06,0,0
0.143969044336977,1,0.11815063970278,0.115624936390984,0.179443126249228,1,0
0.041370006627406,0.875635520202834,0.318070372258098,0.583703391011489,1,1,0
0.236646858533709,0.0735297527648373,1,0.11383557504849,0.391481597965786,0,0
0.470642519520961,0.181965391160135,0.690902465924351,1,0.664023615995427,1,1
0.527947631046942,0.134009608189054,0.849522860206679,1,0.22849187131356,1,1
0.133637986866756,1,0.141936234276475,0.00962981924000799,0.064446610569642,0,1
1,0.20111542071791,0.37374827840846,0.0534304034809003,0.195741726393535,1,0
0.474616720339392,1,0.937348184683364,0.125769669839095,0.158644732995923,0,0
0.111625680667914,1,0.0978301622919051,0.0185022837604486,0.187082204380524,1,1
0.000128466356793094,0.215781008775961,0.249554446010202,1,0.437586132286638,0,1
0.266145661188267,0.0330603418985307,0.963087479818172,0.127300164371381,1,0,1
1,0.613543739660195,0.265247923040898,0.185409537355367,0.0904052766351818,1,0
0.517115009945425,1,0.0615793767927201,0.00712847328753763,0.0624786324413657,0,1
0.0383443935558659,1,0.485078289244597,0.315151585062337,0.198598460133582,0,0
1,0.0129124558718246,0.591913281921003,0.440059014050918,0.20236951107278,0,1
0.0455145780936554,0.936808010330513,0.0695276237919852,0.313134470778601,1,0,0
0.303099094596869,0.659791328278029,0.493828331939877,0.267784923439955,1,1,1
1,0.308771226510918,0.338962004358234,0.4059702506075,0.303869495004383,0,0
0.413791320894585,0.133114326116657,1,0.146679928965496,0.973475491311025,1,0
0.153587822023571,0.303391734402355,0.538394354085342,1,0.177952625066017,1,0
0.080876414690858,1,0.142659289680426,0.199631199878867,0.212404849960231,1,0
0.722774812366677,0.0368624570457754,0.0189157140738682,0.02744445689008,1,1,1
0.20831411195893,0.109272509622841,0.0566193100667438,0.0184025981767802,1,1,0
0.792972840806661,0.101755705733971,0.98629283174514,1,0.228668859257063,0,0
0.699145215841422,0.00530409988646662,1,0.496323210082388,0.0537665052434966,0,0
0.118170658114105,1,0.82199281705593,0.180056522201122,0.37951617986069,0,0
0.332893990573298,1,0.102444415594669,0.248361458124867,0.830554135148122,1,0
0.242728772433824,0.395400876709087,1,0.339459434287966,0.095011081002819,0,0
1,0.0122175558711626,0.400847961909887,0.498510974276721,0.0468727015288636,1,1
0.119323443144869,0.732239782039479,1,0.408972255923233,0.0577978915987272,0,0
0.000244407150813338,0.863608084318128,0.847069007361824,0.351500823284308,1,0,0
0.659327840001632,1,0.00586540564137236,0.069646657766923,0.503621022163477,0,0
0.18296974111114,1,0.469309161608918,0.307796178143737,0.209985684003401,0,1
1,0.410292163688564,0.709562524893234,0.077427236224721,0.521954265994587,0,1
0.134820463084134,1,0.44662624801146,0.358377878386228,0.419066844574999,1,0
0.588314698695491,1,0.266021769927933,0.0151422389825984,0.319353518056452,0,0
0.0565771399530435,1,0.162968935460837,0.528051323357344,0.414647419524792,1,1
0.13138235220602,1,0.171762705794029,0.0186259421301132,0.194514983571849,0,1
0.160146579801086,1.22105935114919e-05,1,0.55765468892254,0.409439236249596,1,1
0.986935407385292,0.00126983299568044,0.672667946210948,1,0.273931223792978,1,0
1,0.734055155598272,0.0855694293383325,0.102502260800888,0.00659398783053141,1,0
1,0.251152949644561,0.147306848994362,0.332789470230686,2.13755423597651e-06,1,0
1,0.327537171686437,0.185111163877685,0.0481921838010981,0.593870421858692,1,0
0.687430068092387,0.439148896317769,0.521975100181429,1,0.350625718995482,1,1
1,0.0529872128077163,0.791270913502617,0.0137912024961412,0.8036549121638,0,0
0.484339470821817,1,0.23235290166347,0.0535439112147273,0.332310041742006,0,0
0.209968990057997,0.782296562297835,0.00838348661056141,0.992174973135287,1,1,0
0.159496040358296,4.8552426251196e-05,1,0.301583169138697,0.557488833620716,0,0
0.220851537755792,6.83113799465555e-08,1,0.389665245848547,0.286145483407555,1,1
0.0311614183255269,0.0693235640447864,1,0.273591469518106,0.157165143168252,0,0
0.0805509972270869,0.0474764557425145,1,0.873926941897732,0.467526172829583,0,0
0.0306624150306175,1,0.0021488186368808,0.356514079260643,0.107706098365952,0,0
1,0.408885467832438,0.544668407018089,0.073141002409399,1.13247886953311e-05,1,1
1,0.0276584799101351,0.690257915885373,0.441223762244849,0.0598480499816265,1,0
1,0.865737655045583,0.612098480074452,0.0735229209568293,0.0262605708046626,1,0
0.903522369598912,0.289390326566847,0.746344886973425,1,0.554674323850877,1,0
0.375101194067829,9.02489587965758e-07,0.551047399305093,1,0.173028999545909,1,0
0.24883529002821,0.0585197029264984,0.940396942841404,1,0.140274894808198,1,1
0.121363418127254,1,0.0632801462580596,0.0264681970478049,0.0600922230210042,1,1
0.981722691514663,1,0.225444436749036,0.858742606012269,0.427577096299922,1,0
0.0986509125351383,0.00017106316709798,1,0.78943315239731,0.218913981153969,0,1
1,0.078001900848719,0.0232315073808145,0.2104927191158,0.0168038826946268,1,0
0.197278095649395,0.171571585775339,0.8010701789502,1,0.514640184526569,0,0
0.0290147360820148,1,0.0303090003629098,0.0828893058823967,0.109780349814946,1,1
0.788335366337737,0.102949008658709,0.702112058947222,0.389078534679678,1,0,1
0.141204101386961,1,0.190061174291695,0.397625479287678,0.0643518848531279,1,0
0.366031497717693,1,0.364521111064753,0.835721402236863,0.82434993783375,1,0
0.140975582770857,1,0.490749562576882,0.20385783614805,0.736316032577592,0,0
0.845056839546715,0.239623098543127,0.221499621796536,0.268022949309349,1,0,1
0.0964508605183181,0.273498703817256,0.489753458608002,1,0.530996066862708,1,1
0.833521000652562,0.0020912427148841,0.937444038401179,1,0.84512928206265,1,1
0.495553299728719,7.06098880534409e-05,0.766350618119199,0.642839463840021,1,1,0
0.503479916992311,1,0.566005197354121,0.652393601386293,0.0384140299894762,0,1
0.0454654612795694,1,0.030655058472412,0.0401300112570007,0.0354313458192991,0,1
0.432105403982357,0.359979447711763,0.921252442961309,1,0.597990265520717,1,1
0.625187195903,0.325550319066106,0.646193604355826,1,0.284170902779982,1,1
0.099394115375152,1,0.0504402892397489,0.193342456406914,0.496003857437933,0,1
0.0677243272188036,0.786918899779707,0.0604687188156554,1,0.152085151908079,1,1
0.0207943211317351,0.361172026516379,0.709516582764081,0.690222313795336,1,0,0
0.624065342591333,1,0.117610390289483,0.650946202336574,0.254275131188489,1,0
0.120067440368991,0.92661132925005,1,0.260219634417109,0.0134534287972811,0,0
1,0.244351896822964,0.829151174714328,0.407594913862042,0.0268114982492595,0,1
1,0.00579651386172742,0.169614657433755,5.02417137541295e-05,0.136064571367713,0,0
0.281774918593959,0.00206913905128518,0.0608510854974602,1,0.232903624779565,0,0
1,0.812033626684103,0.0101131133114446,0.0408275891392431,0.0014276167010471,1,1
0.208168406596454,0.568450396779134,0.254438282835417,0.462127040746302,1,0,1
0.103394877008875,0.882274982557654,0.28841808695093,1,0.543314411438843,1,0
0.208208418858875,1,0.102607458814839,0.297724650642097,0.352154057149353,1,0
0.155813894050672,1,0.106426255519387,0.414832778588046,0.344637225491351,1,1
3.42657959724063e-08,0.390052135999133,0.158162205299114,1,0.318024117303133,1,0
0.5207576810681,1,0.890755816148076,0.306436630378467,0.0323430800726859,0,1
0.0826026665396223,0.56948369579496,1,0.499913501381885,0.156487823202042,1,1
0.56320378612223,0.484419951353762,0.880516092672228,0.69945575972054,1,1,1
0.149057275949686,0.590662577171076,1,0.881320332018356,0.0837107872501704,0,1
0.0406916145136881,0.374524520929157,0.169501521540476,1,0.768450271298812,1,1
0.432257382619545,0.462029269436391,0.697477162515347,4.2950268490877e-05,1,0,0
1,0.524570853685208,0.0308695756438531,0.101833040340746,0.178638748519745,0,1
1,0.669730302912406,0.0665774760745603,0.0460209073848619,0.187101388674668,1,0
1,0.198359395363465,0.309902760193219,0.117486499158571,2.23987849881624e-05,0,1
0.00321113941514835,0.270221547350895,0.287531554636448,1,0.346511634146376,1,0
0.237100855887183,1,0.0216572914624718,0.00295402101269416,0.0599961875354815,1,1
1,0.0147801179346739,0.357116206840879,0.16644236265026,0.395776632484832,0,1
0.231628406135552,1,0.419296604814478,0.790702061257291,0.242164817455133,1,0
0.228925367062632,0.0130980214394963,0.403755199597787,1,0.00537895734385044,1,1
0.235199655721372,1,0.241862482063195,0.0068393482187026,0.00249918848295718,0,0
1,0.335955034615414,0.667850246191459,0.00844429475950352,0.839203784576204,0,0
1,0.589609351290237,0.441268584430654,0.606390027883058,0.179141764452354,1,1
0.0405322097947642,0.277674645138593,1,0.376744289238839,0.129271572894986,1,1
0.874152350132153,0.0902175758093973,0.407193493500859,0.0918380905952018,1,0,0
0.00796421502205095,1,0.467802795095528,0.169770238371416,0.368257832463865,0,0
0.131393762569363,1,0.0491611197099699,0.146217706950768,0.311854315530529,1,0
0.0489801990608962,0.773840351536962,0.0248265701416335,1,0.12712925129658,1,0
0.177897562365843,1,0.741184509500249,0.259038312780706,0.302088543148127,1,0
0.216251067982581,1,0.0562134603041479,0.018113555900339,0.0167639833445518,1,0
0.698932497084632,0.137875307001212,0.124241031494539,0.0816787874518578,1,0,1
0.00371806430889672,0.5800765309356,0.329561596004376,1,0.100910240619916,1,0
0.517070194858279,0.71884762811484,1,0.207214056603989,0.0491097970401716,1,1
0.468266891795476,0.518491585496531,0.241057989766074,0.553429529694546,1,0,0
0.491047009396497,1,0.987673461686603,0.827774742139464,0.0527959666515184,1,1
1,0.695416004719024,0.227518541776059,0.0616001907021857,0.630396384334853,1,1
0.340481154697984,0.658211849700583,1,0.915079792404612,0.105832921026435,1,1
0.136373380141929,1,0.104872785957439,0.315202089986031,0.269784918226317,1,0
0.358993928564033,1,0.0150496185661292,0.0144348159274396,0.00338817451886281,1,0
0.00387985372297683,0.615516768261771,0.0411250611372371,0.624944808763524,1,1,1
0.584310233932142,0.16639653014931,1,0.112554779491356,0.456047053656105,1,1
0.21920124366577,0.0804015262637774,0.377822618776189,1,0.610981708458478,0,1
0.428960839740037,0.17872246823762,0.0846933124714701,0.658590463528238,1,0,1
0.0584263036829713,1,0.00716345383073936,0.198364586967072,0.163470630599442,0,1
0.402960733902883,1,0.829219770561058,0.109597582553871,0.0817622467694086,1,1
0.000342167050499186,0.606546418020977,0.230588147403784,1,0.251875844577163,0,0
0.247839319864193,0.00517657605911967,1,0.0920036654675929,0.218291059662588,1,1
0.295719911627619,0.554004687533308,1,0.444354313565191,0.11780523803741,1,1
0.034030116615699,1,0.0305501470164917,0.0819683263001166,0.258338148506841,0,0
0.929797669806224,1,0.936878844696485,0.116515313938759,0.0582416567039748,0,1
0.0221426984339791,1,0.239403726262158,0.278314309722495,0.26546681480698,0,1
1,0.891507852412003,0.0206677698103703,0.172241416397075,0.401317269938854,1,0
0.0858448215512732,1,0.0789410418153419,0.0691957666206987,0.0799778847151778,1,1
0.0516717787231192,0.972935471700667,0.281254351843376,1,0.309185562535215,0,0
0.518300676998117,0.973639216934834,1,0.341161988731313,0.371563964340051,0,0
0.0466806596522007,1,0.0393109633541881,0.853198804756771,0.218606730086217,1,0
0.00558018567785566,1,0.236286241471416,0.347950575217324,0.739928207487291,1,0
0.249206967726942,0.186282706729838,0.693017433474614,1,0.645635876374074,1,1
0.250367587878597,0.363936721660261,1,0.112898430677745,0.156062617132365,0,1
0.556664086982076,0.400379701938258,0.382433822066739,1,0.484533235729487,0,0
0.513833942277103,0.663805372991321,1,0.36908891570843,0.239887988851457,1,0
0.538314858036505,1,0.448485216097595,0.991298218999349,0.07420056080687,0,0
0.12349459707056,0.140537286010862,0.525442328409677,0.0272174198768028,1,1,1
0.0612907905372438,1,0.0735886245914739,0.0390640012804295,0.418014429065239,1,0
0.140113439063951,0.416858748200493,0.109160145628572,1,0.45493728367295,0,1
0.0678488122380756,1,0.731943167719497,0.175299593884638,0.356175099506393,0,0
0.146572744176195,0.601320780017908,1,0.114606310210851,0.59859794474424,1,1
0.959243533044772,0.145694318594935,0.119115404492245,0.139672691735436,1,1,1
1,0.167302499984761,0.610780773138865,0.0710741532829695,0.186201757918787,1,0
0.122795465155586,1,0.290497946261972,0.541382501474185,0.150764292240853,1,0
0.111784148555832,0.724955556625026,0.315400613055032,1,0.725202550170128,1,1
1,0.0746197170171246,0.74074623676753,0.0208226034577967,0.282285546873825,1,1
1,0.386060608377647,0.314257085418674,0.0329306015629478,0.122060833436147,0,0
1,0.802113857067476,0.000800119694113687,0.0238189668769032,0.332798820672309,1,0
0.242480350235294,0.316079390327313,0.120239698747689,0.0450107668636744,1,1,1
0.129734618689328,0.904314154439694,1,0.614221530915983,0.438862176247542,0,0
0.0757740372853805,0.559465708832765,1,0.240407445041873,0.115419620671495,0,0
0.329943874193922,0.127246958339971,0.775632355789242,1,0.244979196205983,1,1
0.410892093765154,0.390171639487676,0.584095793307811,1,0.120416916324622,0,1
0.0170416151873116,0.83417312772562,0.347157860888902,1,0.428781669784518,1,0
1,0.604801328619502,0.0523984077975146,0.477970823365847,0.0394779136184139,1,0
0.636309580677056,0.814720266041795,1,0.344802117843278,0.28875551031384,0,0
1,0.707981157100789,0.442506053901185,0.27471725923895,0.385857639322571,1,1
0.501963779916812,0.0585328143429617,0.513849923429548,0.168977652011987,1,1,0
1,0.658384355931769,0.655290726444108,0.21919430938157,0.0270141137717712,1,1
0.136826638034053,1,0.00840177372143777,0.648668995898488,0.296773891839163,1,0
0.145364679725759,0.791345158015396,0.148325074502341,1.79542527886249e-05,1,0,0
1,0.328582339136783,0.0245651397994346,0.0416696264267557,0.799162394044351,1,1
0.251272339592656,0.0219316150910255,1,0.932661671925715,0.497448428281133,1,1
0.191386502006444,0.930176673362945,0.728894941008304,0.835707036967807,1,1,1
0.0893935592600251,1,0.300564404611292,0.0685626083861026,0.263147285972631,1,1
0.000429342963211945,1,0.245381483757804,0.5078081182948,0.660739631013161,1,0
0.000451830800797788,1,0.735797675871583,0.0682293908256492,0.610509313307494,1,0
0.00815162103668175,0.617118312432529,0.0359841032648346,1,0.330383953060385,1,0
0.40692114179701,9.98194084304478e-05,1,0.751044514355834,0.247324853073497,1,1
0.000243534566831228,1,0.124943898409186,0.607491544218447,0.258524061754073,1,0
1,0.244910599238442,0.246657071114923,0.178043237829104,0.00236215495503189,0,1
0.476871183881774,0.0171476859139886,0.382170783253482,0.0107808611109655,1,1,1
0.0726760985816572,1,0.0339551405982409,0.177648796367458,0.120090101984748,1,0
0.00011144174172055,1,0.173199185835364,0.284818435568706,0.230535832757149,1,1
1,0.817369177563588,0.194936108241385,0.25513813379708,0.116711655728178,1,0
0.658496558120462,0.158385672752714,0.732691881890329,1,0.260174744333678,0,1
0.178895108424144,0.0782667499538515,0.250851071241052,1,0.300434988552681,0,1
0.393985938991905,1,0.703745460013705,0.639805411375906,0.170726104874488,0,0
1,0.453804866668706,0.396403497337777,0.153385012304612,0.057813140363321,0,1
0.185646617802252,0.36137393772738,0.208729771827376,1,0.343804340877615,0,0
0.107106551559017,1,0.21993240309103,0.518692695526498,0.553827129382605,1,1
0.051045085348185,1,0.1584275031297,0.0784330717897093,0.141604375792651,0,1
1,0.691478459377453,0.72650087101004,0.570021015883404,0.115532982724583,0,0
1,0.0990541823712931,0.806378512566831,0.0254273597621237,0.775547595847924,0,0
1,0.328583615238832,0.595473298462714,0.0333022898346919,0.859639585330366,0,1
0.711427304449955,1,0.041598984895144,0.48501168013431,0.23433251493104,0,0
1,0.314315330411338,0.889662706227371,0.298772890282513,0.202833080655683,1,0
0.854989013034727,1,0.691124728746412,0.182728337493035,0.779247396712873,1,0
0.00780094693584842,1,0.746535633798402,0.972308793084426,0.364925767884617,0,0
0.104373207700025,1,0.0221680681075053,0.0204571012239397,0.079993800561186,1,1
1,0.00043428415637309,0.129922141995942,0.872697117666733,0.204642066728175,0,0
0.698449467674698,0.404076713161212,1,0.372721607986415,0.124098224325943,1,1
0.282885145074419,1,0.67300892373434,0.858934780052725,0.12426892298656,0,0
0.47794106309759,1,0.434716488178943,0.244733196388921,0.00560197327350828,0,0
0.107950427183942,0.237422611481721,0.075139420596658,0.294626685782248,1,0,0
0.0255049686971156,1,0.494949519785094,0.40072057738757,0.158942200782848,0,1
1,0.499642776896557,0.225143285057554,0.0544151003976957,0.953986978331843,0,1
0.192101007150815,1,0.10794153061955,0.303346408265782,0.0327637964701991,0,1
0.268100640283672,1,0.0260469064997983,0.38021468930295,0.629737498772224,0,1
0.00671645734922624,0.233644846511673,0.239616293625535,1,0.394185804184032,0,0
0.0439475768764427,1,0.0347663509102356,0.364429865880648,0.246826558707844,0,0
0.0137245815050752,0.818907030270309,0.353542380638458,1,0.845906937525821,1,0
0.349650635840161,0.072644715381505,0.245161362655875,1,0.458897063334168,0,0
1.8019528860307e-08,1,0.867098793076837,0.194656021620151,0.849602096247357,0,1
0.660260182822221,0.0570128145287299,1,0.796648249909724,0.51934497808819,1,1
0.088118027177444,1,0.264399613722955,0.164944266711434,0.74492285184372,0,0
0.0674440314273519,0.836538544706,0.284437777643424,0.35866103961535,1,1,0
0.0894157809739006,1,0.101467687102489,0.303647820068276,0.057585468742021,1,1
0.0731976001205264,0.735800807302906,1,0.0458423437111174,0.568581708868068,1,1
0.505120763224739,0.994351575225093,0.000354749217487208,1,0.0793889094828973,0,0
0.399683624701902,1,0.404159623058573,0.458111143674796,0.422260974428094,0,0
0.336255210076733,1,0.253037489109548,0.416644410222329,0.139140045092035,1,1
0.129424644601447,1,0.411529045679097,0.350132716439067,0.425792523639414,1,0
0.496522314100549,1,0.198639048600909,0.208725175122667,0.72845857710501,0,1
0.0638316488343439,1,0.0526998709404012,0.0093668915917196,0.000343306785904834,1,0
0.300962837597005,0.288983988106615,0.844175050051239,1,0.213680954576357,0,0
0.94971701235754,0.465721456134765,0.507263443482977,1,0.408936346527402,0,0
0.0515748392228798,1,0.0455657262442483,0.124995378814,0.206734027630598,1,0
0.849128119149129,0.0247612245501859,0.2062495577219,1,0.656125185839099,1,1
0.33508423573372,1,0.0546187243329909,0.0869631984794964,0.46272145403089,1,0
0.28035945925398,0.394587011202261,0.215831020131289,0.0735066123051671,1,0,0
0.166198352783906,1,0.563066202229429,0.196749340581877,0.219389899644595,0,1
1,0.840738366524357,0.061874741728695,0.72932106253571,0.738830325533828,0,1
1,0.744139705896497,0.101057134454719,0.467680278583355,0.554558295207751,0,0
0.532452809534698,0.52122520628302,0.377268245886626,1,0.0420410549522226,1,0
0.8020453548721,0.478877819579016,1,0.965740940050863,0.64058566042236,0,0
1,0.000767630281299884,0.996297043605611,0.563869613334442,0.280045597207767,0,0
0.0888427304911524,1,0.0213455026322996,0.0912881409428673,0.00446212574852611,1,0
0.98852051838182,0.600140513285319,0.00405557936764892,1,0.202450788358114,1,0
0.130488945350789,1,0.127735714030932,0.359886000226963,0.384804297778311,0,0
0.181082121770463,1,0.519042557629723,0.153468131039831,0.101040135781593,1,0
0.918179954113135,1,0.278755261634494,0.0387707367878876,0.287451297283188,1,1
0.142434962243949,0.0455847702927815,1,0.558477466750816,0.308791406452189,1,1
1.17986693382823e-05,0.66174061022659,0.001876701850526,1,0.451931009779044,0,0
0.873958731799079,1,0.391810650908886,0.234331085487864,0.764899761617622,0,0
0.0809982904198443,1,0.115976646214533,0.122288536270541,0.147121165080111,0,0
0.678416904226206,1,0.0877587436432874,0.000138743999271877,0.356799475674499,1,1
1,0.0274742657516927,0.675743131332734,0.308062255297662,9.49540579063796e-05,1,0
0.16693196763955,0.56587430049389,0.225924156429763,1,0.615068876221901,1,0
0.7348498876471,0.144287646276416,1,0.0666625185077476,0.734770316465511,0,0
0.0523440866413267,0.00948789799304717,0.197872886105556,0.00479589727838342,1,0,1
1,0.0775306648447583,0.1467941108985,0.0619649550387595,0.00553337662215547,1,0
0.273609851918272,0.480777745577606,0.192605518261175,1,0.669472130773937,0,1
1,0.0354535772274232,0.122866065158902,0.138219137285169,0.00387167336170489,1,1
0.0438235100699499,0.225765069985098,0.696531216633925,0.00028558856416352,1,0,0
0.450187934736175,1,0.67446115149148,0.230088740826431,0.714473407300515,1,1
0.241007679064294,1,4.46450253598107e-05,0.621584474368817,0.0752528554863914,0,0
0.00554598944384314,1,0.0692450075290846,0.5648514094319,0.239413909430346,0,0
0.791027564036935,0.108246849240595,0.294278457376945,1,0.136019802649829,1,0
0.0444176533049058,0.937198541062145,1,0.799188662802438,0.399283214197437,0,0
0.175863379786649,0.0930299469780739,0.379089789528233,0.0163458797096988,1,1,0
0.0709803794011154,1,0.411351988569548,0.329135464742717,0.219836215478029,0,1
0.911109555584591,0.134744459569743,1,0.19224932788406,0.000713152255455246,0,1
1,0.529289272914134,0.29270626230659,0.263882236807289,3.90732296825246e-05,0,1
0.259162805893648,0.0260057367547885,1,0.310186221198478,0.243426060642171,0,0
1,0.0957739703132032,0.101942267445181,0.090901225793726,0.684226163702393,0,1
1,0.512393217311653,0.392553697854873,0.282795537948011,0.196289162636166,1,1
0.00110230954044186,1,0.367915481657038,0.65915247447279,0.728155279763841,0,0
0.273967743352586,0.0501716752000773,0.00406778283726365,0.00156063662651693,1,0,0
0.156212837287705,1,0.519210940393869,0.400601490375866,0.0523494746082876,0,1
0.696993174394562,1,0.0764729214919122,0.0145103186931826,0.0404018917814878,1,0
0.743775903042665,1,0.659237545536444,0.250126655270843,0.990540017078916,0,0
0.726536970745243,0.147756224254245,1,0.00402476286476046,0.171421440868022,0,0
0.0726946089397513,0.431388634622174,0.0950434243456544,1,0.281208786753063,0,0
0.134732719750079,0.219597391488847,0.174422366887482,3.08699206477582e-07,1,0,0
0.228302753244225,1,0.446899695937427,0.105491518296186,0.427253793473119,0,0
0.00193598692937067,1,0.289209387536581,0.267376565900807,0.440923326933434,1,0
0.135751236883218,1,0.10662608879407,0.0914334376822661,0.0882035279209704,1,0
0.286976731804058,1,0.0741393849544412,0.222178059477607,0.0831336516815952,1,0
0.0263244661256991,1,0.0015013523822479,0.486559778527349,0.15601781477202,1,0
1,0.891643430288833,0.0642838020757237,0.206497283890379,0.0274817372288467,0,0
0.0821928010908984,1,0.144218654621145,0.68320048815252,0.594271269633543,0,1
0.123217662321022,0.392345064045364,0.233392859473724,3.02463369886115e-07,1,1,1
0.0795893349811213,0.571331425634175,1,0.475436454504925,0.509720614018622,0,1
0.764390318258827,0.527989063548272,1,0.261948008712486,0.281460599465308,1,0
0.0152356235878211,0.799369016605171,0.0303741591268222,1,0.525192112554868,1,1
1,0.203248318966278,0.646904444107291,0.102570406273897,0.2020526291804,0,0
0.90174793518914,1,0.105786708382244,0.000530855557387716,0.0143683519081274,1,0
0.357361372665436,0.00582985523656788,1,0.727925787805618,0.174276297495698,0,0
0.189807698672508,1,0.275491575120548,0.41376611327613,0.156782676330429,1,0
0.774715649108062,0.0643319475440721,1,0.167445715044636,0.692705979381926,0,0
0.472660711775605,0.443979346844383,1,0.864518852781243,0.0323059054514262,0,1
1,0.110309524808546,0.401638760890618,0.325764149552955,0.000532794779241446,0,0
0.0946683806928657,0.533181117113688,1,0.829422425698007,0.362214896977537,0,1
0.0233440931922576,0.541072623841737,0.260677034683655,1,0.212384090478991,1,0
0.0228104190352892,0.685319371376599,0.147890183875866,1,0.283984674370376,1,1
0.36218827957981,0.0300777533631756,1,0.272490549689624,0.0451634852320673,0,1
1,0.0191598426934053,0.374510878611299,0.100665537678481,0.00154662436579644,0,0
0.646808307846355,0.458097091481403,0.138503294044277,0.0938717452421033,1,0,1
0.0255992995666205,0.0524878558819965,1,0.208140575231542,0.0285109201004579,1,0
0.0926581890091314,0.158638308283756,0.630237948852264,0.0203251053594347,1,1,0
0.317328848473888,0.0011152401770189,1,0.942707714944479,0.264859639561737,1,0
0.751853770490184,1,0.731603315989157,0.00221552641379821,0.977015661895025,1,1
1,0.599081540174192,0.184999961284682,0.0132051165056746,0.122880269703909,0,0
0.169786811105825,1,0.154603109970262,0.0718720048948026,0.0214028964811342,1,1
0.000820482191038108,1,0.0897663129064905,0.484277560830755,0.120008663380151,0,1
1,0.415876526048292,0.0424641455803079,0.210157987193913,0.262822974623529,0,0
0.387192881440202,1,0.468758043462866,0.182245773666913,0.868554772565841,0,1
0.890932048905932,0.00136476135500392,1,0.834399675076301,0.681680457211818,1,1
0.187781742588261,1,0.450178779637387,0.0817783398173171,0.217433197788327,0,0
0.151971033117819,0.565546430837274,0.549136581811396,0.673532614390284,1,0,1
0.27062599210146,0.43862547139382,1,0.730938237937461,0.0584109999676963,1,0
0.467753488915363,0.438221778478103,1,0.0908940439563879,0.904761276066892,0,0
0.482366403685448,1,0.0800636443083934,0.0104873301623662,0.556603421118703,1,1
0.118803952540865,1,0.0607681205651686,0.191742354281504,0.00776497883465725,1,0
0.493896833457249,0.420254599912862,1,0.170408097735377,0.337176060979521,0,1
0.27104214218745,1,0.0253338130349385,0.0234040694725198,0.0411704210603529,0,0
0.117113901896344,1,0.203915160234076,0.431061970285843,0.799831678671478,1,1
0.106393833656525,1,0.965095354105163,2.10767815718471e-15,0.348336897390611,0,0
0.958348768882256,0.0203880108269169,1,0.0510260710864042,0.603400774720944,0,1
0.0135458133407014,0.671761300565945,0.0326865320755719,1,0.159788023495909,1,1
0.429069009799777,0.0441608458330932,0.180851926451271,0.0955864328763751,1,0,1
0.0096709077062856,0.179375230410913,0.000735271029108518,1,0.13856390804239,1,0
0.259353729648954,0.203033571129396,0.390971894198703,0.252246740563687,1,0,1
0.105308830865125,1,0.143268033911623,0.638821954043705,0.818184528932911,1,0
0.389680215841752,1,0.820525648327813,0.0991624319859359,0.0316624668884768,0,0
1,0.28150090302996,0.00762777845440653,0.204190269414298,0.395897304552639,0,1
0.658205593941924,0.391583924544412,1,0.723285869751358,0.453499223759165,1,1
0.122634109034487,1,0.54500577283919,0.508555902217553,0.720451817213392,1,0
0.835462209640438,0.672726968765642,0.0411732402004515,1,0.14542695018931,0,0
0.549343199868633,0.301078994320034,0.104557606951535,1,0.0164057239634358,0,1
0.0650058399492996,1,0.00157811670264161,0.0470601002816633,0.0872506853517921,0,0
0.600775448267447,1,0.0799273172934612,0.0176150168059936,0.134066268588561,1,0
1,0.722605965779347,0.00914759953222298,0.324315147292373,0.170408686780622,1,0
0.449093949133819,1,0.0284404579749833,0.0939261043622194,0.0784144742400102,0,0
1,0.17774425153327,0.026198664208701,0.15369998545559,0.309550237238061,1,0
0.0853491688428855,0.894208341874122,0.000758424686304614,0.803540049145383,1,1,1
0.726146202627998,0.125336645758772,1,0.102525049560989,0.121205680690314,0,0
1,0.370095581301354,0.0549723581398905,0.183569555708929,0.183938548803047,1,0
0.972215863128591,0.168129048645113,1,0.284949872604587,0.874463268580509,1,0
0.207833899375847,0.0629665931876424,0.437624053323556,0.0180625084335493,1,0,1
0.0787414373877653,1,0.392858754566328,0.19790532797196,0.0506623744896614,0,0
1,0.00844537044033192,0.197159943903836,0.0725681227653781,2.83502847047275e-09,0,1
0.554761226373723,1,0.599410702301109,0.144037746811749,0.0318796748856454,0,1
0.0966656021829584,0.410583359643238,0.328343885496991,1,0.127934268593303,0,1
1,0.460532629859816,0.118675357324024,0.0399866858930658,0.0827001208780062,1,0
0.179125212299811,0.203514980174508,0.128073826307255,1,0.236685720827201,0,0
0.623175501806655,0.130336212081661,0.675411339564588,1,0.132423365286513,1,0
0.245101754590145,0.0728809504256692,0.847254922174313,1,0.417737554856975,1,0
0.0507400711885999,1,0.816633664222725,0.407323244439705,0.509779800029806,0,0
1,0.373700666819699,0.064739220791313,0.198720455605274,0.242656432224761,0,0
0.0413680818306561,1,0.239890787770497,0.118473323384002,0.0912437922921782,0,0
0.181680447981143,0.520871582827066,1,0.260131362771774,0.29485585289369,0,1
0.031409070715809,1,0.00749793046956034,0.272360498240397,0.107948710726431,0,0
1,0.56162255542641,0.43369116099182,0.0603946365659578,0.18565592357017,0,1
0.763088095625609,0.891232957660422,1,0.0179682431996295,0.0246942698713827,0,1
1,0.0514429400709073,0.694249931153919,0.635059265326473,0.477651208090338,0,0
0.20813804349852,0.0728717076169944,0.980138526101106,1,0.276485174635559,0,1
0.279639319230071,0.231561981956726,0.333371820967235,0.19848186285996,1,0,0
1,0.718069262904286,0.270517587215167,0.67471195915311,0.345079623141628,0,1
0.156256868431874,1,0.0154945205855761,0.120902796242459,0.0495739342529089,0,1
0.707133859930267,0.187114559840427,0.213154137902371,1,0.100017741262659,0,1
0.294690171241636,0.795882477415705,0.27862897979167,1,0.462456416129222,0,0
0.163423504523282,1,0.0311184909516769,0.979291193631562,0.491896141514399,1,0
0.1173027949563,0.233522439022563,1,0.408182742674652,0.0866065445108264,0,0
1,0.134718093172103,0.285450478288829,0.844148739054041,1.63303828670383e-06,0,0
0.261872126922195,0.573771955175504,0.0456164588702182,0.416122051261299,1,1,1
0.566679085150598,1,0.782097385809677,0.910527141022923,0.0318214311122353,0,1
0.0114676665531214,0.346075840697682,0.190173176767723,0.0506407562801559,1,1,0
0.324520658790184,0.270625423416408,0.46609828446927,1,0.573834832493443,1,0
0.0227958039621655,0.00832567071971206,1,0.179519274479513,0.204529920094495,1,0
0.134375168616826,0.148563287722122,1,0.419673319890425,0.241457426679639,1,1
0.702069192068248,9.58799863382205e-06,1,0.776770821705872,0.192308343419759,1,0
0.0307397253798837,1,0.0384817827908897,0.186506928790548,0.0324019947398748,0,1
0.033062393002442,1,0.470303446812052,0.0191961975087658,0.0137820840419996,1,0
1,0.106877025979531,0.4329330309896,0.0333380942996146,0.0850262963060034,0,0
0.0433622458114149,0.633422521970777,1,0.119674902006018,0.221596574785986,1,1
0.525869206247344,0.195190090664865,0.802488357540127,0.00233546620571272,1,1,1
0.110887402160703,0.194603687910719,1,0.321930934312392,0.69216466759984,0,0
1,0.404692342300672,0.842453330109394,0.3303991632493,0.20084553283022,0,1
0.0927229154150896,1,0.894833357910733,0.0269123134101817,0.123922382317579,0,0
0.923703465462888,1,0.162951383933278,0.222582070163011,0.910514456268906,1,1
0.385769169649058,1,0.645060297021766,0.475073980655481,0.358543092500576,1,0
1,0.34036160060942,0.702751853322594,0.341209491221282,0.257197453928946,1,1
2.48864611575381e-06,0.713189415519125,0.0563938286696359,1,0.571911631917948,1,1
0.269747565190038,1,0.589617400452592,0.0631561799211968,0.0468553483017603,1,0
1,0.72175691925004,0.036605221061328,0.365860456896028,0.251077750866059,1,0
0.363103208030249,0.351362875658375,1,0.246368078170735,0.639120279329502,1,0
0.039270864646692,1,0.00304087740757021,0.422627474958805,0.506156517237823,1,0
0.158722543251272,0.952479996462334,0.351695772761358,0.335995105779999,1,0,1
0.269360958603152,1,0.246878147606121,0.328046216362414,0.326441647174881,1,0
0.195818951419418,0.000495400718019956,1,0.338285592796638,0.116925794811643,0,1
0.762511661142332,0.000751941575869903,0.846233323892066,1,0.335384385843604,1,1
0.888046548332184,0.124234741745107,1,0.362167725753544,0.346068706128144,0,0
0.255314201890291,1,0.183039971452601,0.35949566745399,0.658395130920762,1,1
1,0.239896182148466,0.877086474073911,0.232405503597234,0.730012871563484,0,0
1,0.425484865968926,0.961257870775319,0.00026013480375178,0.44006581107668,0,0
1,0.741762473183068,0.451650877977468,0.705292351697306,0.0138375000878974,1,0
0.0833237398992908,1,0.21054042763872,0.908906478104367,0.453862889406324,1,1
0.209914151303537,0.0207602672648961,1,0.541938038721717,0.229069122605223,1,1
0.085451156384135,1,0.000252896749622079,0.762882602664434,0.118891113394785,1,0
0.964346598232482,0.00958828283130673,1,0.914814188809319,0.101397906280888,1,0
0.042771366102881,1,0.00169038289375154,0.131935656653953,0.0391753282158655,0,0
0.481427679216401,1,0.259046370000693,0.151756182357389,0.201009988454845,0,0
0.186786375484076,1,0.289692555712222,0.0989730972962096,0.192600273768556,0,0
0.0270025553813196,0.37001205815929,0.356637121979828,0.207298590554135,1,0,0
0.002681661703135,1,0.199135536823182,0.181729696957895,0.0809088932321168,1,0
0.296438367933308,1,0.0975963087401563,0.422676980330127,0.0880277954521337,0,1
0.852272164463872,0.378791542022496,1,0.0763619990044479,0.768003448238251,1,1
0.0919562892617174,1,0.0440269459361213,0.607291134064972,0.0300118656100443,1,1
0.91726418226551,0.0761927577564938,0.475894971960296,0.124286886447418,1,0,0
0.000120004227560484,1,0.620964065519541,0.104407291549763,0.61062023786382,0,0
0.338933450282107,1,0.506029303948736,0.683397214564047,0.634042953971267,1,0
0.298110849822002,1,0.0756856176745847,0.739898430933353,0.372983514989343,1,0
0.304028269011824,0.839102274527726,0.269892625057239,0.234303276667071,1,1,0
0.68042945796192,0.328110245502212,0.573742628768349,1,0.115055243109096,1,0
1,0.425945636731152,0.896510824646639,0.000263265409860323,0.899495705462903,0,0
0.37183912688883,1,0.738737076068651,0.0902029278956806,0.117009605379392,1,0
0.217184560846178,1,0.830303171663271,0.483672250467099,0.373991472276198,0,0
0.241092130533956,1,0.279515650820953,0.0146540780945447,0.0840547134117352,0,0
0.0255321307984499,0.15834583693957,0.0295334780072455,1,0.0904888829793456,1,0
0.330485400473708,1,0.0616812134318631,0.0688783209650523,0.992434556537763,0,1
0.0643044004938361,0.660342364218519,0.168689633677159,1,0.51999558330797,0,0
1,0.689715699023578,0.0395366366472813,0.360987519767623,0.320272579330042,1,1
1,0.252235575051181,0.7326280162434,0.305727219143357,0.498488701154283,0,0
1,0.817562729117254,0.0731166123150353,0.93598197380498,0.798840034281235,1,1
0.66646078161621,0.190861507651164,0.295084136234568,1,0.964888526258051,1,0
1,0.805248146551217,0.278867568969005,0.457368620323323,0.0281577954530046,1,0
0.106715496063012,1,0.633196854054149,3.37915763463537e-07,0.254853117764034,0,0
0.771517677237826,1,0.307069513631068,0.351890125053706,0.870813684973398,0,0
0.208499743343448,1,0.0399535113083654,0.119924706457513,0.000331950322845301,0,1
0.0327492580626206,0.418539102742398,0.354591216943013,1,0.101849406971165,0,0
0.676764259148201,0.289591986499139,0.524358797256041,1,0.297049227232328,1,0
0.263077840440314,0.698632932690428,0.459688293615268,1,0.848483199268652,0,0
0.0018102336480242,0.494259878247496,0.261585767760001,1,0.185536360173741,1,1
0.830652128562927,0.884334231563335,1,0.25386615846156,0.41362446345061,1,1
1,0.0431939883855579,0.235046217832751,0.116606833553967,2.50841475687826e-11,0,1
0.19585496074514,0.209973279759983,1,0.00132244401037396,0.364075799482235,1,0
0.163467276562238,1,0.38200289240194,0.311267160220929,0.172992272286895,1,1
0.674706897062404,0.0384916785541314,0.283937185131054,0.0192262777422742,1,1,1
0.0430170988889164,1,0.0571132312293411,0.664672672319395,0.168787390875004,0,0
0.710689093994908,0.677666982089365,0.517827011384718,0.154269988770255,1,0,1
0.78963605066858,0.221498506988871,0.426486801277758,1,0.436005808600355,1,0
1,0.0360032937930323,0.199236662952544,0.553277568570044,0.448234425348681,0,1
0.0222639412942522,0.892070585201172,0.0127623494207596,1,0.284582860402296,1,0
0.317551408746075,0.240994332292345,0.0994931665065268,0.378586012536814,1,0,0
0.297068196457503,0.392017743155413,0.0678784085635349,0.27695131227953,1,0,0
0.411717716859083,0.474785766244738,1,0.431123485539126,1.42410711217517e-05,0,1
0.842767953459136,0.24221165330934,0.548540679478335,0.254365472250706,1,1,1
0.345159197149675,0.390271847332314,1,0.353976052292287,0.28775644895116,0,1
1,0.226831700007249,0.899338991842183,0.113980367048507,0.731206577357641,1,1
0.00675368878891806,1,0.0521471636339986,1.20436132567316e-05,0.718043412322727,0,1
0.10350640484665,0.346599926051137,1,0.185643199057834,0.0832419359242056,0,0
0.55918213532734,1,0.289974917725368,0.112154414608041,0.475103750810607,1,0
1,0.0787524035757771,0.138518700709444,0.270525342559552,0.000161959163801097,0,0
0.206513182943804,0.51527378447677,1,0.488078824014549,0.174487924184451,1,0
0.3532860090201,1,0.373790977446017,0.684728977487311,0.0278168727066895,1,0
0.381759779928404,0.421705333400445,1,0.118547922775589,0.0676828182303177,1,1
0.453386416133452,1,0.325687520498608,0.535189812894683,0.581361110810911,1,0
0.00592536925894445,1,0.0735294229992399,0.588931537462037,0.334130250235381,0,0
0.119983099707262,0.983008340706194,0.125584833588907,0.985963340097555,1,0,0
0.0834713944831072,0.436183382946078,1,0.259763146284567,0.235279737799002,1,0
0.00395331281206968,1,0.00326709596290421,0.392858318920427,0.281104229403381,1,1
1,0.46741160542952,0.460746923684108,0.0972309047022298,0.0546352130895894,1,0
0.215407401583512,0.328556113126088,0.478208986614454,0.179338344953558,1,0,1
1,0.757056029239624,0.368325176248066,0.227047577044303,0.917656382998425,0,1
0.0701469656655221,1,0.212729558749697,0.227807505905308,0.613232337505735,0,0
0.0617677141556089,1,0.781048106089347,0.156169925363623,0.0425374773445888,0,0
1,0.421187386505383,0.126310434497436,0.0535990234799523,0.361484608842413,0,0
0.657251445925074,0.527517537273248,1,0.649487864233816,0.307867012918166,1,0
1,0.0989473451904172,0.448670321884198,0.63699971664103,0.145932442806337,1,0
0.314453238716662,1,0.732404763269799,0.0405613274334124,0.573756285716882,0,0
0.369646156996253,1,0.140884356698932,0.358275185879237,0.279363522572122,0,0
0.112089378001208,1,0.0926431815619713,0.00873359999763162,0.0541512533176347,0,0
0.0066859919029282,0.848660070348352,0.0752359225504412,1,0.531557286393012,0,1
0.0106196561789304,0.832822596082611,0.0112917136490692,1,0.55206614898767,1,0
0.134231060973554,1,0.0176049330749938,0.769149466574483,0.286646576081579,0,0
1,0.184413097042146,0.0973822399331229,0.135978342386214,5.08690173126289e-06,0,1
0.681894630864021,1,0.0142975540504243,0.000822050096892489,0.223086380449133,1,0
1,0.862594526877356,0.282369008727074,0.260364861847055,0.719953282441127,1,0
1,0.318407049556177,0.237523692817132,0.00110022829052913,0.980710240111595,1,0
0.676830941116813,0.651000733377258,1,0.546545857779477,0.477139553393462,1,0
0.106897809632934,1,0.0749591775960287,0.552446328923101,0.508084095926863,1,1
0.159387479069872,1,0.4319142014364,0.136606495181308,0.104831869723345,1,0
0.226462087493169,1,0.838641816137532,0.56114626724592,0.608303693442949,0,1
0.646666272657216,0.60213012781882,1,0.0243819236948016,0.0456801351921955,0,0
0.0603398384376093,1,0.791555912777637,0.130336316515222,0.210660412119235,0,0
1,0.691430618379071,0.237972789638053,0.0405786740207153,0.294791548308476,0,1
0.841445750851018,1,0.672558671990562,0.189986269605682,0.329814564722334,0,0
0.658586705517375,0.894397652940644,0.374973189186305,0.348282891513118,1,1,1
1.62579143075999e-06,0.960686679094408,0.426219193106671,1,0.263432361314578,0,0
0.472663753741805,0.159024641422323,1,0.557673023127317,0.989907481054597,0,0
0.234721458777841,0.36707316702646,0.635888062914171,1,0.131819923686139,1,0
0.221369291451324,0.386192561176722,0.177393994523028,0.188118512430732,1,0,0
0.485909111089776,0.539356944871816,1,0.523567843517588,0.646300455384156,0,0
1,0.28805110157664,0.0877079080794504,0.234442944529272,0.910311059504237,0,1
0.0779698086631047,1,0.106144781055124,0.108254311169673,0.156926149662974,0,0
0.249859486814575,0.0161438772084584,0.0574542098226862,0.00215979683559189,1,0,1
0.109252596870596,0.397482673803907,0.0344087717639281,1,0.305375999314253,1,1
1,0.822172069248134,0.692690344145519,0.450649732157916,0.454586701260326,1,0
0.962748619414115,0.129298146526188,0.385472885710602,0.221306335744137,1,0,1
0.896283205270509,1,0.0132739967711585,0.00886618239411368,0.179021105375511,1,0
0.0556909482653446,1,0.0526587341860341,0.0585509987245564,0.108285186778513,0,0
1,0.0317747758593431,0.196499248170077,0.42870742960784,8.51330827674467e-06,0,1
0.295744262769559,0.714862767162847,0.0845051692583745,1,0.177897237170721,1,0
1,0.34344749970982,0.697721020210405,0.521097757407126,7.7133622885892e-06,1,0
0.0143971393417755,1,0.16732509760128,0.128469927281956,0.200720136614259,0,1
0.529921958618142,1,0.431337087767574,0.015256983978563,0.282169634935787,1,1
0.306443716381257,0.00892605672079688,1,0.393430303537121,0.271119463015218,0,0
1,0.467718416653392,0.598053541310704,0.101665187294073,0.104593533430507,1,0
1,0.249931682899613,0.838129926982952,0.87892785944943,0.00257435906603491,0,1
0.0781800349792064,1,0.0482290016326229,0.168192884811627,0.0142426100127819,1,1
0.286143622304586,0.435965881419357,1,0.244365086088625,0.392796199361024,0,0
0.0468765698831304,0.817470230363009,1,0.501563524822315,0.366417653421921,1,0
1,0.0640152503754287,0.377751736454803,0.200592250352148,0.000604802639033316,1,0
0.576539577950911,0.11242370161818,0.0530293571233698,1,0.164990518871161,1,0
1,0.539221020008268,0.164420787753017,0.498805018927754,0.000156006292360162,0,1
0.0110714620708121,0.499272692956962,0.158192453725409,1,0.325570159066182,1,0
0.637212425372869,1,0.361221310930367,0.245180085740805,0.0183627569661098,1,0
0.217428057172242,0.12016577186165,1,0.109748566762608,0.0723042910155486,0,0
0.0450864970028419,1,0.0138176504291974,0.0504097522356756,0.0526995592593073,0,1
0.0171172349143292,1,0.77669029273887,0.525202402159089,0.371267671001642,1,1
0.364636433375074,0.154518152515315,1,0.338182401634773,0.381011904688227,0,1
3.79153623475415e-10,0.21943641408877,0.454645075053942,1,0.0320577093417063,0,1
0.528279795107092,0.635006662770597,1,0.107348211536917,0.422776184598002,1,1
0.448713212562066,0.0293796090749577,1,0.115152841851709,0.450875225810225,1,1
0.40075649416198,0.0664713472110574,1,0.953813329852897,0.421839498290812,0,1
0.781460665493432,0.0488687538719196,0.866041990838443,0.576672732248562,1,1,1
0.16711766633945,0.751328828199761,0.0172885514654796,1,0.183130595971778,0,0
0.56899170103218,0.195378765019703,0.275087867662787,0.0427441520466891,1,0,1
0.185301348429727,0.0982527550458271,0.577767944585269,1,0.362156955378931,1,1
0.768044951116624,0.655826815932079,0.449300592826559,1,0.962764897245717,1,1
0.725830186870881,1,0.0920097073582253,0.0383383111793032,0.209747620458513,1,0
1,0.827400743528213,0.00286280946970657,0.0971289339246044,0.0301087138051843,0,1
1,0.291831434985694,0.544829887012039,0.180467719630551,0.205497754812243,0,1
1,0.0345411930872022,0.172659430503592,0.150180696444109,0.00297578573868949,1,1
2.328871405659e-05,1,0.0974025643720835,0.156996473582462,0.0760132069405091,0,0
0.00154172791853546,1,0.3808361204626,0.389363791304293,0.0313510302129071,0,0
1,0.77331524833408,0.948996078395483,0.328960826320192,0.241863615103501,0,0
0.23725198808644,0.168335023411122,0.318885629707898,1,0.272693219661715,0,0
0.478555431032573,1,0.393797160171226,0.487124937287213,0.829260616858362,0,0
1,0.721064309424266,0.0068141610535315,0.0562498210914559,0.66111933179189,1,0
0.417829270268305,0.127887108786152,1,0.26413914263283,3.50113560976263e-05,0,1
1,0.257359681447447,0.80692433747688,0.275667305094568,0.0518529932793943,1,0
0.0774988756536457,1,0.307785692746706,0.000144939272918338,0.173749157466079,1,0
0.578115937501535,1,0.894635013254223,0.813452735298144,0.676413464922814,0,0
0.135928334351873,0.279142154631065,0.767811041860954,1,0.0183205351865938,1,1
1,0.157887552625774,0.285329361549125,0.666908614922196,8.83614597704598e-21,0,0
0.220700598447886,0.275728790124287,1,0.183850513982216,0.810181811962299,1,1
0.287130430810138,0.0733356031370403,0.846017567512184,0.572207254443347,1,1,0
0.513074011136613,0.258717566260392,0.294264206040549,0.248973027303574,1,0,0
0.81856977085311,1,0.00857265010325273,0.295018833888014,0.697857434298818,1,0
0.00495871235527893,0.357482210688647,0.0186439831900901,1,0.149945140064493,0,0
0.161840701506897,0.384723496255049,0.663814768534278,1,0.72118410078319,1,0
0.815455217292786,1,0.0624781658364887,0.140865257179896,0.0700632212609131,1,1
0.957634630796232,0.326627308394398,0.340867162696642,0.79456672645518,1,1,0
0.684906102045177,1,0.0772019958159988,0.917416108182677,0.300594214151108,0,1
0.866601374991905,1,0.35156220999143,0.235258195857031,0.744371330258381,0,0
0.15807936794569,0.447732386998737,0.102575243432084,0.328374262540824,1,0,1
0.306405326319889,0.140284181195664,0.467172944921838,1,0.170656004566756,1,1
0.231488095663262,0.163835221176193,0.203275423942144,1,0.962395830524185,0,1
0.0278483382972711,1,0.0508527990839735,0.181529923056201,0.0453270931081756,1,0
0.19674368909144,0.929899708332416,0.214851118285566,1,0.0533454914602055,1,0
0.785356883995103,0.254861558911534,1,0.0357291854435901,0.0307759095558298,0,0
0.0186046979619714,0.571672238654413,0.397398652350283,1,0.717823709374674,0,0
1,0.147637672177745,0.0784230344610197,0.268977115464637,0.0282300364650062,0,0
0.427210577619671,1,0.898926692615451,0.302606869636688,0.555092917542483,0,1
0.0621024674492731,1,0.515121050363892,0.547402091784205,0.0214789805049724,0,0
1,0.849429097098862,0.00133982982064178,0.02993442082935,0.0501517181298862,1,0
1,0.243098543864055,0.208850753446501,0.329972076652187,1.13638393030276e-11,0,1
0.043891011024414,1,0.538560328694636,0.431942147166379,0.287988729543696,0,0
0.612609950461142,0.0644505012132417,1,0.732698105317306,0.198544429443994,0,1
1,0.964143649834509,0.0111470776811794,0.0342183910308172,0.270592419966285,0,0
0.0647783176074717,0.410599240401255,0.21507955783848,0.00012389097731975,1,1,0
0.043795484388045,0.707301825980674,1,0.477610087756296,0.324407864958299,1,1
0.332241388323732,1,0.529212221307969,0.0343524986685918,0.112800573925208,1,0
0.00133907552460938,1,0.225807355780254,0.671733208442201,0.0625240291959295,0,1
0.542267828604878,1,0.238931671801219,0.0848426293534401,0.54400105341723,1,1
0.183554553822226,1,0.00268018473763401,0.477408063319184,0.449022189203059,1,0
0.0726031299936635,0.46022065723573,1,0.338268811485244,0.15110073816325,1,0
1,0.198025011872963,0.152438183338737,0.054618376445238,0.746272035841903,0,1
1,0.754419326925697,0.00108318732323312,0.0024969377812111,0.474185740592317,1,1
0.068925459795204,0.636774105876718,0.515923775306555,1,0.611202788168732,0,0
0.3695991231584,0.79816965436008,0.219277552798349,0.091711621220735,1,1,0
0.00675333590733896,1,0.046728982468904,0.868010633646955,0.205407677140074,0,0
0.0581312461723588,0.363016727210665,1,0.402031065400903,0.168775083005886,1,1
0.119704306297423,0.555879628929624,0.034067950936835,1,0.995179863113998,0,0
0.407325231316305,1,0.211990247994196,0.0506125811012966,0.305528980818913,1,0
0.0262955775422436,0.353398222483741,0.836215601355769,1,0.358843251458257,0,0
0.0717385364739556,0.260344002835068,0.198089104896117,0.344672553943101,1,1,0
0.181932539238194,1,0.745244099317101,0.867736395343593,0.786231256105987,0,1
0.836004535261546,1,0.0324629881704645,0.00843026476224232,0.817617824973808,1,0
0.882439852410073,0.13297020098587,0.213584477893009,0.682655131766837,1,1,0
0.461122391901336,0.284068006178751,0.128482796303746,0.0626016785357986,1,1,1
0.117355187555906,1,0.100114563126647,0.479427838138846,0.140472615874278,1,0
0.385703848283572,0.775563839900845,1,0.134957768234225,0.0115438562005087,0,0
0.00288888344313151,1,0.167700889025914,0.077927409356161,0.61793267095048,1,0
0.462621856365557,0.256849831101706,1,0.00216363639110386,0.0824314992042497,1,0
0.191147317651204,1,0.251635687876451,0.255918089864502,0.420725980457874,0,0
0.412718895387847,1,0.532155526270472,0.674062315968716,0.647377698433357,1,0
1,0.178680603271886,0.396477572338753,0.178430641967032,0.0189436729563139,1,1
1,0.0131719545770707,0.920893788474657,0.883193028922128,0.328998661282044,1,0
0.121350500196501,1,0.204414398631872,0.507412437083859,0.16493420901596,0,0
0.127022514824199,0.715879316820865,0.190772072310642,1,0.11791050112822,1,0
0.312046629437596,0.83225560667817,0.0972594443769147,1,0.0195292299080167,1,0
0.789065524087845,1,0.0666895542869238,0.859565335779653,0.304687615075335,0,0
1,0.582407478317599,0.471181146010704,0.373388336300921,2.95806447697076e-06,1,1
0.134992043992519,1,0.205227500349423,0.171073513340177,0.795201742269926,0,0
0.23914747273997,0.00623350345228478,0.663180367539842,1,0.31302197171332,0,1
0.432429726029981,0.0851439613923831,0.326921486073364,0.000347577951011362,1,1,0
0.71090401379324,1,0.998763739433904,0.000169062480186695,0.222526871798767,0,0
0.0150696228825968,0.122267110765198,1,2.11498892821616e-09,0.311088630605494,0,1
0.0928148899352001,0.865562148813203,1,0.444324474045332,0.399941355790933,0,1
0.416657278963021,0.202660958582538,0.0142922552868675,1.32796649331637e-06,1,1,0
0.0817571269391221,1,0.0152235367971581,0.0938949028573331,0.020391079573596,0,1
0.095139761417851,0.0219326228689388,1,0.152116307194017,0.604195771896742,1,0
0.0322358030833269,1,0.0590277499231427,0.0395415506301905,0.184363395270845,0,0
0.572139377320191,0.032630085086144,1,0.573267512345355,0.616028866668225,1,1
1,0.314205297636429,0.112304955332484,0.0827042968170491,0.327125652032637,1,0
0.363485154584167,1,0.267642935347364,0.61254298235242,0.000353411886746069,1,1
0.103796687804055,1,0.0310634996155977,0.439660904042759,0.266424968529439,0,0
0.0723224577645441,1,0.298089208777228,0.921172849460191,0.394979125895684,0,0
0.829877194247524,1,0.0577751326277834,0.0752338814992057,0.932642050370852,1,0
0.621506879435443,0.351321617524224,1,0.117166669035612,0.000266983935060726,1,1
0.193350848702929,0.922975438688935,0.0708819700682471,1,0.759469312176804,1,0
0.257856929879338,1,0.271963188906928,0.366032301988369,0.537171375160244,1,0
0.139690145704485,1,0.460523274766419,0.178280134062976,0.231159048353054,1,1
0.155821331061371,0.480397294168505,0.270609461182786,1,0.00181193168141443,0,0
0.218825965619127,0.0983668723986117,1,0.0573266253190544,0.171827423203402,1,0
0.0580457324192258,0.370186566821019,1,0.00401842424344471,0.080794545981247,0,0
0.305004543084581,0.490756680606911,0.0222716540022022,1,0.164843146300952,0,0
0.393253885578106,1,0.322938259873326,0.450105791793389,0.393655325523234,0,1
1,0.0668297555454733,0.0122694795310232,0.269430701769049,0.119433449688008,1,1
0.483186265362037,0.818414036460035,0.358674149626364,0.117416854485004,1,1,0
0.717369896899281,1,0.0168167943768999,0.728670850408028,0.557862364011876,0,0
0.364216282620867,1,0.494880916139409,0.215965149118487,0.35221096420184,1,1
0.332541817415256,1,0.57126624599355,0.373040206998489,0.0575269207944979,1,1
0.000758581286299639,1,0.0129858224284061,0.342068303884291,0.231830075799196,1,1
0.355600431332545,1,0.113684983440841,0.762267867157652,0.872848906691438,0,0
1,0.475314389948867,0.496436022789459,0.0898050442979256,0.00089357889661069,0,1
0.000157366782151797,0.665405074757417,0.348918091834141,1,0.149635016756432,0,0
0.0586698876220855,0.656592073442953,0.0303801663067175,1,0.168193990561604,0,0
0.118325004358683,1,0.718840107299708,0.623184062107236,0.43743276066613,0,0
0.457918024529816,1,0.298996117243399,0.56650432658793,0.0929067984447543,0,1
0.0339873613452689,1,0.186276493551776,0.356853080233953,0.24615854672797,1,0
0.557355974175439,0.0214899331227928,1,0.400849024806021,0.156334353956076,1,1
0.336620021214378,0.0175842778662991,0.44006007401619,1,0.189093754583972,1,0
0.432236467493152,0.0218276980993324,1,0.371117670472268,0.259447320168006,0,1
0.11285471630454,1,0.264043162356426,0.0489324542992687,0.254718930753723,1,1
1,0.293848112052546,0.0330220405937937,0.0297238097799919,0.476572611824691,1,1
1,0.280342762175863,0.0482850329369416,0.0769751893562612,0.0954547716436411,1,0
0.013063498705813,1,0.864712039198158,0.00165754206782965,0.382057302679736,1,0
0.0267469747645906,0.390596082871443,0.688968876376004,1,0.391097934294937,0,1
0.351844523093601,0.245400315617713,1,0.805849296245066,0.350570683016249,1,1
0.427493129984886,0.0485559090305496,0.134350037829446,1,0.0920962516870261,1,0
0.160581071848376,1,0.0607032518701496,0.0335280948427917,0.0127958375929195,1,0
0.585370418387229,0.572093883449826,1,0.314024702293124,0.160978390007686,1,0
0.129619025630363,0.654895346213674,0.0542252423542556,1,0.167794136503816,0,1
1,0.13462771281844,0.453782618142993,0.512711827190038,4.02485914256186e-14,0,1
0.0958462239798735,1,0.488932766482511,0.000337664912136839,0.150426908617058,0,0
0.775125233724073,0.800588731019147,1,0.117837874802956,0.570135474345286,0,0
0.915636541946522,0.878567375540303,0.275193885925227,1,0.027272742415773,1,1
1,0.342620833036006,0.244619682979398,0.0794282913292411,0.000975189826259233,1,0
1,0.377956991640574,0.282484669590884,0.560053725415025,0.240135320103339,1,1
0.820956672975595,0.0292566895764299,1,0.0144979303600152,0.369181794415132,0,0
0.349308422009927,0.0820523556338825,0.176335877897519,0.747523538930819,1,1,0
0.0324001577472743,1,0.0135856941683276,8.96629597717026e-06,0.0946840166978724,0,0
0.955172483675398,1,0.217003498841009,0.000781724346625367,0.00896187656178552,1,0
0.126342961306049,1,0.352934653817066,0.251259775530373,0.051500589278012,0,0
0.126829344256112,0.120051060148298,0.44740094671614,0.209477186397814,1,0,0
1,0.877433088756964,0.0360499361372312,0.00562956386708324,0.278052390365231,1,0
0.191074173787747,1,0.163283939841636,0.906412202635787,0.896243782010031,0,1
0.000152619011150562,1,0.30594236069786,0.263102457660536,0.149743930339425,0,0
0.12867099398705,1,0.0828213547700213,0.209018891475853,0.447831494224736,1,1
0.128777247237969,1,0.0472516998113321,0.0549185715333956,0.196986335692361,1,0
0.321291573543486,0.688328230631797,0.272824250428982,0.221188915560892,1,1,1
0.0862714039827684,1,0.0974753823330868,0.0685171671408445,0.036951038141513,0,0
0.00100134852001038,1,0.0707223589143781,0.574877121845417,0.124814052483364,0,0
0.0251223917131315,0.59616977533466,0.972567841111974,0.659462430023086,1,0,0
0.0377355025013204,1,0.300430971942673,0.317434623748372,0.478861932538952,1,1
0.0461472658398291,1,0.437296954570397,0.251564856765967,0.595686378155489,0,1
0.735503769477861,1,0.00183399331442173,0.00261159561978174,0.117815013188825,1,0
1,0.0347492223005803,0.518376048788604,0.552309944500834,0.558933595895199,0,1
0.00034551349578406,1,0.373550472580355,0.145906361677647,0.592962998820341,0,0
0.581226066962826,0.000619265972330116,1,0.617114580714726,0.47198076447832,1,0
1,0.152010794433407,0.668905260881405,0.0807795299794105,0.604392577201719,1,0
0.82266956967206,1,0.0206162211336667,0.106713827320145,0.407076113966012,1,0
0.335844131241154,0.156427640806888,1,3.97989343551342e-08,0.728324586179718,1,0
1,0.022850786623607,0.0463437627716619,0.51221083287091,0.00121904774924537,0,1
0.00790658982474806,0.629257072573608,0.0347247650080822,1,0.130207377444196,1,1
0.284518124408785,0.0605467797568246,0.356853141521077,0.0684861383115502,1,0,0
0.496979956112898,0.707860744430211,0.881032897895547,0.753386407687677,1,1,0
0.00732480951190557,3.80118886224275e-06,1,0.511052770769255,0.043571164836006,1,1
0.434555225415572,1,0.789888053211065,0.127071778041864,0.209025997934116,0,0
0.0804676227715375,1,0.373139754758852,0.89109891175173,0.341430324956927,0,1
0.0996732859384888,1,0.84280021085437,0.00689531232793524,0.172303918737179,0,0
0.0238516225025699,1,0.0119429603765224,0.454916594191002,0.393318318179772,0,1
0.26551037615834,0.145893684774936,0.209078748485836,0.111796107380689,1,0,1
0.193417777564908,0.0330165122706254,0.0192031032431327,1,2.61510671506909e-05,1,0
0.151678827989512,1,0.637192028954576,0.0695557520305063,0.23020691354096,1,1
0.00583409103208845,1,0.421223729265561,0.354415233195038,0.228145354899957,1,0
0.142910797719777,0.984878745265989,0.297112491678725,1,0.288288407427866,1,1
1,0.173831278269912,0.626533268098251,0.000506485310129002,0.389176335017421,1,1
0.182206718860898,1,0.225461120695136,0.223008819277814,0.000705300688177896,0,0
0.00874904771960604,1,0.131325492269463,0.000876510206659664,0.509794202204662,0,0
1,0.286966307780184,0.191052696610128,0.438542029710368,0.000740112387501365,0,1
0.0898769796698428,1,0.0308860932880393,0.340569435541537,0.0555575570453856,1,1
0.0222390513737587,0.00136777852695998,1,0.257750845587508,0.0443143842638102,1,0
0.00820866302267921,1,0.24688721509969,0.259890288663257,0.422812614917069,1,0
0.315142893746239,0.753124380177458,0.000942385144762745,1,0.293357306482823,1,1
0.594453927200486,0.595581408948539,0.828665357135007,0.569123851931283,1,1,1
0.149423897518229,0.105830087677237,0.54790017582696,1,0.0261599609270157,1,1
0.690528581750798,0.396230207110247,0.272314701570536,0.308461756432539,1,1,0
0.0377076424236955,0.00182317371656045,1,0.73897039802862,0.357047202651311,0,0
0.0861472810761554,1,0.0649889956212925,0.0968484677429515,0.0982170307679327,1,0
0.0325558695559817,0.596221747061858,0.768116537843104,0.0801983760856174,1,0,1
0.134179369999452,1,0.0212620362837657,0.510073927779317,0.191757587987357,0,0
0.112357099279315,1,0.292485567809324,0.665652647038869,0.292535383250157,1,0
0.14358821192466,0.0180193723573136,1,0.126989862683814,0.265542880266325,1,1
0.171236309669587,0.890040550079967,0.471642245650563,1,0.0662808356135557,0,1
0.0467311934407893,0.0686108842299868,1,0.570523475388777,0.418984968978079,0,0
0.122900003723862,0.764475897235001,0.0512914884871012,0.178356752577062,1,0,1
0.87265051582827,0.114539030805174,0.477207541470189,1,0.127315722053876,1,0
0.264560574921378,0.206844745341655,0.343208004291748,0.131035089667945,1,0,0
4.66759521504388e-05,1,0.26219431579321,0.198785472952698,0.347119283967189,0,1
0.27827999352848,1,0.0115423948445983,0.42513951800472,0.352226363374138,1,0
0.0735632801396851,1,0.0412498820944844,0.128019123667826,0.123750454664611,1,0
1.50255838210244e-05,0.234254896970185,1,0.614986386413041,0.258548114998284,0,1
0.496837340891187,1,0.290615029884698,0.912816416772686,0.529068028734918,0,0
1,0.795224154266846,0.367563011025605,0.675458813288036,4.55498222343198e-10,0,1
0.24214935274975,0.267339161112419,1,0.469941306354232,0.425583567557946,0,0
0.102623356409088,1,0.365459253647943,0.00831806070666846,0.274580071266778,0,1
1,0.765000571076848,0.386890629325388,0.439955521902646,0.994653093661083,1,0
0.503023069691297,0.00141470575993942,0.29485558556536,1,0.257592010621616,0,1
0.000185753368562727,0.721567798379543,1,0.284335941167043,0.252096187556892,0,0
1,0.705372746528638,0.644751914698986,0.477359521660908,0.186754087775183,1,0
0.138099668802503,0.0223224762846132,1,0.289508765546672,0.0149395199940095,0,0
0.322149634849213,1,0.0559590320009467,0.15125936651545,0.308487275021486,1,0
0.258213436778204,0.244094541637651,0.694878629506983,1,0.148311482616572,1,0
1,0.9069059636363,0.311871535081183,0.716024273144438,0.713699572152358,0,1
0.183051657909862,1,0.346449654764298,0.36586165766411,0.584522875289945,0,0
0.0564427274534728,1,0.120720964288797,0.57869187376888,0.743750549409392,1,1
1,0.430777180833086,0.0429878340375473,0.233803252539962,3.84720116362815e-05,0,1
1,0.450327201520016,0.0648578444254135,0.17604581500533,0.460059021139304,1,0
0.269648037208391,0.201085881917407,0.014142139463292,1,0.562326807451522,1,0
0.185080730674402,0.28720819291271,1,0.773676814426423,0.676173030362978,0,0
0.150156073469444,0.0692682979035066,0.12958584238729,0.117188074438731,1,0,1
0.1550910391586,1,0.992651206469341,0.373659113259597,0.24391839973865,0,1
0.328353985713512,0.00854201040357265,0.43535173922738,1,0.213178620854007,0,1
0.585347933739012,1,0.58295716335117,0.126531905961485,0.618615194852074,0,0
0.848464433233996,0.240959680966918,0.0898456599347874,1,0.454595073216238,0,1
1,0.845915890302606,0.610935164873136,0.968988863902245,0.580722391562469,0,0
0.1626599142447,0.000693399355237789,1,0.316424219979627,0.221382778034865,0,1
0.00275003737029653,1,0.738559687659997,0.37814199133003,0.327179691787966,1,1
0.930431699123826,0.080688224008496,0.825952910642312,1,0.505843249233105,0,0
0.0538283091947756,1,0.165160210013904,0.731149137914416,0.650852490690715,0,0
0.0492018185547677,1,0.456267715343917,0.294303992044555,0.450561911914753,0,1
0.679684607959315,1,0.034827482528419,5.40728713271636e-05,0.0370874454495874,0,1
0.00210838091845617,0.000193972690677256,1,0.808106901793074,0.274089553998971,0,0
0.113451539557172,0.956982136331922,0.0725920749093556,1,0.414617254053853,1,1
0.222245523032753,0.217366444632946,1,0.0516800430688022,0.307209995590956,1,0
0.646120697979987,0.170069357724593,1,0.0552182455682958,0.546635907426585,0,1
0.0921268402039564,0.183091123541462,0.354978459159336,1,0.321349259642983,0,0
0.570952273111408,1,0.062126223763718,0.141373332524397,0.213164620165068,1,0
0.717339476568039,0.39067047955186,0.855014373356312,1,0.140092781644262,0,1
1,0.272880926973277,0.371991486309374,0.0785605147681497,0.889243617343877,1,0
0.33405451205898,0.0515004925820454,0.701516267172956,1,0.362864273495955,1,0
0.0357051564241638,0.24668170645305,1,0.196529060796991,0.310341519390543,0,0
1,0.0994996983939353,0.0201706759699161,0.112294777638529,0.747135065587612,1,1
0.871099355766235,1,0.00118977961029246,0.336592605780688,0.923725571204499,1,0
0.301174601666127,0.427260086520598,1,0.268872183461858,0.105479433361922,0,1
0.00242108432953178,0.43092011808441,0.295260443439407,1,0.0868409912210204,1,1
0.385225526168518,0.346012781573542,1,0.0264855949359813,0.404892784485629,1,1
0.364364540768917,0.00174731047872667,1,0.883851844560696,0.140853356604553,1,1
0.0181668134515778,0.127901460189586,0.0764215696424226,1,0.0229105726364049,0,1
0.0190961148548286,0.150228437928234,1,0.726104303218715,0.0558575049782325,0,0
0.198853855961453,0.178255232672771,0.815933459809484,0.0167175758438951,1,1,0
0.222181277698938,1,0.336164786871847,0.630519773456008,0.552086525504434,1,0
0.16070089163218,0.25771319905034,1,0.00911476404224553,0.172021386248676,0,0
0.0558497610745255,1,0.0339015552273632,0.313764061753682,0.452662968909054,1,0
1,0.101715928561743,0.336655942206092,0.661065072726034,0.133054541810089,0,0
0.339672894207086,0.0851736578696759,0.529217395962079,1,0.0874801675183162,1,0
0.262212583409963,1,0.307330468234131,0.837324385065681,0.145581576001475,1,0
0.18227711050682,0.63301059571663,1,0.44160371545619,0.0734247714420195,1,1
0.0874196465451482,1,0.000803205346065321,0.527289186655418,0.041876956704947,0,0
0.45001059757997,0.0439630634900628,0.0561599734146577,0.0312737065976436,1,0,0
0.00664792123791432,0.849757161567418,0.14388896919592,0.164115841413585,1,0,1
1,0.0377965760138224,0.0613507067581036,0.197182867909715,0.265940019205972,1,0
0.168631989118271,1,0.00102615156956294,0.422969801150036,0.133628608787215,1,0
0.107086181557909,1,0.102898904543197,0.371078069694926,0.337314715466912,0,1
0.0174178232529926,1,0.254641127889852,0.719164573698683,0.0691995315694477,0,1
