,iso,lof,svm,kedp,ckedp,khdp,ckhdp,cone,ccone,ekde,cekde,hkde,chkde,lhkde,clhkde,lekde,clekde,lskde,clskde,lmkde,clmkde,Metric,EnergyScore,path,InSamp
0,0.7185039370078741,0.49654788096340896,0.8878459356183419,0.401719546086151,0.6606212366836498,0.37296636174154707,0.8238623205187587,0.5513837424733672,0.6967816408059286,0.2351855604446503,0.7619847151459009,0.3436776285317276,0.6942450208429829,0.8046983557202408,0.8214161648911533,0.23690076424270495,0.7806276053728579,0.9683085340435387,0.8450237378415933,0.9693289717461788,0.8456388953219083,AuROC,5.696280804842711,./ad/cardio/results_xv1_1e-1_1e0.pkl,True
1,0.20756090990208922,0.11345447968011617,0.5352935213138506,0.0971647209946407,0.16311537350917718,0.08683185937662039,0.3329776561414497,0.2883454054591412,0.3637352123771576,0.07436774311223873,0.22819046564416512,0.17978758337076506,0.23167006651180835,0.37400294773476467,0.3255796992595289,0.07574702646452723,0.26657494035029006,0.8807134399796696,0.3594892018858141,0.8865038042004729,0.36008229154194227,AuPRC,5.696280804842711,./ad/cardio/results_xv1_1e-1_1e0.pkl,True
0,0.6493187402278312,0.5188184051820416,0.8571588117042662,0.679137815501452,0.6861737770828681,0.26066562430198786,0.7243689970962699,0.5339513066785795,0.6559079740897923,0.3333705606432879,0.7137592137592138,0.4353361626088899,0.64272950636587,0.8200804109895019,0.7432432432432432,0.3199687290596382,0.7222470404288586,0.9667187849006031,0.7728389546571365,0.9688407415680144,0.7726155907974089,AuROC,5.708954264069964,./ad/cardio/results_xv1_1e-1_1e0.pkl,False
1,0.3076733048009359,0.1510740526484215,0.6081173842831956,0.2548109249879512,0.2884269689036598,0.08356654146181096,0.3004315222415934,0.31000277314970814,0.3966652955346632,0.0955711088482237,0.2924912501107121,0.22995071050502552,0.22429441562262553,0.42627009197931987,0.3137957777282301,0.09527150553149705,0.29086875558839387,0.8948606847724464,0.33988310486735246,0.8992729346031925,0.3398243649342724,AuPRC,5.708954264069964,./ad/cardio/results_xv1_1e-1_1e0.pkl,False
0,0.7046775304795855,0.4995169697151245,0.8886184584968397,0.734812629182518,0.7402495282029775,0.5467753047958541,0.8023544918072072,0.5364107479855016,0.6881496570110535,0.30368750561663116,0.7978836533564989,0.2639592007908217,0.6125123565886829,0.8109142377856992,0.8000404397447803,0.2986400263607225,0.7985127160530808,0.9633795644489709,0.8264311176347243,0.9646002456340053,0.825832010304646,AuROC,5.584912422758813,./ad/cardio/results_xv2_1e-1_1e0.pkl,True
1,0.25644433854994164,0.11711021530464129,0.5278420781311803,0.37702918834740495,0.4012493092706149,0.17155046512744515,0.3458315594961586,0.3049845524780592,0.38742687613009535,0.10406860727142685,0.31542767602249644,0.07506737833128431,0.18553704580044775,0.3239405348149577,0.31837104012752815,0.10733261251778509,0.3168134722462149,0.7843729656895101,0.3504645107197802,0.7886560435467674,0.3495839727679669,AuPRC,5.584912422758813,./ad/cardio/results_xv2_1e-1_1e0.pkl,True
0,0.7385135135135136,0.3917953667953668,0.8908301158301158,0.7535714285714286,0.7606177606177607,0.7328185328185328,0.8564671814671815,0.5971525096525095,0.7308397683397684,0.26206563706563707,0.8324324324324325,0.2651544401544401,0.641023166023166,0.872007722007722,0.8334942084942084,0.24285714285714288,0.8324324324324324,0.9488416988416989,0.8498069498069498,0.9483590733590733,0.85,AuROC,5.573865746858023,./ad/cardio/results_xv2_1e-1_1e0.pkl,False
1,0.2848225425035902,0.1413381091647566,0.6675391258374022,0.39070001425222844,0.4036474144087077,0.6359587959637435,0.44030441542967613,0.3154568980251613,0.35626443853785167,0.11720055528091727,0.37285763097563224,0.1077561102997781,0.229299787944972,0.5496355955909881,0.3657033039223682,0.11545608325647545,0.37285243590592326,0.7820627000370528,0.39477406440871293,0.7851275215705781,0.39624380173215423,AuPRC,5.573865746858023,./ad/cardio/results_xv2_1e-1_1e0.pkl,False
0,0.7760717692609842,0.46013481286123115,0.8760591437068628,0.7062664833623254,0.7115972728803097,0.33088771673867906,0.8015052466191572,0.5713869872622188,0.7300095393075585,0.29513635598451265,0.7488496717355928,0.3768727905280287,0.7232268110655967,0.7968688625778576,0.8014912182256889,0.29877672408955724,0.7640354076651141,0.9622145221929185,0.8257603389259862,0.9641574546882891,0.8258725660737332,AuROC,5.549692084949091,./ad/cardio/results_xv3_1e-1_1e0.pkl,True
1,0.3199136039184632,0.12205449505506412,0.5168536875475449,0.424633633338463,0.42922390805942423,0.08524168158106524,0.3259798706104572,0.30326232113874735,0.4148815496264623,0.09412983943690927,0.24256771597769217,0.15372509903495093,0.2473519313123598,0.4702606954452804,0.3258391977717187,0.09949727442599322,0.28216996752675716,0.8585208518523427,0.3564361860795777,0.8656290928550604,0.3572622179974592,AuPRC,5.549692084949091,./ad/cardio/results_xv3_1e-1_1e0.pkl,True
0,0.7373088291993317,0.43786145739622157,0.8946150880349569,0.7664824572677034,0.7686672664181983,0.7518313841408559,0.8421796684230819,0.6522297905153579,0.746369361264619,0.2511245341215782,0.7627554298933299,0.2668037527310114,0.674206400205629,0.8708392237501607,0.7941138671121963,0.23981493381313457,0.7725228119778949,0.9814933813134559,0.8225163860686288,0.9789230176069913,0.8218737951420125,AuROC,5.553932097224704,./ad/cardio/results_xv3_1e-1_1e0.pkl,False
1,0.26672804734309613,0.11521625794064572,0.6337447985752002,0.5435676189564721,0.5367311113309353,0.7052530536447765,0.38118326163839156,0.3003525900507815,0.416140493617962,0.07698053413570502,0.26655554103565027,0.17499751081104156,0.22809449163293638,0.6787042823021939,0.2891778588473486,0.07953990898584237,0.2863977721625942,0.9073240816456878,0.31932826284751414,0.9005340678123889,0.31883577461335894,AuPRC,5.553932097224704,./ad/cardio/results_xv3_1e-1_1e0.pkl,False
0,0.7313237422190235,0.5061137611307205,0.8747770027640174,0.64633595442817,0.6556999242000813,0.33884095033191175,0.7869945715007618,0.26550644299310144,0.4943877433828202,0.3645593268354682,0.7957383601185235,0.3404028880534734,0.7898581239902914,0.7472876645202784,0.7956924207737717,0.35658885052102873,0.796297288813004,0.9628810094405353,0.8245959251801205,0.9632408676410911,0.8241288751751437,AuROC,5.661087866910794,./ad/cardio/results_xv4_1e-1_1e0.pkl,True
1,0.23708536993982793,0.13263947763072215,0.5495053225541237,0.23235652148603178,0.23809237341497227,0.08256184219994002,0.3013204885036323,0.12924378324941962,0.13722761128359712,0.13263274213881318,0.3161671567996679,0.12975950419651464,0.29656021506390656,0.18974499012802343,0.30533512622189996,0.14561288567378228,0.3224002084523031,0.8061521307030334,0.3393103842640431,0.8075173004372559,0.3383078716214768,AuPRC,5.661087866910794,./ad/cardio/results_xv4_1e-1_1e0.pkl,True
0,0.7232587064676617,0.539045842217484,0.8804193319118692,0.6435678749111585,0.8426616915422886,0.2978855721393035,0.8071250888415066,0.36651563610518834,0.5444207533759773,0.3722459132906894,0.8200071073205402,0.40183013503909026,0.7971748400852878,0.6821250888415067,0.8333333333333333,0.35492181947405826,0.8220504619758351,0.9482942430703625,0.8558102345415778,0.9475835110163469,0.8558990760483298,AuROC,5.658827258577132,./ad/cardio/results_xv4_1e-1_1e0.pkl,False
1,0.21822107847423106,0.14186751525214622,0.4667153302359516,0.2978081217544161,0.43030106286082764,0.16919578835609372,0.3543042671954609,0.21289317049970438,0.2527547777355382,0.10878292558370478,0.34625871981763306,0.14348188188097663,0.3230251851429985,0.1819460342358902,0.3788109796103462,0.10310464552990392,0.35320869925843473,0.8144442816496046,0.4078890151432426,0.8151961387208402,0.40799584823554635,AuPRC,5.658827258577132,./ad/cardio/results_xv4_1e-1_1e0.pkl,False
0,0.6696237096237095,0.4361438561438562,0.8769696969696968,0.7311754911754913,0.7373026973026975,0.7255144855144856,0.807905427905428,0.554062604062604,0.6857675657675658,0.274998334998335,0.7797602397602398,0.3700632700632701,0.5771095571095571,0.7979553779553779,0.7900566100566101,0.27240093240093244,0.7806926406926408,0.9642690642690642,0.8166899766899767,0.9640559440559441,0.8163902763902765,AuROC,5.613938339560389,./ad/cardio/results_xv5_1e-1_1e0.pkl,True
1,0.20761287136801,0.1174258064154603,0.5477453684542487,0.42335188297816595,0.4276301077405601,0.4445395802089237,0.3587679170538347,0.2952481872444952,0.36305517364224626,0.09164292181654282,0.3199945834436072,0.2239288380480636,0.18253528119477616,0.37911876043256215,0.3292739153785198,0.09105592539141423,0.3244451410070958,0.8537097953011299,0.36559206502044184,0.8516055460397004,0.3650862948425674,AuPRC,5.613938339560389,./ad/cardio/results_xv5_1e-1_1e0.pkl,True
0,0.7475845410628019,0.5417529330572809,0.9037267080745343,0.7682884748102139,0.7569013112491374,0.5124223602484472,0.8338509316770186,0.5073326432022083,0.7290372670807453,0.24275362318840585,0.8171152518978606,0.3024499654934437,0.5288129744651484,0.7700138026224982,0.8300552104899931,0.24447895100069014,0.817632850241546,0.9846445824706694,0.8530020703933747,0.983264320220842,0.8531746031746033,AuROC,5.6232464741145485,./ad/cardio/results_xv5_1e-1_1e0.pkl,False
1,0.23893366242460845,0.10166400162350053,0.47306187868500327,0.681346284041162,0.34333382844217214,0.17399352550039393,0.2780951725727807,0.24848999101436414,0.33470907515669346,0.06147643686820957,0.2371226826775836,0.07860548748038738,0.1515655008746744,0.28679939667997695,0.24875907244445616,0.06128234665107292,0.23841711300204663,0.8617734824204131,0.2729717327185875,0.8476604707534253,0.27326992808789485,AuPRC,5.6232464741145485,./ad/cardio/results_xv5_1e-1_1e0.pkl,False
0,0.3756036463252088,0.5208052859659346,0.3513439293775661,0.42525502173461666,0.44308812399113195,0.3913302657048513,0.7175437538931421,0.2523459320433219,0.5752774596285356,0.5800363025029973,0.7139838313206208,0.7682533941500728,0.7526406387097208,0.11194164808005305,0.7176777114687779,0.5717141881166234,0.7155109476828688,0.8021982438161834,0.7247741140380841,0.8417927542347339,0.7263816049457137,AuROC,3.1964537560392277,./ad/cover/results_xv1_1e-1_1e0.pkl,True
1,0.05656324322604746,0.08574878997060736,0.05572002650084194,0.07712019803044386,0.07863085525413832,0.0598636409925139,0.1417605746794321,0.05085593239181668,0.0975205272277928,0.10801033571005032,0.13391034514252192,0.1473416380677499,0.1578066700762261,0.043016088539920255,0.14128844637112833,0.09907900440485279,0.13795851348513577,0.40952095530466315,0.14651564793957272,0.4868621131028071,0.14720821242799317,AuPRC,3.1964537560392277,./ad/cover/results_xv1_1e-1_1e0.pkl,True
0,0.36445112781954886,0.7082105263157893,0.35536842105263156,0.4114285714285714,0.43097744360902257,0.6137142857142857,0.683609022556391,0.19837593984962407,0.5793082706766917,0.5547067669172931,0.6819248120300752,0.37022556390977446,0.6585263157894737,0.1258345864661654,0.6853533834586467,0.559578947368421,0.6840300751879699,0.8421052631578947,0.6964210526315789,0.8730225563909775,0.6970225563909774,AuROC,3.1980902970807548,./ad/cover/results_xv1_1e-1_1e0.pkl,False
1,0.05028112448206318,0.13320440749716905,0.08486614746409776,0.05608461438362878,0.05827246815621949,0.08805112143730519,0.1206564004574738,0.06690526434901259,0.121026512324308,0.09267320657320308,0.11448740961566839,0.051844727595806606,0.11279923071711702,0.051455111737354266,0.12276434335287376,0.08740099754049196,0.1220051514339362,0.4066654423934209,0.12705229287049477,0.4975633846425055,0.12738815727710956,AuPRC,3.1980902970807548,./ad/cover/results_xv1_1e-1_1e0.pkl,False
0,0.326910395857483,0.5449912193632129,0.3709801689491695,0.43590135145453157,0.4542608647365462,0.9286130758605371,0.7914477291815613,0.4004334788674714,0.6025269492666606,0.5227290080309857,0.7277169650232185,0.51697127031173,0.7237222958762242,0.14042771765914472,0.7233197054148418,0.5215594133285206,0.7279668487578697,0.8399702916004359,0.7328118167241631,0.8336433742633635,0.7332317602226741,AuROC,3.178429888698923,./ad/cover/results_xv2_1e-1_1e0.pkl,True
1,0.051698212947403524,0.08884465356629234,0.05824997199552159,0.0717213384368635,0.077104373601028,0.448302086241896,0.18293167103756608,0.06607806269235804,0.10958944240538855,0.12962425939154604,0.15835470525263926,0.07420582769577491,0.14489653136130742,0.04454612011323905,0.14513708242683668,0.1252550274205224,0.14952813111156782,0.42503895631156663,0.151679271792927,0.43097601677846364,0.15196660926583744,AuPRC,3.178429888698923,./ad/cover/results_xv2_1e-1_1e0.pkl,True
0,0.37619825708061005,0.48011982570806094,0.3670479302832244,0.5016339869281046,0.5079520697167756,0.8910675381263615,0.7094771241830065,0.24553376906318086,0.5508169934640523,0.478921568627451,0.6851307189542484,0.6775054466230936,0.7305555555555556,0.14444444444444443,0.6834422657952071,0.484640522875817,0.6854575163398693,0.8417211328976034,0.6955882352941176,0.8344226579520697,0.6952069716775598,AuROC,3.181710825791436,./ad/cover/results_xv2_1e-1_1e0.pkl,False
1,0.05857552076995553,0.07314188177695882,0.058788620737259954,0.13134784686567366,0.13026639770360046,0.26538378507386107,0.1269629984947505,0.054198117483308966,0.08754732731361003,0.11460432185364156,0.12407344285428142,0.10910892961870185,0.13400844101546983,0.04577338463650441,0.11690864027811816,0.10779907513495621,0.12032583575816756,0.4567344566554376,0.1222164412412373,0.3990839515774657,0.12205265605992649,AuPRC,3.181710825791436,./ad/cover/results_xv2_1e-1_1e0.pkl,False
0,0.384111283686204,0.5267582222948854,0.34315989536499636,0.32636447859614703,0.33505000136243496,0.8574075587890678,0.7260994849995913,0.21987656339409795,0.6043693288645468,0.6303952423771764,0.7159152837951988,0.7390187743535246,0.7507459331316929,0.1346732881004932,0.7153907463418623,0.6416251124008828,0.7158301316112156,0.8090581487233984,0.7219065914602577,0.789762663832802,0.7214229270552331,AuROC,3.2250264447357386,./ad/cover/results_xv3_1e-1_1e0.pkl,True
1,0.05626069377128683,0.0886324775807718,0.05421697887990828,0.059135933374812516,0.06217380161922471,0.22942324409832193,0.1442381464359231,0.05849573176898886,0.1199880565094451,0.22631849830531242,0.15095376739503297,0.21134540394703125,0.15501674493208323,0.04360216444169651,0.13966718630750513,0.20024846324961498,0.1423697798706943,0.4016161541452091,0.1431634783427632,0.32438596557287397,0.14300561936835596,AuPRC,3.2250264447357386,./ad/cover/results_xv3_1e-1_1e0.pkl,True
0,0.46177338898503506,0.4332688588007737,0.38043367606637485,0.37178051511758115,0.3838949404458923,0.8008245953374733,0.7601547388781431,0.32413722895245856,0.6347602565407717,0.5506973429705793,0.7519087855034104,0.41071973938715256,0.7376565204112797,0.1821744884454851,0.7522141911839559,0.5907054871220604,0.7518069836098952,0.8233228138043368,0.7573551868064746,0.8334012012623434,0.7579150972208084,AuROC,3.2250214571947167,./ad/cover/results_xv3_1e-1_1e0.pkl,False
1,0.05746565259869002,0.056486683997740914,0.05366176311506913,0.0540613760078959,0.08376521216556326,0.18459817239288728,0.22334588046892606,0.055970609283362505,0.16845442137553207,0.17494945590120198,0.21713881175434518,0.05506116271940156,0.22346677247800928,0.051413680833596785,0.21921270295728762,0.1652374546834164,0.21706694877392915,0.4223373794229876,0.22378655808905262,0.4141757588357332,0.2246175383832059,AuPRC,3.2250214571947167,./ad/cover/results_xv3_1e-1_1e0.pkl,False
0,0.42471524418786083,0.5645446507515473,0.4069971047658674,0.34310431511242867,0.38992042440318303,0.8901614049687071,0.7395121443802986,0.3284149026542536,0.5908288691250152,0.5616615523309236,0.7323174008772386,0.51473448795964,0.7267835162358489,0.1440578353357258,0.7284062342885873,0.5979820044728767,0.7320677519460481,0.8644094242471525,0.7390509873268495,0.875841264887918,0.7402368197500044,AuROC,3.2169327068810847,./ad/cover/results_xv4_1e-1_1e0.pkl,True
1,0.059175656046749375,0.09322258356667795,0.06055628760040875,0.05270043743588812,0.05859192844473522,0.28732489138734374,0.14843769699314194,0.061149959863723256,0.10114076328448796,0.14822699100673847,0.14984662297467985,0.07122706254425978,0.14860132161565684,0.0422393380207624,0.14292670851589373,0.1524436672886686,0.145687248900036,0.3675625586579787,0.14910686785358956,0.42746577817283943,0.14957175860580815,AuPRC,3.2169327068810847,./ad/cover/results_xv4_1e-1_1e0.pkl,True
0,0.3304384003328306,0.5740288106505799,0.3304384003328307,0.3528524624265432,0.3977845961828489,0.5844297675386135,0.7453325705964948,0.3213635654480212,0.6151385927505331,0.5615476623849394,0.7541733839513235,0.6279577721150347,0.7733631494097457,0.11799885589474234,0.7490249102917468,0.6115762650163815,0.7544334078735244,0.7901086899994799,0.7541213791668834,0.8188153310104531,0.7560455561911696,AuROC,3.218498577093473,./ad/cover/results_xv4_1e-1_1e0.pkl,False
1,0.055561089483268405,0.09644490004626582,0.05490158616450975,0.058203818504852456,0.06755119472527105,0.09549457760504751,0.16818984384305202,0.07149148709886913,0.1423967105937779,0.14909588447842304,0.16597432790189004,0.09913202966891647,0.17284229328585324,0.043607108465102865,0.16544641961392884,0.14971163767624507,0.16555906875351978,0.24822085725234236,0.16933918877555104,0.3457264219306465,0.17022735643811002,AuPRC,3.218498577093473,./ad/cover/results_xv4_1e-1_1e0.pkl,False
0,0.37134413141935974,0.5238333670628137,0.35306042694543505,0.35130882014278036,0.40056665526842855,0.5367837428557471,0.7152417705883584,0.5709453093923809,0.6775892028444419,0.5892272692380162,0.7179424551804993,0.624112856514791,0.7277367983977333,0.20827023594352986,0.7158942615686301,0.6082018465145815,0.7220981597660803,0.8128292985896426,0.72223773002924,0.819912489444999,0.7224156821147685,AuROC,3.2461026870026077,./ad/cover/results_xv5_1e-1_1e0.pkl,True
1,0.0559028879277005,0.08301953777613519,0.05515038936132591,0.05471015526990913,0.061094240401194516,0.07481533187147615,0.14061526226960425,0.10265365747795799,0.13986570913970503,0.1493632239318439,0.1524148583899609,0.1024117866354968,0.1558630664686357,0.0496336184113031,0.1412346213626204,0.1775785036091359,0.14857379699426,0.3882433467921172,0.1462497197108943,0.397740165142188,0.1462568490103814,AuPRC,3.2461026870026077,./ad/cover/results_xv5_1e-1_1e0.pkl,True
0,0.39627293577981654,0.4595756880733945,0.3903669724770642,0.2644495412844037,0.459461009174312,0.9323394495412844,0.7583142201834863,0.45409977064220186,0.642545871559633,0.5981077981651376,0.7217316513761467,0.43652522935779814,0.7043004587155963,0.2334862385321101,0.7177752293577981,0.6281536697247706,0.7270068807339449,0.8439793577981651,0.727637614678899,0.8659977064220183,0.7275229357798165,AuROC,3.2440299736058877,./ad/cover/results_xv5_1e-1_1e0.pkl,False
1,0.06334668486327126,0.08315316803974107,0.06281780279092718,0.052787190103357834,0.07514759645622668,0.49191111304740737,0.17331483051080035,0.07947516388589582,0.13047407536156594,0.1981405203490086,0.15766456157957984,0.06930888218326027,0.14593569914209606,0.05510157054357475,0.14734630826318781,0.1962541861329692,0.1602806706665387,0.39061077226082,0.15616267743024467,0.4229058310700066,0.15492934491591603,AuPRC,3.2440299736058877,./ad/cover/results_xv5_1e-1_1e0.pkl,False
0,0.4583317521756729,0.6164206385347096,0.3832062082574378,0.6080910999797612,0.6644340720501923,0.6611958611617081,0.7674717921473385,0.6316629983808946,0.7651522338595427,0.3586255312689739,0.7500316231532078,0.5,0.7643837912365918,0.2812658115766039,0.7642746913580247,0.4019366019024489,0.7583042400323821,0.3406382817243473,0.7335686095931997,0.3396200161910544,0.7338215948188627,AuROC,1.7767799296509488,./ad/mammography/results_xv1_1e-1_1e0.pkl,True
1,0.07973657404983056,0.11989989408317442,0.07105237392320174,0.10906586150283071,0.13992293097432787,0.12441569687461018,0.28453246061913146,0.10800318585819546,0.23046050680414057,0.06822289396393193,0.2208786644721979,0.5478806907378336,0.2782839581546337,0.062353177086078376,0.2783381162247851,0.07281363210779226,0.2642813113942683,0.06672808331738754,0.23345680123362306,0.06653143872006965,0.23366099928870504,AuPRC,1.7767799296509488,./ad/mammography/results_xv1_1e-1_1e0.pkl,True
0,0.4555962854349951,0.5718719452590421,0.36129032258064514,0.5628054740957966,0.6799120234604106,0.6547409579667645,0.7344086021505376,0.6082355816226783,0.7330400782013686,0.34100684261974584,0.7144183773216031,0.46214565004887587,0.732820136852395,0.2665200391006843,0.7328445747800586,0.3910557184750733,0.7259530791788856,0.3441837732160313,0.7098240469208211,0.3147605083088954,0.709921798631476,AuROC,1.776196996166285,./ad/mammography/results_xv1_1e-1_1e0.pkl,False
1,0.07932109215171403,0.09844005492157434,0.06507959288335569,0.09069955486366843,0.1276165539245253,0.10887460765144182,0.20980167723271448,0.09084029567812892,0.17451620155219832,0.06049237096946195,0.16524626485160623,0.393922074511121,0.20908133669970055,0.055809202655812684,0.20913409931219543,0.06477180315838121,0.19774859103020548,0.06370462859518378,0.17156701131977256,0.06140007779517712,0.17145919081364275,AuPRC,1.776196996166285,./ad/mammography/results_xv1_1e-1_1e0.pkl,False
0,0.5025853787803505,0.5766984663287953,0.3848454735168439,0.6090827784954786,0.6775944880585644,0.45407930040743316,0.7596409288151315,0.35675742820232537,0.7007121799330882,0.4955116101891418,0.7601576733247208,0.5,0.7606330120242473,0.3447812116996257,0.7605882937493789,0.5579217595813045,0.7607638543840473,0.37008513034549007,0.7345423829871807,0.3728874755705721,0.7340488257312265,AuROC,1.7710641161023315,./ad/mammography/results_xv2_1e-1_1e0.pkl,True
1,0.08410442857576969,0.10990056129429986,0.06890437643363022,0.12060656586996124,0.1551418212805545,0.08219726903986785,0.26685779853329894,0.06168458043572024,0.1830949123208973,0.0958117610805544,0.2568686113169285,0.5455735987427973,0.2656025430361031,0.06352737904702357,0.2657307570402357,0.11721644616652314,0.2619351591495825,0.06698496470849732,0.21956884879431668,0.06725803581742304,0.21826596198771755,AuPRC,1.7710641161023315,./ad/mammography/results_xv2_1e-1_1e0.pkl,True
0,0.39798261809339397,0.5824289638402306,0.33570495789615884,0.653757824109515,0.6950060791642275,0.385644166253884,0.755212320439501,0.33117935786013414,0.6948935020489035,0.521096951411717,0.7584545413608321,0.5,0.756338091592741,0.29873463322375826,0.756338091592741,0.6296663214301796,0.757914171207277,0.2270905570315666,0.7110370603863646,0.2167784932678885,0.7105417210789392,AuROC,1.7721261226595861,./ad/mammography/results_xv2_1e-1_1e0.pkl,False
1,0.08517483559279532,0.12250536123766156,0.07798332768787816,0.17234193809402026,0.21448998791799528,0.08483435349154676,0.3523024668525041,0.0875899494439113,0.2653924462438133,0.16842094246857453,0.3534112264239469,0.5561440677966102,0.3540315644996779,0.07405455214331307,0.35419683764678983,0.18365867226632993,0.3509621255505961,0.06799068842408373,0.2943824309780906,0.06718545220800107,0.2941927329265167,AuPRC,1.7721261226595861,./ad/mammography/results_xv2_1e-1_1e0.pkl,False
0,0.47246185099447247,0.5431095573298058,0.37892631612100597,0.7199603155855813,0.8120439048203966,0.6136501787373427,0.7601927528700336,0.4816774538983638,0.75313302152722,0.4347144139462371,0.7493866238326955,0.2535487630116061,0.7593896159115604,0.32068156406985715,0.7593738681280611,0.5423127194847325,0.7588289948189793,0.2637249807089652,0.7301554306231398,0.2577124769688667,0.7300672430355426,AuROC,1.7950271539933558,./ad/mammography/results_xv3_1e-1_1e0.pkl,True
1,0.08272468597031714,0.10379242882660358,0.0704609404764436,0.1757927878223797,0.3351886150501783,0.15458149823713935,0.28759493072104664,0.10420053398356734,0.24502094022331733,0.07689263196456367,0.22870202011142435,0.05928205624015044,0.28654971160349924,0.06453522866498689,0.28654677690611086,0.09665958970802721,0.2836160049933788,0.06018606671319891,0.23890019295436887,0.059813566215552685,0.23888547215162131,AuPRC,1.7950271539933558,./ad/mammography/results_xv3_1e-1_1e0.pkl,True
0,0.5131913541004449,0.5855054036872218,0.3901250264886628,0.6175566857385039,0.6831426149607966,0.23331214240305148,0.7563043017588473,0.5109133290951473,0.7534965034965035,0.3718478491205764,0.7501589319771138,0.5708306844670481,0.7599597372324645,0.2749523204068659,0.756993006993007,0.4823055732146641,0.7559864378046196,0.32114854842127566,0.7359080313625768,0.3063148972239881,0.7355901674083493,AuROC,1.7956246342136746,./ad/mammography/results_xv3_1e-1_1e0.pkl,False
1,0.09077099714146677,0.12291879602558288,0.07330152493163064,0.15624477585904836,0.3002709989477349,0.05705363927175709,0.2819051788594827,0.11360999759092094,0.2327420794369397,0.06760106117608689,0.21491443326367504,0.0961803387227633,0.2867538264561328,0.05943297246297841,0.28263433704738894,0.08229097274699226,0.2731114973030926,0.06415527465178056,0.24174259813324153,0.06329225223663505,0.2414633845425332,AuPRC,1.7956246342136746,./ad/mammography/results_xv3_1e-1_1e0.pkl,False
0,0.45814319504007833,0.5569548804816571,0.37467895497604853,0.7108504258699574,0.7706006379089965,0.6115713586028122,0.7506002795331558,0.5997509287907205,0.721400114680269,0.3314976526382435,0.7265233959694664,0.5186773542306268,0.7496356512286318,0.2955316505596636,0.7495938407138847,0.3839579027845803,0.7385170407712247,0.3285918218633155,0.7178954976048548,0.3296191659399601,0.7179821050996882,AuROC,1.778287974136758,./ad/mammography/results_xv4_1e-1_1e0.pkl,True
1,0.085242225905913,0.12068875513759544,0.07436655444521255,0.1753208487590233,0.3672580708700185,0.11642247947527071,0.27537975829333877,0.11100700671117883,0.22509346540030792,0.06904964353482614,0.1878210998741253,0.5430475709091008,0.27099415417576317,0.06645364966810285,0.2711208882870262,0.07457594592329728,0.23657743063208697,0.06921889695749972,0.22423486972741766,0.06933557721575005,0.2247257445278305,AuPRC,1.778287974136758,./ad/mammography/results_xv4_1e-1_1e0.pkl,True
0,0.5364829009433962,0.5380306603773586,0.41325176886792453,0.4831957547169811,0.6712853773584906,0.6272110849056604,0.7507370283018867,0.6060952240566038,0.701392983490566,0.37905365566037735,0.7327535377358491,0.5,0.7477889150943396,0.3403596698113207,0.7477889150943395,0.39740566037735847,0.7418189858490566,0.409935141509434,0.7138856132075472,0.410377358490566,0.7131485849056604,AuROC,1.7773075806520224,./ad/mammography/results_xv4_1e-1_1e0.pkl,False
1,0.07250744659865513,0.07463840386974954,0.055714133485218593,0.0617664475185474,0.11859823024963835,0.08457373290053469,0.2951118937211395,0.08135332410873808,0.2854989337332083,0.05180320907283604,0.17257848217982055,0.5350877192982456,0.29069830631704674,0.0488655253424375,0.29383072018578854,0.05349032115866024,0.2783247653494602,0.05430154821341472,0.25726018741783363,0.0545710929117736,0.25453198543202865,AuPRC,1.7773075806520224,./ad/mammography/results_xv4_1e-1_1e0.pkl,False
0,0.4719578217920741,0.5745248288384335,0.3638320201229365,0.49732638136962565,0.6804550981992636,0.57235761523213,0.7484299778447803,0.617800802918492,0.7287085006080192,0.3668604554313605,0.7462744248804783,0.5,0.7490729789608702,0.29429128283720074,0.7489830254368577,0.44168179773783545,0.7462011294164681,0.32664456697373023,0.7203211673968449,0.3307257916743016,0.7203311622328464,AuROC,1.7623907249536208,./ad/mammography/results_xv5_1e-1_1e0.pkl,True
1,0.0785006935119048,0.10728709559027241,0.06623659968164572,0.08158894440941886,0.14907909964452065,0.10525792641039071,0.26284298613561646,0.10458279765654592,0.21474642589816817,0.06555611291893476,0.24975730223108542,0.545335429769392,0.25994218286931425,0.06095595013478534,0.2600939935793989,0.07356195605839079,0.25062134328083296,0.06222613663526051,0.22006129036833583,0.06270578703500768,0.2199747582173589,AuPRC,1.7623907249536208,./ad/mammography/results_xv5_1e-1_1e0.pkl,True
0,0.48543731524952183,0.598830638149887,0.38184663536776214,0.5497739523561119,0.7570857242218745,0.6528429838288993,0.790036515388628,0.6954007998608938,0.7911015475569467,0.39458355068683704,0.7855590332116154,0.5,0.7879716571031125,0.3844983481133716,0.7879064510519911,0.4245783342027473,0.7849939141018953,0.40032168318553296,0.7637802121370196,0.39971309337506516,0.7627803860198227,AuROC,1.7639704057315242,./ad/mammography/results_xv5_1e-1_1e0.pkl,False
1,0.09854119421767336,0.14142673533900468,0.08380374148571586,0.11634462199795594,0.25356935080887694,0.15338355416077987,0.3049378069076548,0.17406961720554662,0.32176330392397956,0.08468191862136686,0.2905971762609624,0.55625,0.2964427664346783,0.09257167366149471,0.2964808772762196,0.08897370290777128,0.2902607539899521,0.08749174331048412,0.25662443884994235,0.08762287006039376,0.25523876782176536,AuPRC,1.7639704057315242,./ad/mammography/results_xv5_1e-1_1e0.pkl,False
0,0.38848680833589977,0.552816152639066,0.485525100092393,0.16062445920776686,0.17748984410518134,0.34315925323008784,0.69891621570094,0.4963482775309076,0.5600902664730814,0.7944696203088566,0.7248229134585772,0.5,0.7036733541584174,0.7934906947072022,0.7038731723055713,0.7961268276944287,0.7199356182263481,0.44791895815918,0.6956347984219866,0.4464304046225821,0.695909777523575,AuROC,3.2937856108722774,./ad/annthyroid/results_xv1_1e-1_1e0.pkl,True
1,0.10487911072967453,0.175192607134787,0.1219128916396409,0.0762642611327485,0.07741897818775828,0.09569185912306472,0.21341682437951945,0.12001590756495935,0.13410883704301133,0.30844298233900247,0.24298497509589412,0.5661907852044127,0.21845764298374193,0.32811701853229014,0.2187533934723702,0.29743259411647527,0.23430636000195548,0.10940481053685118,0.21460255759512542,0.10917346035979537,0.2147806860431547,AuPRC,3.2937856108722774,./ad/annthyroid/results_xv1_1e-1_1e0.pkl,True
0,0.39002639002639,0.45295295295295296,0.523978523978524,0.15306215306215307,0.18372918372918373,0.39111839111839114,0.7588497588497588,0.5472517972517973,0.6391846391846392,0.8353353353353353,0.7792792792792793,0.5,0.7591227591227592,0.832923832923833,0.7593957593957594,0.8300573300573301,0.7765037765037764,0.43284193284193284,0.7494312494312494,0.42906542906542905,0.7492037492037491,AuROC,3.2941957002781836,./ad/annthyroid/results_xv1_1e-1_1e0.pkl,False
1,0.13061777443460626,0.15086532488964763,0.1621143111245535,0.09560033916731335,0.09826747929604138,0.23234305426035384,0.2876874991331028,0.1674170570898896,0.1948728538576957,0.4289808173758516,0.3215464331408959,0.5827067669172932,0.2914785094343151,0.4587312782214406,0.29154040799820496,0.4093128371481873,0.3157501911421429,0.13338772298903775,0.2851926842142897,0.13316606164158717,0.2851818655209596,AuPRC,3.2941957002781836,./ad/annthyroid/results_xv1_1e-1_1e0.pkl,False
0,0.37945413191811983,0.5325795883731768,0.48468397660167906,0.11086728199706478,0.11610825548963283,0.34589381725104507,0.6989935383352692,0.7459223348241301,0.8143749434865167,0.8536109507480647,0.7201243644406731,0.5,0.7022608871051881,0.8670176878508183,0.702526935195554,0.8511973902942874,0.7163753469058431,0.40040063712431573,0.6955575185538112,0.4016665391490634,0.6952758205757769,AuROC,3.383355342602222,./ad/annthyroid/results_xv2_1e-1_1e0.pkl,True
1,0.11024007250954969,0.16428983234417874,0.13029038935839146,0.079189235036356,0.07933062098432424,0.10202972136605626,0.21890208260031357,0.2646921863135603,0.3700234408895202,0.507376784959948,0.26899833413010066,0.5709173715029278,0.2256117169175391,0.5123656048774028,0.2259464257184287,0.49994273389930305,0.2495502688612635,0.10820034424468078,0.22142959183765965,0.10900754223020617,0.22124496514019998,AuPRC,3.383355342602222,./ad/annthyroid/results_xv2_1e-1_1e0.pkl,True
0,0.34993131868131866,0.6160714285714286,0.44551282051282054,0.18618360805860806,0.19911858974358976,0.43561126373626374,0.6508699633699633,0.6695856227106228,0.7237293956043955,0.7902358058608059,0.6683836996336996,0.5,0.6534168956043956,0.812099358974359,0.6543612637362637,0.7857715201465202,0.6647779304029304,0.3937156593406594,0.644860347985348,0.39377289377289376,0.6454899267399268,AuROC,3.378963825756875,./ad/annthyroid/results_xv2_1e-1_1e0.pkl,False
1,0.09674981054058449,0.2567733681097367,0.11180274409864112,0.07857496488796474,0.07953656690499482,0.12401353094222788,0.17704714931305698,0.22874873933843737,0.25076911512855027,0.3375008517166289,0.1959983697637478,0.5670103092783505,0.17977373802552077,0.35218427795568497,0.18027686699273343,0.3387819291237466,0.1890697929124226,0.10090566298044429,0.17604054581039813,0.1009118438724392,0.1761905690325991,AuPRC,3.378963825756875,./ad/annthyroid/results_xv2_1e-1_1e0.pkl,False
0,0.3544973166368516,0.5407871198568872,0.47929159212880146,0.20771377459749554,0.24604293381037567,0.2595813953488372,0.6860644007155635,0.4271019677996422,0.5386887298747763,0.8019355992844365,0.7301788908765652,0.5,0.7005957066189624,0.8097101967799641,0.7009660107334527,0.7870017889087657,0.722726296958855,0.40044364937388194,0.6933774597495528,0.396304114490161,0.6936422182468694,AuROC,3.285107873554732,./ad/annthyroid/results_xv3_1e-1_1e0.pkl,True
1,0.1041797784613347,0.18439449321340065,0.1269874638611217,0.08482732314936335,0.08837298995701025,0.0915941305164267,0.21591610899536387,0.15273555512224785,0.14054400664090416,0.4121558127349647,0.26518810675702487,0.570957095709571,0.22958496811506476,0.4394998685668355,0.22996043048822234,0.35766181054841334,0.2516060832486082,0.10884330467329606,0.22523973761364358,0.10826752179959337,0.2250203733284971,AuPRC,3.285107873554732,./ad/annthyroid/results_xv3_1e-1_1e0.pkl,True
0,0.4547026460571129,0.6114225831805082,0.49667277966989787,0.5554624050301283,0.5804034582132565,0.3698716269321457,0.6851977993188368,0.34335865863243387,0.4487031700288185,0.7510086455331413,0.7113963845952318,0.5,0.6900969347655226,0.7681425203039036,0.6904375163741158,0.7294734084359444,0.7062614618810584,0.38585276395074664,0.6818443804034582,0.3742205920880272,0.682158763426775,AuROC,3.2811450562067006,./ad/annthyroid/results_xv3_1e-1_1e0.pkl,False
1,0.13553488042390693,0.2219044830102645,0.14348071190734327,0.27518371103864425,0.28754365618183353,0.11333823023107918,0.18659029142012293,0.1142539390113437,0.11288834443951123,0.3262925217011367,0.21078113812588284,0.568407960199005,0.19165390282551575,0.3662109087605224,0.19184464978479684,0.29666498276223896,0.2049303722580803,0.10419341019972765,0.18727099605413888,0.10247813917811646,0.18746995922718657,AuPRC,3.2811450562067006,./ad/annthyroid/results_xv3_1e-1_1e0.pkl,False
0,0.4103697370487341,0.5502800509500794,0.484517806354801,0.16896232834883354,0.22089651201340055,0.3987925529130533,0.6961839786428434,0.21632845352550123,0.3447680201008532,0.7453193976723491,0.7128683847777912,0.5,0.6959588909633404,0.7393414876725235,0.6961351224023311,0.7244159061960181,0.7079094763657936,0.3917398056219574,0.6881855141246881,0.3998359826211373,0.6886880354556717,AuROC,3.30670135167561,./ad/annthyroid/results_xv4_1e-1_1e0.pkl,True
1,0.11929313693651893,0.20833109765096908,0.13503568260304602,0.08534027319517541,0.0895362268560826,0.11836376316643568,0.22505609241089075,0.12256919194060348,0.1056559094292473,0.321918201363459,0.2417425609035065,0.5739389920424404,0.22676275286439446,0.2860972006496659,0.22689670126016076,0.26262814997258566,0.23367632681106026,0.11154964313875405,0.22218139614765442,0.11297054006985754,0.2223445641757615,AuPRC,3.30670135167561,./ad/annthyroid/results_xv4_1e-1_1e0.pkl,True
0,0.3371821484172289,0.5350934094447328,0.4460949662688116,0.14478463933575506,0.17326154644525169,0.10651271406331085,0.6385573430202388,0.1431953814218993,0.33257654385054486,0.7765308770108978,0.7293720809548521,0.5,0.7169823559937727,0.7716658017644007,0.717047223663726,0.7545407368967307,0.727815256875973,0.36961598339387647,0.7091982355993773,0.3875843279709393,0.7090685002594705,AuROC,3.3091250488482853,./ad/annthyroid/results_xv4_1e-1_1e0.pkl,False
1,0.09094599499502179,0.16337002493345162,0.10898748020871618,0.07116259473342663,0.07279274738842252,0.06890225852863839,0.24124245393056298,0.09126164804459316,0.08848288136346827,0.29668296546606077,0.28313067759046306,0.5626666666666666,0.2935138347466324,0.27581268888835236,0.29344647058424417,0.2369367123299247,0.29529633597462523,0.09112344040054311,0.2892668010068007,0.09345950248433055,0.2901229528092124,AuPRC,3.3091250488482853,./ad/annthyroid/results_xv4_1e-1_1e0.pkl,False
0,0.3456364329268292,0.5343801967849223,0.4659437361419069,0.7437881097560974,0.7868244179600887,0.27135185698447895,0.6687292128603103,0.31729143569844787,0.4557857538802661,0.6902057926829269,0.7045627771618626,0.5,0.6922152161862527,0.6595516906873614,0.6922602549889135,0.6765036031042129,0.6992828436807096,0.42363151330376936,0.6863601718403547,0.4289842017738359,0.6866096175166296,AuROC,3.2864158980946216,./ad/annthyroid/results_xv5_1e-1_1e0.pkl,True
1,0.10634135903404297,0.19215945101627271,0.12796015270069658,0.3785108992843152,0.4024092201951187,0.10082102154275938,0.20258824393724767,0.12458554813009766,0.1233496360828399,0.379204325713542,0.24884179237842582,0.5718015665796344,0.22081067354046308,0.3482892126244687,0.22106701293075587,0.3488456391095297,0.23839137970026206,0.11690578610232372,0.21767672199426563,0.11766004765433884,0.21775545455483158,AuPRC,3.2864158980946216,./ad/annthyroid/results_xv5_1e-1_1e0.pkl,True
0,0.40358108108108104,0.580472972972973,0.48020270270270277,0.13912162162162164,0.1581756756756757,0.19635135135135137,0.6443243243243244,0.33415540540540545,0.47020270270270276,0.7564189189189189,0.7047297297297297,0.5,0.6755067567567568,0.7310810810810812,0.6756756756756757,0.7324324324324324,0.6934459459459459,0.4504054054054054,0.670472972972973,0.4525,0.6710810810810811,AuROC,3.2984426912786615,./ad/annthyroid/results_xv5_1e-1_1e0.pkl,False
1,0.11466689851715037,0.2196288197355945,0.12933659035875764,0.08083412003384394,0.0822116177370408,0.08668862278652452,0.2140507764225634,0.14051296153462914,0.12845331493195672,0.4979910500832871,0.28670378619324477,0.5722543352601156,0.23803081723663808,0.45643845983410675,0.23795003636944917,0.4350139556541782,0.2676347783495574,0.1251302374178413,0.23497206389289915,0.1288832195545783,0.23542837850380585,AuPRC,3.2984426912786615,./ad/annthyroid/results_xv5_1e-1_1e0.pkl,False
0,0.44724857685009484,0.498292220113852,0.5614800759013282,0.35781151170145475,0.4230234029095509,0.3680581910183428,0.5973434535104364,0.5151802656546489,0.52235926628716,0.5022770398481974,0.6093611638203669,0.5,0.6083807716635041,0.47634408602150535,0.6084756483238456,0.5096774193548387,0.6091081593927894,0.7131562302340291,0.6265022137887413,0.7237191650853889,0.6269449715370019,AuROC,2.8986670126730427,./ad/yeast/results_xv1_1e-1_1e0.pkl,True
1,0.13739017226310948,0.1916891015459758,0.17014519826062455,0.1016301667317026,0.1291245778163687,0.10378089848001329,0.2540364719337584,0.2433066862278035,0.22940840725845585,0.15676935320084862,0.2378693256284134,0.5706371191135734,0.25217713428432686,0.1496070730956766,0.2393992843624811,0.16348455324889588,0.24722683249481117,0.2400697761660695,0.21992790834715328,0.2587795405494092,0.22182294112423318,AuPRC,2.8986670126730427,./ad/yeast/results_xv1_1e-1_1e0.pkl,True
0,0.5592783505154639,0.34536082474226804,0.6353092783505154,0.30670103092783507,0.4007731958762887,0.25257731958762886,0.6262886597938144,0.43041237113402064,0.5219072164948453,0.509020618556701,0.6520618556701031,0.5,0.6475515463917526,0.4059278350515464,0.6469072164948453,0.5335051546391752,0.6520618556701031,0.7628865979381443,0.6623711340206185,0.7577319587628867,0.663659793814433,AuROC,2.894304977394758,./ad/yeast/results_xv1_1e-1_1e0.pkl,False
1,0.08595793312592269,0.05322492133150582,0.1175766654078457,0.0513486070544175,0.05792589642444669,0.04820800736144647,0.12314658215770796,0.08139880952380951,0.08976191922468281,0.08565511773911716,0.13091716111209234,0.5380952380952381,0.12767036737909476,0.07065916126908597,0.1303517085504593,0.0900206414933227,0.13073727103889726,0.1995389248376696,0.1447385333391339,0.17484706834062796,0.1450364916181902,AuPRC,2.894304977394758,./ad/yeast/results_xv1_1e-1_1e0.pkl,False
0,0.50919452887538,0.44962006079027356,0.5790273556231004,0.5683890577507599,0.6358662613981763,0.3019756838905775,0.6019756838905775,0.34749240121580544,0.44874620060790277,0.38647416413373864,0.6146656534954407,0.6831306990881459,0.6605623100303951,0.3238601823708207,0.6139817629179332,0.40919452887538,0.6155775075987842,0.755015197568389,0.6313829787234043,0.7661094224924012,0.631838905775076,AuROC,2.845246291318386,./ad/yeast/results_xv2_1e-1_1e0.pkl,True
1,0.12120835596878332,0.12439780538308383,0.13457703865170983,0.11606082226643934,0.1638727466796603,0.073781569511947,0.15068559956195615,0.08482513505673493,0.12034716731404599,0.08386183331160278,0.14978100273490774,0.17955138392365635,0.1657208649507784,0.07730362343793407,0.149591981930644,0.0891132692961394,0.14977160603723022,0.277608971069581,0.156790736776252,0.2622191400318595,0.15671161028142216,AuPRC,2.845246291318386,./ad/yeast/results_xv2_1e-1_1e0.pkl,True
0,0.45614035087719296,0.35357624831309037,0.6835357624831309,0.46896086369770584,0.5688259109311741,0.4986504723346829,0.6605937921727395,0.5856950067476383,0.6217948717948718,0.5242914979757085,0.6572199730094467,0.5546558704453441,0.6572199730094467,0.4784075573549258,0.656545209176788,0.5553306342780028,0.656545209176788,0.6275303643724696,0.6673414304993253,0.6248313090418354,0.664642375168691,AuROC,2.8417647397367607,./ad/yeast/results_xv2_1e-1_1e0.pkl,False
1,0.19256487672110661,0.21461086184717795,0.38047342407120416,0.18560669964883947,0.22178888555266402,0.20269349808966763,0.3376534180869316,0.3084884710902299,0.3194302756574359,0.2950298374619323,0.3387196009589157,0.21774546293679942,0.3376025842792856,0.2042558509387518,0.3381287497473089,0.3096781618533545,0.3381287497473089,0.26473594397308264,0.3355849841764814,0.2630625612901845,0.3324636282972347,AuPRC,2.8417647397367607,./ad/yeast/results_xv2_1e-1_1e0.pkl,False
0,0.45412614416475977,0.46016876430205944,0.5924628146453089,0.5756578947368421,0.600829519450801,0.5698655606407322,0.6292906178489702,0.4770809496567505,0.5164116132723112,0.4547339816933638,0.6181350114416476,0.5685783752860413,0.6207808924485126,0.4651029748283753,0.6199227688787186,0.5293907322654463,0.618850114416476,0.7326945080091533,0.6352974828375286,0.729762585812357,0.6333667048054921,AuROC,2.807456847323035,./ad/yeast/results_xv3_1e-1_1e0.pkl,True
1,0.11969670602062946,0.12483857372219515,0.1618522872518776,0.18853526858881645,0.20628289543023476,0.16374957211775742,0.19906194055269838,0.1927532041397285,0.17242391089466266,0.14945556318751463,0.2011413757679685,0.1734570723844553,0.2010821431649045,0.14063919525536317,0.19880375993648008,0.17444071616191992,0.2014730747333061,0.2868113098573094,0.20401809381662545,0.2809154024977449,0.20260368292779962,AuPRC,2.807456847323035,./ad/yeast/results_xv3_1e-1_1e0.pkl,True
0,0.5524475524475524,0.5198135198135199,0.5268065268065267,0.5209790209790209,0.5745920745920746,0.372960372960373,0.5710955710955711,0.5693473193473193,0.5442890442890443,0.5011655011655012,0.5722610722610723,0.49300699300699297,0.5571095571095571,0.5116550116550116,0.5699300699300699,0.5361305361305362,0.5710955710955712,0.668997668997669,0.5722610722610723,0.6503496503496504,0.5722610722610723,AuROC,2.8076741832429737,./ad/yeast/results_xv3_1e-1_1e0.pkl,False
1,0.130943887823334,0.12844825885389016,0.1425914030733208,0.1257979646850471,0.13500275913662252,0.10476939053555283,0.1635899126700084,0.24345064177178105,0.15160811572872396,0.1636078008074378,0.16607215699840805,0.14201145533160092,0.15306907985441923,0.14236449540499718,0.1604328953345012,0.17513328234491415,0.16029997778872884,0.26589241108670625,0.15716277229531442,0.17665170480011066,0.16282793725037228,AuPRC,2.8076741832429737,./ad/yeast/results_xv3_1e-1_1e0.pkl,False
0,0.5157087352625939,0.47514737406216506,0.6109994640943194,0.3803590568060021,0.41231243301178994,0.38042604501607713,0.592443729903537,0.5082730439442658,0.5354702572347266,0.5228429796355841,0.6034297963558413,0.4626875669882101,0.5538585209003215,0.49906216505894957,0.6035637727759913,0.5457529474812433,0.6034297963558413,0.7000267952840301,0.6202438370846732,0.6811361200428725,0.6189040728831726,AuROC,2.818466059139418,./ad/yeast/results_xv4_1e-1_1e0.pkl,True
1,0.14597464197912707,0.12204950127636623,0.18696513285970198,0.09953798709463407,0.10554150174375146,0.09967114984785796,0.201125613060174,0.23078693216097007,0.18495302388791082,0.17383971176885293,0.2161300392979279,0.1400418428900192,0.19295024970149854,0.2156895312149426,0.21279243283922206,0.1832374953286669,0.20977508027771882,0.22799093687689054,0.20753441085668747,0.22068693398167732,0.2058334144663952,AuPRC,2.818466059139418,./ad/yeast/results_xv4_1e-1_1e0.pkl,True
0,0.28482003129890454,0.4679186228482003,0.43192488262910794,0.7965571205007824,0.7934272300469483,0.40062597809076683,0.543035993740219,0.19327073552425664,0.3411580594679186,0.27699530516431925,0.5524256651017214,0.6103286384976526,0.5837245696400626,0.27230046948356806,0.5524256651017214,0.3004694835680751,0.5492957746478873,0.7621283255086071,0.5633802816901409,0.7715179968701096,0.566510172143975,AuROC,2.8199537509452592,./ad/yeast/results_xv4_1e-1_1e0.pkl,False
1,0.07300143467309902,0.09611346884776226,0.09397922414198531,0.4220498055312891,0.26898582118464315,0.09052209638672873,0.13596813937164076,0.05990202209714405,0.08691381910775497,0.07338482113675639,0.12388613383251587,0.12685403069005352,0.12767695381208605,0.07318104082407573,0.12388613383251587,0.07610896352905112,0.12312169425067432,0.3172345663588896,0.1258940733628912,0.4161094988598098,0.12700476038044095,AuPRC,2.8199537509452592,./ad/yeast/results_xv4_1e-1_1e0.pkl,False
0,0.4011603522997343,0.45211799245072004,0.6165245351600727,0.5721375646581854,0.5938766950929681,0.4237382916258913,0.5978610373269958,0.5055571089053543,0.543128757164826,0.4236683908849433,0.6019152803019712,0.5,0.6088005032853349,0.43995526352579334,0.6085558506920173,0.4831539214315672,0.6072277366140081,0.6695791975394939,0.6181322522018733,0.6644764434503007,0.6184817559066127,AuROC,2.7837364295568205,./ad/yeast/results_xv5_1e-1_1e0.pkl,True
1,0.10174983275764823,0.1243325915445753,0.1815135082960858,0.16097482002008573,0.16767377548350965,0.11526109035249318,0.19085083697533192,0.14097607537745005,0.17514948363200916,0.15447642850141063,0.1893296118625103,0.5644257703081232,0.18862057530304277,0.13800980592367912,0.192894226860314,0.15729859273382935,0.1922040747916298,0.19801600663759483,0.19642298115934598,0.19860780741081413,0.1951524457115626,AuPRC,2.7837364295568205,./ad/yeast/results_xv5_1e-1_1e0.pkl,True
0,0.29641485275288093,0.6069142125480154,0.5672215108834827,0.5774647887323943,0.618437900128041,0.6299615877080667,0.6325224071702946,0.4910371318822024,0.5435339308578745,0.45966709346991036,0.6209987195902689,0.5,0.623559539052497,0.469910371318822,0.6261203585147247,0.5454545454545454,0.6248399487836107,0.7605633802816901,0.6414852752880922,0.7541613316261204,0.6414852752880922,AuROC,2.7868452940996695,./ad/yeast/results_xv5_1e-1_1e0.pkl,False
1,0.0930537281565731,0.18940102167855843,0.19282854598617713,0.2537858425695658,0.1887145019069052,0.25550960661716005,0.18509511857016636,0.187404871551213,0.14403877981438054,0.12784874227471746,0.1674034538038793,0.5670731707317074,0.16938455173561795,0.12414864421606897,0.17054749797601465,0.1432006847433736,0.1699483633966154,0.24180875946727592,0.17792654095228627,0.24350143395978274,0.17779770876104375,AuPRC,2.7868452940996695,./ad/yeast/results_xv5_1e-1_1e0.pkl,False
