"V1","V2","V3","V4","V5","V6","c4","c5","c6"
-0.33267052,-0.41711211,-0.0055711987,0.16324045,1.247427,1.0745079,1,1,1
0.19004524,-0.38614689,-0.18589744,-0.85955255,-0.37786573,-0.94572324,0,0,1
0.24238456,-0.29767485,0.58048907,0.55142922,0.096291845,1.1080261,1,1,1
-0.78441482,-0.47019533,-0.59163147,-0.85955255,-0.37786573,-0.94572324,0,0,1
1.6946739,3.0554157,-0.230979,-0.85955255,-0.37786573,-0.94572324,0,0,1
-0.3557066,-0.33306367,1.3468756,0.40332676,-0.37786573,1.1445914,1,1,1
-0.32199939,-0.36402888,1.301794,0.33581567,-0.37786573,1.1232616,1,1,1
2.2449991,-0.45250093,-0.45638679,-0.85955255,-0.37786573,-0.94572324,0,0,1
-0.49019665,-0.43480652,0.17475504,1.0168338,2.4758049,0.91605844,1,1,1
-0.083000064,-0.25343882,0.039510361,-0.85955255,-0.37786573,-0.94572324,0,0,1
-0.78441482,-0.47019533,-0.59163147,-0.85955255,-0.37786573,-0.94572324,0,0,1
0.97327195,0.87457975,-0.095734317,0.98307824,-0.37786573,0.71799656,1,1,1
0.090109301,0.29508785,1.8878543,1.0307579,-0.37786573,0.78198578,1,1,1
-0.78441482,-0.47019533,-0.59163147,-0.85955255,-0.37786573,-0.94572324,0,0,1
0.10044166,0.016400912,-0.45638679,-0.85955255,-0.37786573,-0.94572324,0,0,1
-0.20800467,-0.44365372,-0.095734317,0.29741874,-0.37786573,0.88863449,1,1,1
-0.087742787,-0.2092028,0.80589687,0.25775598,0.20296989,1.2725698,1,1,1
-0.30201221,-0.41711211,-0.0055711987,-0.85955255,-0.37786573,-0.94572324,0,0,1
-0.78441482,-0.47019533,-0.59163147,-0.85955255,-0.37786573,-0.94572324,0,0,1
-0.14177594,-0.28440404,-0.18589744,0.33539373,-0.37786573,1.4858672,1,1,1
0.012193148,-0.38172329,-0.18589744,0.88771883,-0.37786573,1.3731243,1,1,1
-0.78441482,-0.47019533,-0.59163147,-0.85955255,-0.37786573,-0.94572324,0,0,1
2.8701915,-0.076494735,-0.54654991,2.5552427,10.620608,1.1842038,1,1,1
0.033874165,-0.45250093,-0.14081588,-0.85955255,-0.37786573,-0.94572324,0,0,1
-0.78441482,-0.47019533,-0.59163147,-0.85955255,-0.37786573,-0.94572324,0,0,1
-0.47867861,-0.41268851,2.2034252,-0.019883376,0.10877054,0.74237341,1,1,1
0.98258801,-0.44365372,-0.54654991,-0.85955255,-0.37786573,-0.94572324,0,0,1
-0.042517541,-0.45250093,0.08459192,-0.85955255,-0.37786573,-0.94572324,0,0,1
0.18496375,0.12256737,0.039510361,0.10585603,-0.37786573,1.1080261,1,1,1
0.15057901,-0.29325125,0.12967348,0.86198022,-0.37786573,1.5102441,1,1,1
0.36247707,-0.2047792,-0.36622367,0.99911212,1.8078818,1.5041499,1,1,1
-0.24408324,-0.43480652,0.26491816,-0.85955255,-0.37786573,-0.94572324,0,0,1
1.7776715,4.1568926,-0.45638679,1.2417301,-0.37786573,0.28530753,1,1,1
-0.22257161,-0.29325125,0.98622311,1.0944715,0.34059774,1.0074716,1,1,1
-0.78441482,-0.47019533,-0.59163147,-0.85955255,-0.37786573,-0.94572324,0,0,1
0.86571378,-0.35960528,-0.230979,0.863668,0.66678891,0.96176503,1,1,1
0.14820765,0.55608039,-0.18589744,0.40501454,-0.37786573,0.98918898,1,1,1
-0.78441482,-0.47019533,-0.59163147,-0.85955255,-0.37786573,-0.94572324,0,0,1
-0.13296803,-0.4082649,-0.14081588,-0.85955255,-0.37786573,-0.94572324,0,0,1
-0.78441482,-0.47019533,-0.59163147,-0.85955255,-0.37786573,-0.94572324,0,0,1
-0.78441482,-0.47019533,-0.59163147,-0.85955255,-0.37786573,-0.94572324,0,0,1
-0.33893769,-0.37287609,0.44524439,-0.85955255,-0.37786573,-0.94572324,0,0,1
-0.78441482,-0.47019533,-0.59163147,-0.85955255,-0.37786573,-0.94572324,0,0,1
-0.36908785,-0.37729969,2.8796486,0.30163819,0.097114978,0.90387002,1,1,1
-0.78441482,-0.47019533,-0.59163147,-0.85955255,-0.37786573,-0.94572324,0,0,1
-0.070973875,-0.3994177,-0.095734317,0.26872653,-0.37786573,0.9952832,1,1,1
-0.18479921,-0.36845248,0.98622311,2.1143109,0.29400841,0.55345284,1,1,1
0.86859329,0.22431022,-0.27606055,0.87548244,1.4393487,1.1202145,1,1,1
0.28659351,-0.23132081,0.08459192,-0.85955255,-0.37786573,-0.94572324,0,0,1
-0.78441482,-0.47019533,-0.59163147,-0.85955255,-0.37786573,-0.94572324,0,0,1
-0.27508032,-0.42153571,0.30999972,0.96240297,-0.37786573,1.3761714,1,1,1
-0.53152609,-0.30209845,0.2198366,-0.44604713,2.4961198,0.88863449,1,0,1
-0.78441482,-0.47019533,-0.59163147,-0.85955255,-0.37786573,-0.94572324,0,0,1
-0.78441482,-0.47019533,-0.59163147,-0.85955255,-0.37786573,-0.94572324,0,0,1
0.60537221,1.1178779,-0.18589744,-0.85955255,-0.37786573,-0.94572324,0,0,1
-0.78441482,-0.47019533,-0.59163147,-0.85955255,-0.37786573,-0.94572324,0,0,1
0.43632803,-0.38614689,-0.27606055,0.84046107,1.0975509,1.0379427,1,1,1
-0.38297725,-0.4082649,1.4821203,1.3016462,0.1218419,0.86121054,1,1,1
-0.78441482,-0.47019533,-0.59163147,-0.85955255,-0.37786573,-0.94572324,0,0,1
-0.78441482,-0.47019533,-0.59163147,-0.85955255,-0.37786573,-0.94572324,0,0,1
0.81964162,-0.45250093,-0.50146835,-0.85955255,-0.37786573,-0.94572324,0,0,1
-0.78441482,-0.47019533,-0.59163147,-0.85955255,-0.37786573,-0.94572324,0,0,1
0.15311975,0.069484139,0.30999972,0.56197782,0.29795945,1.1598269,1,1,1
0.4724066,0.1889214,-0.18589744,1.4083981,-0.37786573,1.1202145,1,1,1
1.2588516,4.8204329,0.08459192,1.0624038,-0.37786573,0.7911271,1,1,1
-0.16023868,-0.33748727,-0.230979,0.71092416,1.5576494,1.4645375,1,1,1
-0.78441482,-0.47019533,-0.59163147,-0.85955255,-0.37786573,-0.94572324,0,0,1
0.31420293,-0.2092028,0.62557063,-0.85955255,-0.37786573,-0.94572324,0,0,1
-0.35028634,-0.43923012,0.44524439,0.28518236,-0.37786573,0.98309477,1,1,1
-0.78441482,-0.47019533,-0.59163147,-0.85955255,-0.37786573,-0.94572324,0,0,1
0.22239738,0.025248116,0.08459192,0.57590199,-0.37786573,1.0958377,1,1,1
-0.29743887,-0.44365372,-0.59163147,0.60712586,-0.37786573,0.27616621,1,1,1
-0.38043651,-0.34633447,0.26491816,0.16619406,1.0035491,1.1689682,1,1,1
-0.043364456,-0.34633447,-0.050652758,0.91936465,-0.37786573,1.0897435,1,1,1
-0.077749193,-0.36402888,-0.18589744,-0.85955255,-0.37786573,-0.94572324,0,0,1
-0.439043,-0.44365372,0.08459192,0.21556155,-0.37786573,1.1720153,1,1,1
-0.25187486,-0.3949941,1.4821203,0.61050142,0.38616639,1.0348956,1,1,1
-0.78441482,-0.47019533,-0.59163147,-0.85955255,-0.37786573,-0.94572324,0,0,1
0.65093622,0.22873382,0.26491816,-0.85955255,-0.37786573,-0.94572324,0,0,1
0.50746887,-0.33306367,-0.50146835,1.6619866,11.803055,1.1202145,1,1,1
0.23425418,-0.16054318,-0.230979,0.94425936,0.79088446,0.9952832,1,1,1
0.093666343,0.1977686,0.2198366,0.66324446,1.0793103,0.92519976,1,1,1
0.84098388,0.60916361,-0.095734317,0.55818032,-0.37786573,0.86425764,1,1,1
-0.78441482,-0.47019533,-0.59163147,-0.85955255,-0.37786573,-0.94572324,0,0,1
0.3114928,-0.44365372,0.08459192,-0.85955255,-0.37786573,-0.94572324,0,0,1
-0.019312079,-0.29767485,0.58048907,-0.85955255,-0.37786573,-0.94572324,0,0,1
0.66533377,1.1709611,-0.41130523,1.4138834,-0.37786573,1.3304648,1,1,1
0.16108075,-0.26670963,0.12967348,0.71134611,0.50308421,1.3152293,1,1,1
-0.78441482,-0.47019533,-0.59163147,-0.85955255,-0.37786573,-0.94572324,0,0,1
-0.78441482,-0.47019533,-0.59163147,-0.85955255,-0.37786573,-0.94572324,0,0,1
-0.78441482,-0.47019533,-0.59163147,-0.85955255,-0.37786573,-0.94572324,0,0,1
0.13025306,0.51626796,0.94114155,0.053112989,-0.37786573,0.68143129,1,1,1
0.42836703,-0.18708479,0.08459192,-0.85955255,-0.37786573,-0.94572324,0,0,1
-0.28710651,-0.42595931,0.80589687,0.28265069,-0.37786573,0.87949317,1,1,1
-0.78441482,-0.47019533,-0.59163147,-0.85955255,-0.37786573,-0.94572324,0,0,1
0.1556605,-0.24016802,-0.18589744,0.45902341,-0.37786573,1.0348956,1,1,1
-0.15447966,-0.054376724,0.67065219,-0.85955255,-0.37786573,-0.94572324,0,0,1
-0.24865658,-0.43038291,-0.27606055,-0.85955255,-0.37786573,-0.94572324,0,0,1
-0.78441482,-0.47019533,-0.59163147,-0.85955255,-0.37786573,-0.94572324,0,0,1
-0.78441482,-0.47019533,-0.59163147,-0.85955255,-0.37786573,-0.94572324,0,0,1
-0.061149665,-0.45250093,-0.36622367,-0.85955255,-0.37786573,-0.94572324,0,0,1
-0.33842954,-0.24901522,2.6542408,0.03750105,-0.37786573,1.3517946,1,1,1
0.99122654,-0.44365372,-0.27606055,-0.85955255,-0.37786573,-0.94572324,0,0,1
0.78271614,0.62685802,-0.14081588,1.2552323,1.2214818,0.53821731,1,1,1
-0.25949709,-0.45250093,0.2198366,-0.85955255,-0.37786573,-0.94572324,0,0,1
-0.78441482,-0.47019533,-0.59163147,-0.85955255,-0.37786573,-0.94572324,0,0,1
0.19529611,0.20661581,-0.230979,-0.85955255,-0.37786573,-0.94572324,0,0,1
1.4350098,2.0601051,0.12967348,1.2797051,-0.37786573,0.51688757,1,1,1
-0.78441482,-0.47019533,-0.59163147,-0.85955255,-0.37786573,-0.94572324,0,0,1
-0.78441482,-0.47019533,-0.59163147,-0.85955255,-0.37786573,-0.94572324,0,0,1
-0.55879674,-0.44365372,1.0313047,0.018935501,0.46910528,0.85206922,1,1,1
-0.78441482,-0.47019533,-0.59163147,-0.85955255,-0.37786573,-0.94572324,0,0,1
-0.19411527,-0.32421646,5.4492975,0.73539693,-0.37786573,0.67838418,1,1,1
-0.78441482,-0.47019533,-0.59163147,-0.85955255,-0.37786573,-0.94572324,0,0,1
-0.78441482,-0.47019533,-0.59163147,-0.85955255,-0.37786573,-0.94572324,0,0,1
-0.23019384,-0.32864006,-0.36622367,0.46957202,-0.37786573,0.85511633,1,1,1
0.40837985,-0.25343882,-0.50146835,1.6927886,6.6123779,1.4432078,1,1,1
-0.78441482,-0.47019533,-0.59163147,-0.85955255,-0.37786573,-0.94572324,0,0,1
0.88756418,0.63570523,0.2198366,1.6375139,-0.37786573,1.1689682,1,1,1
0.38771513,-0.058800326,-0.18589744,0.82949051,0.7186463,1.0897435,1,1,1
-0.78441482,-0.47019533,-0.59163147,-0.85955255,-0.37786573,-0.94572324,0,0,1
0.31674367,-0.21805001,-0.27606055,-0.85955255,-0.37786573,-0.94572324,0,0,1
1.0430577,2.7988467,-0.45638679,2.1771806,-0.37786573,0.73323209,1,1,1
-0.78441482,-0.47019533,-0.59163147,-0.85955255,-0.37786573,-0.94572324,0,0,1
0.39449044,-0.014564304,-0.36622367,0.69531222,-0.37786573,1.3152293,1,1,1
1.2288708,4.1347746,-0.50146835,-0.85955255,-0.37786573,-0.94572324,0,0,1
-0.21020665,-0.22247361,1.3919571,0.46535258,-0.37786573,0.8947287,1,1,1
1.3953742,4.5992528,-0.36622367,-0.85955255,-0.37786573,-0.94572324,0,0,1
-0.13059667,-0.45250093,0.76081531,1.0742182,0.2702034,0.80331553,1,1,1
0.214267,0.047366127,-0.050652758,0.80122024,-0.37786573,1.2024864,1,1,1
0.28388338,1.2373151,1.1665493,0.92906937,-0.15594905,0.88254028,1,1,1
-0.78441482,-0.47019533,-0.59163147,-0.85955255,-0.37786573,-0.94572324,0,0,1
-0.12483765,-0.3994177,-0.230979,1.8742246,1.2875959,0.49251073,1,1,1
-0.46377291,-0.4038413,1.8878543,0.7303336,-0.37786573,0.78198578,1,1,1
-0.21816765,-0.42153571,-0.27606055,-0.85955255,-0.37786573,-0.94572324,0,0,1
-0.78441482,-0.47019533,-0.59163147,-0.85955255,-0.37786573,-0.94572324,0,0,1
-0.081645001,-0.41268851,0.35508128,0.21471766,-0.37786573,0.77893868,1,1,1
-0.78441482,-0.47019533,-0.59163147,-0.85955255,-0.37786573,-0.94572324,0,0,1
-0.78441482,-0.47019533,-0.59163147,-0.85955255,-0.37786573,-0.94572324,0,0,1
-0.22257161,-0.43480652,-0.27606055,-0.85955255,-0.37786573,-0.94572324,0,0,1
0.33164937,1.2417387,-0.27606055,-0.85955255,-0.37786573,-0.94572324,0,0,1
-0.78441482,-0.47019533,-0.59163147,-0.85955255,-0.37786573,-0.94572324,0,0,1
-0.78441482,-0.47019533,-0.59163147,-0.85955255,-0.37786573,-0.94572324,0,0,1
1.6662176,4.7717733,-0.50146835,1.6480625,-0.37786573,0.2213183,1,1,1
-0.78441482,-0.47019533,-0.59163147,-0.85955255,-0.37786573,-0.94572324,0,0,1
-0.78441482,-0.47019533,-0.59163147,-0.85955255,-0.37786573,-0.94572324,0,0,1
-0.54524611,-0.45250093,-0.14081588,0.56071199,2.4815669,0.87339896,1,1,1
0.30861329,-0.31536926,-0.0055711987,-0.85955255,-0.37786573,-0.94572324,0,0,1
-0.78441482,-0.47019533,-0.59163147,-0.85955255,-0.37786573,-0.94572324,0,0,1
-0.78441482,-0.47019533,-0.59163147,-0.85955255,-0.37786573,-0.94572324,0,0,1
0.4793513,0.01197731,0.2198366,1.4311831,0.47114665,1.306088,1,1,1
-0.78441482,-0.47019533,-0.59163147,-0.85955255,-0.37786573,-0.94572324,0,0,1
-0.029813821,-0.22689721,1.2116309,-0.85955255,-0.37786573,-0.94572324,0,0,1
0.26931645,-0.13842517,-0.0055711987,1.1429951,1.5234729,0.51079336,1,1,1
0.36857485,-0.13400156,-0.14081588,1.0864546,0.6630025,1.1080261,1,1,1
0.097731533,0.034095321,-0.14081588,0.39952927,-0.37786573,1.0714608,1,1,1
0.40397589,-0.32864006,-0.32114211,-0.85955255,-0.37786573,-0.94572324,0,0,1
-0.11128702,-0.42153571,-0.36622367,-0.85955255,-0.37786573,-0.94572324,0,0,1
0.0027077036,0.14910898,1.4821203,0.99109518,-0.37786573,0.8947287,1,1,1
-0.78441482,-0.47019533,-0.59163147,-0.85955255,-0.37786573,-0.94572324,0,0,1
-0.40567457,-0.41711211,0.62557063,0.46999396,0.55513914,1.4035954,1,1,1
-0.40669086,-0.43480652,1.1214678,-0.85955255,-0.37786573,-0.94572324,0,0,1
-0.24171188,-0.43480652,0.26491816,2.3729628,-0.37786573,0.41328597,1,1,1
-0.78441482,-0.47019533,-0.59163147,-0.85955255,-0.37786573,-0.94572324,0,0,1
0.17412324,0.056213332,-0.27606055,0.88138966,-0.37786573,1.2634285,1,1,1
8.9610327,-0.42153571,-0.54654991,-0.85955255,-0.37786573,-0.94572324,0,0,1
0.59622553,2.4139933,-0.050652758,-0.85955255,-0.37786573,-0.94572324,0,0,1
0.082995217,-0.29767485,0.26491816,0.66915168,1.3102156,1.2542872,1,1,1
0.1268654,-0.4082649,-0.230979,1.3683134,1.2048545,0.81245684,1,1,1
-0.78441482,-0.47019533,-0.59163147,-0.85955255,-0.37786573,-0.94572324,0,0,1
0.62654507,0.56050399,-0.32114211,-0.85955255,-0.37786573,-0.94572324,0,0,1
0.81439075,4.5727112,0.53540751,1.2159915,0.10570849,0.74846762,1,1,1
0.19394104,0.42779592,0.17475504,-0.85955255,-0.37786573,-0.94572324,0,0,1
4.5682555,-0.45250093,-0.41130523,-0.85955255,-0.37786573,-0.94572324,0,0,1
0.20444279,0.042942525,-0.27606055,1.5944755,1.0455948,1.3761714,1,1,1
-0.78441482,-0.47019533,-0.59163147,-0.85955255,-0.37786573,-0.94572324,0,0,1
-0.10908504,0.16237979,1.2567125,-0.10849168,-0.37786573,0.84902211,1,1,1
-0.78441482,-0.47019533,-0.59163147,-0.85955255,-0.37786573,-0.94572324,0,0,1
0.4485236,-0.42153571,-0.41130523,-0.85955255,-0.37786573,-0.94572324,0,0,1
-0.28896972,-0.41268851,0.44524439,0.91641104,0.7316518,1.0836493,1,1,1
-0.78441482,-0.47019533,-0.59163147,-0.85955255,-0.37786573,-0.94572324,0,0,1
0.26762262,-0.063223929,0.44524439,1.2037551,0.4128359,1.0836493,1,1,1
0.13939974,-0.27555684,0.08459192,1.0096607,1.4009578,1.0927906,1,1,1
-0.78441482,-0.47019533,-0.59163147,-0.85955255,-0.37786573,-0.94572324,0,0,1
0.37873783,0.60916361,-0.14081588,1.0543868,0.49478703,1.5041499,1,1,1
-0.78441482,-0.47019533,-0.59163147,-0.85955255,-0.37786573,-0.94572324,0,0,1
0.26474311,-0.27998044,0.12967348,0.034125496,-0.37786573,1.2055335,1,1,1
0.080962622,-0.14727237,-0.0055711987,0.74003832,0.38922844,1.047084,1,1,1
-0.78441482,-0.47019533,-0.59163147,-0.85955255,-0.37786573,-0.94572324,0,0,1
0.053691969,-0.29325125,-0.18589744,1.121054,0.82492924,1.1994393,1,1,1
3.5116447,2.7369163,0.039510361,-0.85955255,-0.37786573,-0.94572324,0,0,1
0.25678211,-0.41711211,-0.095734317,-0.85955255,-0.37786573,-0.94572324,0,0,1
-0.78441482,-0.47019533,-0.59163147,-0.85955255,-0.37786573,-0.94572324,0,0,1
0.25017618,0.43221952,0.26491816,0.66071279,-0.37786573,1.1872509,1,1,1
-0.78441482,-0.47019533,-0.59163147,-0.85955255,-0.37786573,-0.94572324,0,0,1
0.22798701,0.1844978,-0.0055711987,-0.85955255,-0.37786573,-0.94572324,0,0,1
-0.78441482,-0.47019533,-0.59163147,-0.85955255,-0.37786573,-0.94572324,0,0,1
0.14295678,0.14910898,-0.32114211,-0.074314191,-0.37786573,1.3975012,1,1,1
-0.78441482,-0.47019533,-0.59163147,-0.85955255,-0.37786573,-0.94572324,0,0,1
-0.25289115,-0.38172329,2.2935883,2.264945,0.42709256,1.2695227,1,1,1
0.98563691,2.2857089,-0.45638679,1.810933,-0.37786573,0.94957661,1,1,1
0.046916651,0.12256737,0.89605999,0.29952846,-0.37786573,0.88863449,1,1,1
0.64720979,2.0025983,0.30999972,-0.85955255,-0.37786573,-0.94572324,0,0,1
0.30742761,-0.16939038,-0.27606055,0.86324606,1.7554647,1.1384972,1,1,1
0.36061386,-0.27555684,-0.41130523,1.2691565,2.7012117,1.5864217,1,1,1
-0.019142696,-0.38172329,-0.14081588,0.86704356,1.4697058,1.2329575,1,1,1
-0.78441482,-0.47019533,-0.59163147,-0.85955255,-0.37786573,-0.94572324,0,0,1
-0.78441482,-0.47019533,-0.59163147,-0.85955255,-0.37786573,-0.94572324,0,0,1
1.4322997,4.0153373,-0.0055711987,-0.85955255,-0.37786573,-0.94572324,0,0,1
-0.53034041,-0.45250093,0.039510361,-0.18359777,-0.37786573,0.95871792,1,1,1
0.0098217871,-0.3994177,0.039510361,0.97084186,0.87359287,1.190298,1,1,1
0.65398511,0.72417727,-0.36622367,0.88729688,-0.37786573,0.67228997,1,1,1
-0.35655351,-0.44365372,-0.14081588,0.026530498,-0.37786573,1.132403,1,1,1
-0.78441482,-0.47019533,-0.59163147,-0.85955255,-0.37786573,-0.94572324,0,0,1
-0.78441482,-0.47019533,-0.59163147,-0.85955255,-0.37786573,-0.94572324,0,0,1
-0.78441482,-0.47019533,-0.59163147,-0.85955255,-0.37786573,-0.94572324,0,0,1
1.0206992,4.9044814,0.26491816,-0.85955255,-0.37786573,-0.94572324,0,0,1
0.0096524042,-0.33306367,-0.27606055,0.54594394,-0.37786573,1.4767259,1,1,1
-0.30353665,-0.3949941,0.039510361,-0.85955255,-0.37786573,-0.94572324,0,0,1
-0.49121295,-0.45250093,0.08459192,0.35438122,1.7419324,1.0318485,1,1,1
-0.51018384,-0.44807732,0.58048907,-0.85955255,-0.37786573,-0.94572324,0,0,1
-0.18276662,-0.36845248,0.49032595,0.44383342,0.33299199,1.4188309,1,1,1
0.41159812,4.5152044,-0.27606055,0.08644659,-0.37786573,0.14514066,1,1,1
-0.78441482,-0.47019533,-0.59163147,-0.85955255,-0.37786573,-0.94572324,0,0,1
0.22663195,-0.12073076,0.85097843,0.75522832,-0.37786573,0.86121054,1,1,1
-0.78441482,-0.47019533,-0.59163147,-0.85955255,-0.37786573,-0.94572324,0,0,1
0.35316101,0.37471269,-0.36622367,0.98012463,-0.37786573,1.0745079,1,1,1
-0.12399074,-0.34191087,0.30999972,0.13581407,-0.37786573,1.4553962,1,1,1
-0.78441482,-0.47019533,-0.59163147,-0.85955255,-0.37786573,-0.94572324,0,0,1
1.0079955,1.2107735,-0.0055711987,1.3307603,-0.37786573,0.96481214,1,1,1
-0.78441482,-0.47019533,-0.59163147,-0.85955255,-0.37786573,-0.94572324,0,0,1
-0.78441482,-0.47019533,-0.59163147,-0.85955255,-0.37786573,-0.94572324,0,0,1
-0.1521083,-0.44365372,-0.27606055,-0.85955255,-0.37786573,-0.94572324,0,0,1
-0.78441482,-0.47019533,-0.59163147,-0.85955255,-0.37786573,-0.94572324,0,0,1
0.41295319,-0.16496678,0.08459192,1.3024901,0.79414406,0.94957661,1,1,1
0.17734152,-0.11188355,-0.27606055,1.3324481,1.0614648,1.4706317,1,1,1
-0.78441482,-0.47019533,-0.59163147,-0.85955255,-0.37786573,-0.94572324,0,0,1
1.096244,4.1613162,-0.45638679,1.5117745,1.0369354,0.33406122,1,1,1
-0.028458757,-0.42595931,0.17475504,-0.85955255,-0.37786573,-0.94572324,0,0,1
1.4656682,1.6487101,-0.230979,1.1493243,0.67679821,0.90387002,1,1,1
-0.78441482,-0.47019533,-0.59163147,-0.85955255,-0.37786573,-0.94572324,0,0,1
0.80490531,0.1889214,-0.230979,1.5788636,-0.37786573,1.2908525,1,1,1
2.2544845,-0.45250093,-0.50146835,-0.85955255,-0.37786573,-0.94572324,0,0,1
-0.78441482,-0.47019533,-0.59163147,-0.85955255,-0.37786573,-0.94572324,0,0,1
-0.78441482,-0.47019533,-0.59163147,-0.85955255,-0.37786573,-0.94572324,0,0,1
0.28947302,-0.13400156,0.53540751,1.7662069,-0.37786573,1.1811567,1,1,1
-0.090452914,-0.41268851,0.89605999,0.40248288,-0.37786573,0.87644607,1,1,1
8.4576266,-0.45250093,-0.54654991,-0.85955255,-0.37786573,-0.94572324,0,0,1
-0.78441482,-0.47019533,-0.59163147,-0.85955255,-0.37786573,-0.94572324,0,0,1
1.0755792,3.4977759,-0.27606055,1.0193655,-0.37786573,1.1293559,1,1,1
0.78186923,0.82149652,-0.18589744,-0.85955255,-0.37786573,-0.94572324,0,0,1
-0.17107919,-0.45250093,-0.27606055,-0.85955255,-0.37786573,-0.94572324,0,0,1
0.24136827,-0.19150839,0.40016284,0.55691449,0.63290876,0.78808,1,1,1
0.069105816,-0.44807732,0.2198366,-0.85955255,-0.37786573,-0.94572324,0,0,1
0.28100387,0.32605307,-0.095734317,-0.85955255,-0.37786573,-0.94572324,0,0,1
0.44632162,-0.34191087,0.85097843,2.3451145,0.42709256,1.3030409,1,1,1
-0.19191329,-0.3994177,-0.36622367,-0.85955255,-0.37786573,-0.94572324,0,0,1
0.4356505,3.7499212,-0.36622367,-0.85955255,-0.37786573,-0.94572324,0,0,1
0.026421315,-0.29767485,-0.050652758,0.55860227,0.90658404,1.0074716,1,1,1
0.1417711,-0.25343882,0.58048907,-0.85955255,-0.37786573,-0.94572324,0,0,1
0.79779123,3.7764628,0.40016284,1.8624102,-0.37786573,0.80940974,1,1,1
-0.78441482,-0.47019533,-0.59163147,-0.85955255,-0.37786573,-0.94572324,0,0,1
-0.78441482,-0.47019533,-0.59163147,-0.85955255,-0.37786573,-0.94572324,0,0,1
-0.19208268,-0.45250093,-0.14081588,-0.85955255,-0.37786573,-0.94572324,0,0,1
0.15549112,-0.32421646,0.039510361,-0.85955255,-0.37786573,-0.94572324,0,0,1
-0.32233816,-0.31536926,1.301794,0.10585603,0.039298111,1.2055335,1,1,1
-0.093163041,-0.42595931,-0.27606055,-0.85955255,-0.37786573,-0.94572324,0,0,1
0.5726813,1.016135,0.30999972,0.89615771,-0.37786573,1.2908525,1,1,1
0.84945302,0.61358721,-0.50146835,-0.85955255,-0.37786573,-0.94572324,0,0,1
-0.11569097,-0.44365372,-0.050652758,1.1678898,0.79681101,0.88254028,1,1,1
-0.31488531,-0.32421646,0.53540751,0.92442798,0.65276273,1.0013774,1,1,1
0.27067152,-0.14284877,-0.36622367,-0.85955255,-0.37786573,-0.94572324,0,0,1
0.050812459,0.073907741,-0.050652758,0.15775518,-0.37786573,1.0562253,1,1,1
0.32301084,0.36144189,-0.050652758,0.074632149,-0.37786573,1.1476385,1,1,1
-0.53050979,-0.45250093,2.2034252,-0.85955255,-0.37786573,-0.94572324,0,0,1
-0.78441482,-0.47019533,-0.59163147,-0.85955255,-0.37786573,-0.94572324,0,0,1
-0.3994074,-0.43923012,-0.36622367,0.63581808,-0.37786573,0.89777581,1,1,1
-0.78441482,-0.47019533,-0.59163147,-0.85955255,-0.37786573,-0.94572324,0,0,1
0.23391542,-0.12957796,-0.14081588,0.4227362,-0.37786573,1.0288014,1,1,1
-0.78441482,-0.47019533,-0.59163147,-0.85955255,-0.37786573,-0.94572324,0,0,1
-0.40719901,-0.4082649,1.6624465,0.078429648,0.47486721,1.132403,1,1,1
-0.78441482,-0.47019533,-0.59163147,-0.85955255,-0.37786573,-0.94572324,0,0,1
-0.78441482,-0.47019533,-0.59163147,-0.85955255,-0.37786573,-0.94572324,0,0,1
-0.78441482,-0.47019533,-0.59163147,-0.85955255,-0.37786573,-0.94572324,0,0,1
0.52085012,0.5914692,-0.230979,1.0113485,-0.37786573,1.2177219,1,1,1
-0.78441482,-0.47019533,-0.59163147,-0.85955255,-0.37786573,-0.94572324,0,0,1
-0.42803311,-0.43923012,0.2198366,0.19235461,0.55774024,1.01966,1,1,1
0.23933567,-0.2136264,-0.27606055,-0.85955255,-0.37786573,-0.94572324,0,0,1
0.18987585,-0.45250093,-0.0055711987,-0.85955255,-0.37786573,-0.94572324,0,0,1
0.68921676,4.0330317,1.2567125,1.083501,-0.37786573,0.44985124,1,1,1
0.5786097,0.12699097,-0.050652758,1.2303376,-0.37786573,1.2512401,1,1,1
1.4473748,0.41452511,0.039510361,0.63328641,0.47977308,1.0348956,1,1,1
-0.081136852,-0.28882764,-0.0055711987,0.79489108,-0.37786573,1.421878,1,1,1
-0.48494578,-0.43480652,0.08459192,-0.15448361,1.2905921,1.2908525,1,1,1
0.12652663,-0.37729969,-0.36622367,1.0552307,-0.37786573,1.0257543,1,1,1
-0.78441482,-0.47019533,-0.59163147,-0.85955255,-0.37786573,-0.94572324,0,0,1
0.25136186,0.29066425,0.94114155,0.76071359,-0.37786573,0.90996423,1,1,1
-0.10959319,-0.041105917,-0.050652758,0.43455064,-0.37786573,1.2969467,1,1,1
0.13855282,-0.31094565,-0.230979,1.4889895,-0.37786573,1.2238161,1,1,1
-0.0030513164,-0.24901522,0.40016284,0.67759056,-0.37786573,1.0409898,1,1,1
0.068936433,-0.4082649,0.49032595,-0.85955255,-0.37786573,-0.94572324,0,0,1
0.36163015,0.078331343,-0.095734317,0.75902581,-0.37786573,0.78503289,1,1,1
-0.78441482,-0.47019533,-0.59163147,-0.85955255,-0.37786573,-0.94572324,0,0,1
0.32995554,-0.14727237,0.53540751,0.83117829,-0.062572837,1.0988848,1,1,1
-0.78441482,-0.47019533,-0.59163147,-0.85955255,-0.37786573,-0.94572324,0,0,1
-0.27186204,-0.4038413,0.039510361,-0.051951143,1.1538203,0.91910555,1,1,1
0.4932407,-0.32421646,-0.32114211,0.81851996,1.6737441,1.3731243,1,1,1
-0.20783529,-0.30209845,0.17475504,0.51134451,1.7510527,0.81550395,1,1,1
0.81439075,-0.45250093,-0.27606055,-0.85955255,-0.37786573,-0.94572324,0,0,1
-0.33097669,-0.44365372,0.44524439,1.2489032,-0.37786573,0.87339896,1,1,1
1.2376787,5.0725783,-0.50146835,1.3159923,-0.37786573,0.24264805,1,1,1
-0.78441482,-0.47019533,-0.59163147,-0.85955255,-0.37786573,-0.94572324,0,0,1
0.0071116601,-0.27113323,0.58048907,1.0687329,-0.37786573,1.2420988,1,1,1
-0.78441482,-0.47019533,-0.59163147,-0.85955255,-0.37786573,-0.94572324,0,0,1
-0.17243426,-0.041105917,3.1050564,1.3434187,0.16885926,0.61134786,1,1,1
0.32402714,0.36586549,-0.36622367,1.2822368,-0.37786573,0.73018498,1,1,1
-0.001357487,-0.34633447,0.08459192,-0.85955255,-0.37786573,-0.94572324,0,0,1
0.21037119,-0.11630716,0.2198366,-0.85955255,-0.37786573,-0.94572324,0,0,1
-0.78441482,-0.47019533,-0.59163147,-0.85955255,-0.37786573,-0.94572324,0,0,1
-0.016601952,-0.31094565,0.62557063,2.1261254,-0.37786573,1.1384972,1,1,1
-0.78441482,-0.47019533,-0.59163147,-0.85955255,-0.37786573,-0.94572324,0,0,1
0.099425363,-0.41711211,-0.095734317,-0.85955255,-0.37786573,-0.94572324,0,0,1
0.74155609,0.27739344,-0.095734317,1.2493251,-0.37786573,1.3487475,1,1,1
1.6270901,2.0114455,-0.36622367,1.4463731,-0.37786573,0.95871792,1,1,1
-0.78441482,-0.47019533,-0.59163147,-0.85955255,-0.37786573,-0.94572324,0,0,1
0.5855544,0.75071888,-0.27606055,0.72484833,-0.37786573,1.0166129,1,1,1
6.9031993,-0.43038291,-0.54654991,-0.85955255,-0.37786573,-0.94572324,0,0,1
-0.78441482,-0.47019533,-0.59163147,-0.85955255,-0.37786573,-0.94572324,0,0,1
-0.041501244,0.10929656,1.9780174,0.26661681,-0.37786573,0.80940974,1,1,1
-0.087065255,-0.28440404,1.9780174,0.92906937,-0.15594905,1.2542872,1,1,1
-0.13076605,-0.36845248,0.2198366,-0.16545416,0.62543471,1.0227071,1,1,1
1.3450675,0.43664312,-0.36622367,1.5138842,1.0499738,1.1933451,1,1,1
-0.011520463,-0.3994177,-0.050652758,2.1219059,-0.37786573,0.91301134,1,1,1
-0.097566997,-0.3949941,-0.32114211,-0.85955255,-0.37786573,-0.94572324,0,0,1
0.75222721,0.7861077,0.12967348,1.0543868,0.6832845,1.2390517,1,1,1
1.5574737,4.9133286,-0.27606055,0.82020774,-0.37786573,0.13599934,1,1,1
-0.045566434,-0.32864006,0.80589687,0.84721217,0.52962202,1.2817111,1,1,1
-0.19818046,-0.43923012,0.039510361,0.68349778,-0.37786573,1.4279722,1,1,1
-0.78441482,-0.47019533,-0.59163147,-0.85955255,-0.37786573,-0.94572324,0,0,1
0.73376447,4.9708354,-0.36622367,0.87674828,-0.37786573,0.19694146,1,1,1
-0.78441482,-0.47019533,-0.59163147,-0.85955255,-0.37786573,-0.94572324,0,0,1
-0.59013259,-0.43480652,1.301794,1.1050201,0.71008571,0.61439496,1,1,1
-0.10078527,-0.33748727,1.1665493,0.79784469,-0.37786573,1.6077515,1,1,1
-0.48545393,-0.42153571,0.85097843,0.5083909,0.38850409,1.104979,1,1,1
-0.78441482,-0.47019533,-0.59163147,-0.85955255,-0.37786573,-0.94572324,0,0,1
0.2181628,-0.44807732,-0.14081588,-0.85955255,-0.37786573,-0.94572324,0,0,1
-0.4202415,-0.44365372,0.12967348,0.74383582,-0.37786573,0.82464527,1,1,1
-0.78441482,-0.47019533,-0.59163147,-0.85955255,-0.37786573,-0.94572324,0,0,1
-0.074192151,-0.35075807,0.40016284,0.94974464,-0.37786573,1.0745079,1,1,1
-0.78441482,-0.47019533,-0.59163147,-0.85955255,-0.37786573,-0.94572324,0,0,1
-0.78441482,-0.47019533,-0.59163147,-0.85955255,-0.37786573,-0.94572324,0,0,1
1.0208686,0.99844061,-0.18589744,0.97590519,0.75868349,1.2055335,1,1,1
-0.097228231,-0.14284877,1.8427727,1.0337116,-0.003373107,1.3731243,1,1,1
1.3199988,5.0504603,-0.0055711987,1.6379358,-0.37786573,0.73323209,1,1,1
-0.1034954,-0.34633447,-0.14081588,1.6615647,0.9991042,0.73323209,1,1,1
0.53626397,0.073907741,-0.27606055,-0.85955255,-0.37786573,-0.94572324,0,0,1
0.11958193,-0.22247361,0.08459192,1.2396204,-0.37786573,1.047084,1,1,1
-0.16430388,-0.14284877,1.0313047,1.2792831,1.8747532,0.97395345,1,1,1
-0.11365838,-0.44807732,-0.14081588,0.37590038,1.5857017,0.95871792,1,1,1
-0.78441482,-0.47019533,-0.59163147,-0.85955255,-0.37786573,-0.94572324,0,0,1
0.63281224,1.9229735,0.49032595,-0.85955255,-0.37786573,-0.94572324,0,0,1
-0.17361994,-0.31094565,1.2116309,0.88096772,0.1659289,1.2878054,1,1,1
-0.11924801,-0.34633447,1.0763862,1.7548144,0.48378997,0.86730475,1,1,1
-0.31878112,-0.24901522,0.26491816,0.17378906,-0.37786573,0.85206922,1,1,1
0.13838344,0.56050399,-0.0055711987,-0.85955255,-0.37786573,-0.94572324,0,0,1
0.54574941,-0.45250093,-0.45638679,-0.85955255,-0.37786573,-0.94572324,0,0,1
-0.78441482,-0.47019533,-0.59163147,-0.85955255,-0.37786573,-0.94572324,0,0,1
0.32656789,-0.34191087,0.17475504,-0.85955255,-0.37786573,-0.94572324,0,0,1
0.60215393,-0.16496678,-0.18589744,1.9332968,1.5485291,1.2603814,1,1,1
