"real.1","real.2","real.3","real.4","real.5"
1,0.591187823829628,0.679022969341104,0.0612716315633233,0.0305135628399037
0.0566438475683292,1,0.837033125361745,0.621685137826062,0.0028140525241032
0.420848663338848,0.855986371231898,0.575734488621562,0.0599205584220652,1
0.392451826410733,0.177867032583248,1,0.128383557121195,0.085435857222671
1,0.568160994067957,0.911842452525151,0.169906849222227,0.00793327532126482
0.516979494001617,0.907983248159925,1,0.167890166310849,0.12959288619807
0.0127124050865504,1,0.514572544079445,0.654619084932949,0.0198860418520651
1,0.210598027355175,0.477383240765374,0.0816254781040946,0.00728436406439766
0.071197203203318,0.86644715544077,1,0.421531040124088,0.21445652739901
0.00749056047894902,0.596971130750786,1,0.212822833978775,0.228288584175049
0.21828231878492,1,0.63878464888192,0.0928641016166686,0.0283229286914628
0.494633871127158,0.541766707257836,0.407733600284682,1,0.0874296525633223
0.395084344135579,1,0.678404523972052,0.0822299635836633,0.357917059585901
0.67795728353079,1,0.491946073983638,0.537026497949104,0.0608585930241079
0.52751957987961,0.160622744066243,1,0.566342264797474,0.0715050125643951
0.693555260075988,0.150114084359482,1,0.0833784665181218,0.792536226552927
0.384959584835809,1,0.222779028943431,0.283503041553698,0.693009715997436
1,0.495778394178439,0.454748864384809,0.0327483951103134,0.561481542556178
0.00290946957674903,1,0.305635772792211,0.619287926321237,0.221567183363325
0.711728351134699,1,0.748854222300339,0.913958661524845,0.120932524896558
1,0.382415236001871,0.257877619677834,0.0896761678708271,0.0685709081324736
0.512447055212707,0.361114775745848,0.285029031924021,0.0978219381363369,1
0.601185032755988,1,0.200620595703382,0.280506830030479,0.285005974396884
1,0.220131721642149,0.448005913455528,0.73092287003905,0.172988975846867
0.0499963624049513,0.261011749691438,0.579673314228027,1,0.00263652077759218
1,0.760002169621509,0.429199076287508,0.0232252885187531,0.425489121683892
0.270371392005768,0.54680480779203,1,0.297637882227836,0.174663581589316
0.2408971238015,0.00505438744153986,0.874234713325111,0.304963077809693,1
0.278651711537204,0.500798221786677,1,0.124603611746729,0.00836295014067462
0.259273938067482,0.540070620044673,1,0.328985709176103,0.00767422241141594
0.0114559610495375,0.751627394628985,0.399619390206271,1,0.0633539406353313
0.0740551688561564,0.801754333317639,1,0.39967539392359,0.162560429127484
0.0185961966492864,0.947759417363896,1,0.414849935636176,0.0623824625632598
1,0.49151507797526,0.858232866814868,0.363606950298015,0.23588273918907
1,0.0692995910208828,0.216166122243086,0.0946145077108325,0.0367225000079238
1,0.0787918939360111,0.407678022950418,0.211859120457788,0.136207187825455
1,0.554553403136735,0.892042269469426,0.160841350367248,0.0196939331090141
1,0.275014699707284,0.0629645984192489,0.700329319639533,0.104763272804087
1,0.504623085214795,0.933892402850823,0.847388682820294,0.73759773579075
0.873550684265447,0.37210574908856,1,0.374711634446782,0.107611745177832
0.776267127335834,0.260109238435183,1,0.275556238823305,0.0617488814633594
0.0426822731962441,0.934123621065489,1,0.185144195898139,0.103351064230118
0.74296667651017,0.572568513785131,1,0.224405068914543,0.014143811943524
0.401018995649035,0.0153542241192493,0.537213382256243,1,0.673112978834783
0.888886838042774,0.794100069779671,0.608343154965588,0.197337331932996,1
0.175197967626819,8.31692083851444e-06,1,0.116196767959019,0.0906818426706981
0.332454545168365,1,0.44435027743767,0.0622009600147541,0.324831633490265
0.469809020095535,1,0.556900283252877,0.800459331332277,0.307017626653622
0.350499271596098,0.308726128275958,1,0.232314807725263,0.148449649826952
0.424995951492515,1,0.271995458374848,0.136563286598867,0.539246428400846
1,0.695399153664925,0.210121135693491,0.106406711172528,0.170681723957542
0.21772352494844,1,0.515681840927435,0.392981880010718,0.0282819258269114
0.382271751082739,1,0.924935700930431,0.634031364648395,0.00327639563222692
1,0.102363271916059,0.484904977299105,0.38044601467517,0.561489430109725
0.0404252080727929,0.645069961852621,1,0.474170955670905,0.219453036476205
0.397367361194436,1,0.51059902707136,0.463948414198883,0.0314027518304548
0.551424751342964,0.671950188449888,0.522214121069024,1,0.168838968404866
0.967407022681014,0.41408285861494,1,0.266450623315629,0.0447577098712912
0.99774801510479,0.527705393581841,1,0.00108863356166755,0.142485842005995
0.773048717867998,0.45539612653338,1,0.663202074912607,0.195373430339733
0.51047603967044,0.576421892760174,1,0.325341933830293,0.105673951103237
1,0.387850548660987,0.566535655209315,0.0737709060783659,0.153316307673553
0.0994812966980593,0.754614091142345,0.918393414669423,1,0.137751710822695
0.225597744556109,1,0.93238844551196,0.362985379353363,0.00962093232424632
1,0.302409119421714,0.970869037542727,0.616895611374982,0.019751372986804
0.432642469716689,0.86090190315177,1,0.341921327355951,0.12082295041402
0.577361568997108,0.406825243982269,1,0.221662031568953,0.393481802877397
0.640839421834567,0.251239662133003,1,0.15480008556062,0.419808480406167
1,0.978897589589068,0.427078808708746,0.166559001616488,0.153452593916062
0.184316996992783,0.449946386686549,1,0.134970697864475,0.100935555643228
0.667247595006981,0.890531413792126,0.697731271658411,0.2558670120425,1
0.140044393726146,0.647272271631235,1,0.228553341559872,0.0433929272529788
0.112656769830391,1,0.299044230752329,0.03774478525764,0.0706003864807897
0.326966651259053,1,0.680474315585465,0.134533780843781,0.554733780761912
0.266744621986044,1,0.437543456018093,0.56771799701113,0.125416840102622
1,0.192335976621916,0.553270123937923,0.053852993888051,0.469702157274781
1,0.334203174516483,0.156527274406911,0.0900274036711891,0.39101045931279
0.773174375406383,0.319130953721998,0.254295698050287,0.0721929104798459,1
0.800177393259202,0.432490400713053,1,0.00117544312756939,0.372977133866366
1,0.305883516223349,0.308966748423157,0.110102758885036,0.00640349315984365
0.592658409728433,0.587815644897335,1,0.0263630884895542,0.163301961056454
0.114158627527203,0.791163434625518,1,0.124422479325548,0.0836477683871404
1,0.325745956022969,0.242074669449931,0.725551759349988,0.0796059090047867
1,0.787100439639227,0.830077046295434,0.0630143419859699,0.52313153077128
0.686532571551907,0.318202463248655,0.308092901813468,0.115134209867624,1
0.638080535913108,1,0.504887665068344,0.698644497201849,0.83751427015472
0.276655257450723,0.770006898331806,0.248829786368483,0.0931444188269514,1
0.909061393970598,0.236773908295754,0.328745791163003,0.123824805901274,1
0.327035950964819,0.654669446409662,1,0.0771006607845474,0.0431691673334109
0.111078099125011,1,0.641422642271865,0.597642896865473,0.255149963877382
0.379314138058573,1,0.909416810572892,0.268792652484083,0.601251877825616
0.350486243965758,0.301608558676809,1,0.164156802160719,0.652307861362487
0.77422668202571,0.299324627676825,1,0.38193187871934,0.121707309005827
0.426148940937321,1,0.754920380241722,0.65171110626525,0.0127001825007027
0.820778146048003,1,0.36379500094199,0.490822922550441,0.319843038843853
0.508848327527041,1,0.675817198657359,0.0670383770645062,0.0245146540201907
0.0500561896393097,0.823397574791328,1,0.919656568623174,0.0219911997090013
0.682281042885325,1,0.391075814732177,0.174504064348311,0.389818707441814
0.67929624432516,1,0.81652682653458,0.254044445965839,0.172564640225228
0.0233770121148459,0.388353444623418,1,0.644360074772108,0.0305658350327124
0.562184596171226,0.990141284225417,0.291128927044342,1,0.217971155954258
0.117019577334189,1,0.50104152676135,0.101435842288075,0.151429950415728
0.318401379626199,1,0.167616435319592,0.404771529415077,0.152559292147758
0.179599008143663,1,0.186319888412844,0.027137652539519,0.441926418219211
0.00443971895415962,0.402301642854721,1,0.432848001708701,0.0522936823624461
0.835212418589883,0.788943485471841,1,0.744749981198453,0.0891928711498361
0.484797113387473,0.118734122170588,1,0.251949345365003,0.00744059062690042
0.96539963087573,0.0699050973217668,1,0.188338751311254,0.276900049880577
1,0.242591101610413,0.703833773334501,0.0130452737471984,0.199467590934148
0.854848947079675,1,0.872804995986409,0.443553177181602,0.00491557696804092
0.625427418421876,1,0.733157182886151,0.338804755739903,0.15912103931501
0.00423997589197914,1,0.256416177562443,0.209484870948767,0.128181318419532
0.157288734159358,0.413426758744803,1,0.253165038436374,0.0255220331759607
0.140870115408575,1,0.417773710015419,0.345839114953446,0.0139662457310061
0.790600117449879,1,0.433316120703788,0.31256973007611,0.143382992481479
0.606274522922601,1,0.552249360024499,0.317712683391941,0.295349446584749
0.0958344236450786,1,0.975672528596954,0.418628050587071,0.106941140832578
0.120109568096115,0.474843428227457,0.290421779897731,0.151042047400939,1
1,0.27613436447007,0.993050876076914,0.24033944306949,0.17973691414215
0.477802636976168,0.126682313416923,1,0.185307671810839,0.111909713761465
0.477826147645225,0.28929042335619,0.520382286383823,0.254349864946065,1
0.731839623571183,1,0.863753897219802,0.327267578394452,0.136063012592124
0.0271655791229594,0.309046086495559,0.260963821342375,1,0.0464956999779441
0.150643226412099,0.378678776121636,1,0.220301577953877,0.562625471733324
0.30301601075419,1,0.921604713265843,0.126961754858412,0.018051608474685
0.93155176718932,1,0.36384309445708,0.0357218938954983,0.00104328221601851
1,0.435606959417751,0.799030302874844,0.200950027785887,0.0463987133873275
0.424317686920218,1,0.642013018114539,0.512384861966466,0.0262237749828179
0.0582282815296364,0.439146707923176,1,0.877297588932078,0.343149460960138
0.20335947457313,0.910282026329791,1,0.673401305419574,0.0442263308412496
1,0.161500407438412,0.33288295406683,0.131928198614965,0.0887977477006621
0.566591082314683,0.0758931987978283,1,0.428611178965081,0.193965753813425
0.442871529601758,1,0.781099997544817,0.197960831281208,0.0490011038109669
0.103762717669515,0.0703105273421285,0.11927863634282,1,0.101636868322589
0.944686170101564,0.590448254994946,1,0.446869235293498,0.00788516891864616
0.35902079361023,0.712289086270558,1,0.0865562780307638,0.0182834252540733
0.0340461665846581,0.9520704912225,1,0.942266922776218,0.0576162392337792
0.0577671981474882,0.835090115366104,1,0.565711601549558,0.127454361674357
0.218511211081942,1,0.635118795605259,0.641857620309047,0.637301579577681
1,0.795903229418926,0.814069241003637,0.0596111854139992,0.00442925238473508
0.491385530042249,0.172164022393761,1,0.221978388450939,0.694581859844584
0.563233428552948,1,0.689862143172916,0.0218670328862751,0.0528520365810533
0.306821806133861,1,0.385177456138231,0.0258568381597172,0.0613205927805148
1,0.258921120139435,0.595640693472021,0.0953365673347062,0.0695039871157017
0.0319377402816794,0.549443221812291,0.849475102100612,1,0.673674540709975
0.218181620015166,1,0.724645950420356,0.260286502602518,0.205961599885482
1,0.674565907513009,0.968690837589928,0.0437727877806028,0.39878789467624
1,0.153290469916351,0.736566999334099,0.118166724932865,0.0387089288241517
0.476642618087793,1,0.817755593803212,0.698437893462482,0.247399429493143
0.15618770470657,1,0.306845492893236,0.837734403258908,0.690071457100793
0.410093126495427,1,0.438644301840661,0.144697113090105,0.0786852768965288
0.745820674140087,0.151110845718305,0.415824155668847,1,0.0176843525443862
0.163470994116415,0.901509340264821,1,0.754895525851808,0.0772884829040832
0.118965866060631,1,0.397161413515993,0.406353378263848,0.100195172660816
1,0.272281387453763,0.542760545941568,0.285923904050291,0.0847449492141677
0.134619735966453,0.770177098173281,1,0.376598301188471,0.135817672022722
1,0.896934038596249,0.84471102301618,0.101973391400508,0.321659095399283
0.213669432367156,0.619591580096589,1,0.201706782651625,0.699749542613296
0.227514604928693,0.331832052362311,0.138077058215781,1,0.0092532386455629
0.796260894401705,0.803359622414059,1,0.671588664540793,0.0103105399929152
1,0.280853492546248,0.333007552625232,0.160127853824856,0.408131631624465
0.777699443499698,1,0.521448891032819,0.274215176639319,0.293195513139812
1,0.303210424301507,0.864423399225118,0.0570533522901491,0.914559711741967
1,0.509750606732984,0.435878868816783,0.137601680368396,0.183802787659716
1,0.289675644641465,0.197811022786675,0.183688901802979,0.142638754237185
1,0.284414380093006,0.511735041301879,0.205750254085572,0.142241662893983
1,0.467461559116829,0.592324193991784,0.115311014136567,0.00153498057627538
0.115425737447533,1,0.560317373823399,0.352319452019884,0.138076492217209
0.205974827456769,1,0.40164369128555,0.544070820020285,0.0395428995453449
0.119496638831242,0.617491074917169,1,0.0487054054781503,0.205936096058367
0.613844456457999,0.322046161955025,1,0.150496755759778,0.0158095527947291
1,0.833509018764854,0.331817582893792,0.00422614694935219,0.199797619608619
1,0.228068064060572,0.750645646508363,0.320329051092001,0.105448065141966
0.407492821127953,0.508552279828096,1,0.834242855489193,0.208924688546128
1,0.310914306533556,0.414884347466072,0.0876940684166087,0.0361985953200025
1,0.481449709909685,0.649639105960801,0.0903245667425733,0.192184365396473
8.11218076661909e-05,0.578939207701266,1,0.381704414939071,0.152100960686716
0.244100189953199,1,0.884349907819889,0.398881415035266,0.106959348895697
0.0308532959835819,1,0.357046934813548,0.693084518845231,0.025501771730109
0.538207226713805,0.356056164428028,1,0.0455175038231017,0.636227782978927
0.769894104591368,0.991012898280248,0.572787349582405,1,0.0878690880742438
0.0705696416772998,1,0.272494630277588,0.140828674735294,0.00919931167776518
0.682429634902859,1,0.74088483984888,0.905232667494984,0.158728214944222
0.140016757766056,0.370339989809961,1,0.849959965987668,0.419408410188815
0.477232314966596,0.345056258764338,1,0.00377039851714265,0.0253099970168014
1,0.209167349699095,0.25977499520364,0.187048015888689,0.681288131333469
0.0990409114492696,0.519080043913549,0.0452201857194189,1,0.127259368171747
1,0.801372680210237,0.968852173682313,0.185596572557278,0.0738855029764558
1,0.427185222543374,0.915597105858191,0.0737616237310415,0.0741262766087218
0.213493848056478,0.417889856120982,1,0.345926909459402,0.109207359618974
0.450612530235182,1,0.529993804528134,0.476210949896912,0.0407632428796735
1,0.0752910560822907,0.450793182989761,0.111299265433247,0.164760514905066
0.316080117491133,0.651118789468598,0.350328864246621,0.0220906925599476,1
1,0.968598536198869,0.519530416846689,0.865544329244942,0.250842206646397
0.304217522008899,0.0693963187354573,1,0.805848186029514,1.64808571597949e-06
0.492236868605638,0.766212979082956,0.705626261069785,1,0.0157872685346191
0.339318556136145,1,0.999692630451351,0.185071034493382,0.60912572486881
0.185317248649887,0.501881522017832,0.255066203373695,1,0.0403961026258469
1,0.202844581578022,0.239859224984844,0.0190775401196566,0.816852449025382
0.645646263590972,0.318986263962678,1,0.382982945328251,0.194855416621645
0.283304882578212,0.328350459450639,1,0.310737763098526,0.14190589229087
1,0.183338035642353,0.100274049715322,0.353048409026575,0.34068199231389
0.293076162070774,1,0.400097950784716,0.0368267037248488,0.137229158570292
0.185247680158758,0.702260098701538,1,0.620140421660797,0.00581402510507186
0.845546285769876,1,0.459855993283726,0.0649457218181811,0.604256096385255
0.525032652017417,0.751453294915014,1,0.0630677471905433,0.353134056732638
1,0.510992146446254,0.619588756928919,0.262948883038766,0.0621108122532023
0.393177313782796,1,0.441939751301852,0.721225702748497,0.0300069029205389
0.0733408118763645,1,0.917015933084145,0.921778678646074,0.755344792829645
1,0.660114367105196,0.621780604663869,0.826216427782132,0.147160647773144
0.0948514813593894,1,0.909045341915073,0.66867815538176,0.723511249622151
1,0.293550009004286,0.351991702043194,0.139476472705421,0.560711679757068
0.724095493150314,0.315730522318017,1,0.801217060409641,0.671920681316661
0.518718846156013,1,0.354491194901579,0.428141813225597,0.218495793977244
0.428283341162764,1,0.739745675665299,0.479678773150584,0.558351075147282
1,0.117734305044171,0.9727290875965,0.00445995850829343,0.0335115365630625
0.182744856004738,1,0.556189033516823,0.588300938190141,0.0888941363747932
0.13560277199532,0.0276768889630632,0.142327718688621,0.133874551809094,1
0.108279087929313,1,0.80901423589021,0.799554968108383,0.0095919190661815
1,0.686957959810913,0.608098879737507,0.0359267793841358,0.332379844717426
0.63469527245256,1,0.270611669167051,0.144535201337395,0.489158594783584
1,0.488774647775839,0.20647377655036,0.0110308801498982,0.000960552227266276
0.219484030129481,0.466752174379204,0.506448718929301,1,0.448048293966241
0.0203020611886743,0.356399975818259,0.306642595566907,1,0.0492067862687825
0.00524142521325224,0.22359419951666,1,0.307959040726971,0.45225792222369
0.611120646903954,0.716546901593996,0.552939902736019,0.758339896620636,1
0.830935972361691,1,0.158185467382153,0.237743784242905,0.158090218064555
0.21112929039449,0.873299403811324,0.331904962436467,1,0.0444806222160734
0.352788941238173,0.335073196414972,1,0.691854901851038,0.13611579915022
0.459511260996804,0.727006882195245,1,0.037356228235139,0.0105174471368477
1,0.735953865868616,0.938335434840452,0.381112307422319,0.354206753391639
0.470852931816992,0.101378521039232,0.894242265309209,1,0.0409321727083244
1,0.514350357761995,0.42087007646914,0.998095139566763,0.0157703866327955
0.424309194281664,1,0.0316116614414319,0.264816774719466,0.00149091456885283
0.369712554964649,0.595392052087609,1,0.365582520698104,0.431758994600242
1,0.156339107553922,0.412494148683504,0.12823918504365,0.318174840040001
1,0.255763330869629,0.159919877724886,0.0357456250727189,0.211136079990151
0.776338924912781,1,0.837190981978537,0.124178958081057,0.0432097772301041
0.856677675510068,1,0.703433885622218,0.548780830466135,0.778547127939668
1,0.145943887740826,0.415072657536455,0.124945900440469,0.00859256750111122
1,0.305887579039494,0.7556087989905,0.124018185134297,0.0299629354331279
0.425239977492133,0.323936333280964,1,0.0322857442775109,0.705094694696739
0.754648230046747,0.281842041341244,1,0.745438052022357,0.0818616257177523
1,0.0943181013632842,0.20168545168923,0.000342321556886107,0.0523661165230469
0.82429326212354,0.439057388886239,0.894240647074447,1,0.711265342926258
0.664598625135344,0.479080390563062,0.363419473364784,0.00304311685104092,1
0.121469354079907,1,0.228876173799128,0.0802685384847679,0.0174779419531648
0.0480733342547312,0.274465512888365,1,0.751094042704135,0.0610662676952189
1,0.246597690316237,0.282501789952552,0.130674588855352,0.349808177271419
1,0.889147443541101,0.659398690111211,0.111575915128024,0.125636445315533
0.359330440919489,0.851572329876923,1,0.741562773496077,0.424551270537824
0.0448476770048233,0.589346533299885,1,0.206798501282286,0.0176503608493232
0.993637515819406,1,0.627291896461156,0.478033745017937,0.313288861140892
1,0.641237092134895,0.358200151237445,0.117845102000512,2.23833396558974e-05
1,0.0716125132198993,0.333909875274971,0.482900738732397,0.153345717038601
1,0.460649756808708,0.286952129354085,0.885669125060153,0.0044817524757788
0.0534843331406952,0.914831057313958,0.452916130023278,1,0.0235458338036945
0.248716886458646,1,0.656475219267402,0.792230222005293,0.121830941491683
0.623476804271192,1,0.208785878350127,0.870024973709017,0.0435286577978043
0.688503769514368,0.37160976564672,1,0.3258923988259,0.234060459477158
0.382532890036826,1,0.174711873819695,0.155479371606963,0.395782108305267
0.592674654126408,0.616521798378402,0.485225078532765,0.226441754368974,1
0.75228012096876,0.339923501860077,1,0.103816717874841,0.161873711869729
0.539479932439145,1,0.407514342381758,0.553502991535031,0.0862976784548729
0.580668404165587,0.657895611781888,1,0.178017944104083,0.205270629918076
1,0.780473587577827,0.836369217491583,0.823304993554303,0.790785697523275
0.978979706880405,1,0.370341092832563,0.704130207997669,0.237663377062546
0.578731406011849,0.548289337870995,1,0.080817694488048,0.224123653186862
0.53205838072259,0.66264704877582,0.635596015270969,1,0.135440482125088
0.661464551541359,0.113993399994403,0.0568143569201584,0.287554076514239,1
0.0952156689969569,0.866805362635999,0.294483250943488,1,0.0316918161523092
1,0.261243263512289,0.398029871250102,0.49092094949587,0.565040786222642
1,0.626777839289793,0.353033714571742,0.482160253102469,0.0969215170884327
0.446144216284002,0.40413811112657,0.678056934056482,1,0.433323821849774
0.665963026865931,0.553578350851779,1,0.0434931513643489,0.625297321182413
0.177572137104322,1,0.865052169214658,0.753797573073394,0.0193042952663391
0.44177673424434,1,0.515443483719456,0.501814958790529,0.0362396422598029
0.12326722371415,0.305884641768473,0.225628813894657,1,0.155961280198665
1,0.401821826564217,0.807209874364648,0.445840453951313,0.00458325404505082
1,0.455638305108393,0.89348053076745,0.274641902084095,0.433328234738937
0.482336161504804,0.564594463608388,1,0.443167764498167,0.00458218214044636
0.434455807706546,0.254107386092763,1,0.133293198126533,0.0119700023388691
0.328248298693707,1,0.187547764362924,0.208137810983914,0.114254839224146
0.716987833001919,0.748073648342202,1,0.222257312987014,0.428488974241812
1,0.721548076453521,0.251197635580353,0.0879886741524621,0.196345963358933
0.590437424952284,1,0.531303537814303,0.541111508303019,0.872347109310888
0.0271062340769259,0.366448080911381,1,0.496024186534019,0.175455013096861
0.0509539962912202,1,0.813538987644803,0.728506555076168,0.260280406678929
1,0.548950094900942,0.403941705515706,0.290933912481975,0.0422311379774777
0.0739627895882964,0.661581375037956,1,0.198244046577288,0.277747298762173
0.659883395864779,0.262447982977781,1,0.11334559001981,0.044174953555962
0.0355712996800111,1,0.393484349518731,0.428318445122386,0.00111306646775167
1,0.149886692002052,0.475288032235072,0.619443146536148,0.212582530372757
0.162402940391117,0.41444915979804,1,0.122148464910803,0.359597992521867
0.0197577909382069,0.91465799826542,1,0.488220107375828,0.471567820068879
1,0.999368236024574,0.0965818107880854,0.309834124582184,0.000128025235425026
0.684448374368602,0.969060516781703,0.212278121607256,1,0.122750119071097
0.607664025703151,1,0.486825840905446,0.577952363488568,0.00956213582495285
1,0.553330113483225,0.703335380896393,0.460771239944291,0.197246371521933
0.010261702896283,0.451455045323669,1,0.714524013407286,0.0491629840435139
0.0233587681775752,0.44206187051257,1,0.388461714771822,0.0445619910128745
0.0515085400490585,0.450144854461528,1,0.610042162158876,0.129769485323248
0.272792554663037,1,0.752495354158714,0.674501120201864,0.00166055533081323
0.173775185594279,0.766302756437463,1,0.303082512339379,0.00789167666973252
0.74797365055883,1,0.145899493553476,0.282033913476891,0.00146974258853744
0.118498119939722,0.978673264761763,1,0.350972006850202,0.230510990500491
0.00587582317354398,0.60470903178748,1,0.777076686112751,0.223985001435296
0.0969008637862572,1,0.292446984958969,0.251214091550748,0.23101686897602
0.297485122116909,0.0889000012912375,0.885648717798114,1,0.485918011949421
0.315909050892029,0.927687676003785,1,0.323593145631825,0.0322520287811017
0.568521441429261,1,0.882578099082156,0.392761705111929,0.0308940397085999
0.0207819370394761,0.543305404332889,1,0.185092578788651,0.147885763965926
0.0222812781884394,0.866610702090391,0.517885144171365,1,0.0264962337936165
1,0.799866369945334,0.709205434363708,0.584042404252212,0.394491120409292
0.949437610766368,0.725647030651674,1,0.0432900682953308,0.234971120482053
1,0.525834654963834,0.462183875177926,0.470675996731145,0.0295321037412331
0.499477678683227,0.132263501219916,1,0.259438984732659,0.481551425526194
1,0.247790563742967,0.359840747057126,0.135317211906709,0.035293058996268
1,0.726687636046527,0.284525288740548,0.0977576286158963,0.352435757485473
0.0647154814328441,0.647872826356039,0.745490961649305,0.817904447033316,1
0.755058648711731,0.360878292771587,1,0.0461350925374744,0.188529445622686
0.311931216662304,1,0.314260298432266,0.656032613400555,0.0111274214116936
1,0.665420112715509,0.189989224182978,0.0454629425770255,0.751974357180656
0.250380012196347,0.134169549108889,0.251739994348827,0.0224857513725273,1
0.592666932169488,0.150528315555137,1,0.0602513538375801,0.766785871684629
1,0.818756070311191,0.527207131090665,0.514228764483832,0.0342380561347804
1,0.525219219082539,0.0972114778246654,0.592270461079642,0.0131502541252952
0.0115877587517829,0.346221201622335,0.569472380853038,1,0.367047727487032
0.0187268106010012,0.293925249500211,0.152383297083227,0.664694176368336,1
0.4549629775282,0.147547187468412,0.387719679333808,1,0.084600999822548
0.427642243371299,1,0.267126284962598,0.470517959663489,0.00696375297426403
0.510897622446383,0.836125959802807,1,0.0281338284815342,0.920592299994583
0.304138242824088,1,0.285169910125804,0.47136164308502,0.331495690312077
0.836305298709784,1,0.52273211122543,0.266256188814976,0.032093449232837
0.916605500938943,0.454270625663229,1,0.431198387306855,0.251356044792562
0.200530596178169,0.470892996312229,0.349466179706553,1,0.046085012344035
0.843772310855019,0.373567641445764,1,0.259915906209529,0.0804506741278272
0.278832345363715,0.22972699448055,1,0.427557336571523,0.775448045134328
0.0555968689817782,0.291509132901047,1,0.0830008301290592,0.00368834867255307
0.661370608352276,0.676664138033409,1,0.296012290135024,0.0806672517179724
1,0.847489584389164,0.762997151633262,0.32060312396103,0.156509190445457
1,0.235514648049106,0.92700131414263,0.204401064634305,0.487751007831726
0.76648347070796,0.952046025733902,0.744895297343682,1,0.0881303003067758
0.0838234494290074,1,0.913415369948743,0.160130846523536,0.0204279450727662
0.416736497774626,0.218706690048761,1,0.294072182562116,0.152624030388719
1,0.109750324137838,0.811923841419201,0.276564157280934,0.0236807998509402
0.328715735229267,0.874114625901572,1,0.53739580588136,0.0201604558802965
0.605684269426393,0.898471678294148,1,0.707990165396687,0.21650066494243
0.692710878042274,0.946943323571668,1,0.332791499956384,0.101842151909707
1,0.530372090702542,0.383539086993862,0.27020621335185,0.247897104121076
0.802321802032228,0.42647683569525,1,0.0316702898747886,0.0817441191590102
1,0.359182899940839,0.121769723304862,0.202183377533057,0.0139998365667775
0.0367667703579989,0.714075508600567,1,0.953531426191543,0.061838247048412
1,0.291105748057108,0.993596376156509,0.0944970618958494,0.207227137909237
0.443302105106307,1,0.203494789171461,0.647892479445657,0.195373211600458
0.367832872455068,1,0.497690116344513,0.128878743219715,0.0375816520984123
0.0946780415246102,0.0201278819134177,0.847423293881932,0.236662062847188,1
0.342813142884402,1,0.935651664939101,0.59661090054008,0.0851551930589632
0.185830191693709,1,0.4252447155563,0.861466558354892,0.0983525678116942
0.112053607578421,0.540592896045206,1,0.387778727306306,0.257564307195754
0.389304415819426,0.932047689742019,0.957361966767699,0.0306736036492695,1
0.230481480801704,1,0.882163585193597,0.575715874347727,0.00452281002315439
0.445022353628063,0.585513365163138,0.499629942772625,0.173163116369233,1
0.927031897549251,0.728928672468689,1,0.73012654088167,0.132253202711254
0.432347460886441,0.452298687971259,0.996818568207397,0.123428137570619,1
0.512376272058433,1,0.90737040827183,0.33228328140803,0.276447570789811
0.0349333034369274,0.719675093118637,1,0.579190628445413,0.117864339857176
1,0.421061435686813,0.23716232141018,0.140512482566845,0.18618779686335
0.32403253118797,1,0.326638463255099,0.198483148014719,0.134657313558301
0.163214735992226,0.693087189588747,0.688840779504773,1,0.224882477371933
0.0348843729747599,0.693376789259112,1,0.393574170702003,0.374732158919651
0.670853117585382,0.186256433556132,0.261115017016715,0.698689201673886,1
0.799881495690654,1,0.720844718757156,0.453150391554205,0.00940945763417913
1,0.625121086171988,0.344983367005894,0.248039697228469,0.135570795362882
0.0360337129743878,0.198696268907054,0.000172432460371844,1,0.0378756415565729
0.986759391046899,0.132343749673113,1,0.0672092886590701,0.281800131124356
0.094304148984851,1,0.438145847940409,0.478328604007557,0.151439609937093
1,0.254390609192638,0.572101022314267,0.0201299929426268,0.0981228419239068
0.0218433838274048,0.20249488034376,1,0.57396028634626,0.125319206829468
0.42423714347232,1,0.705674905442633,0.587759078985336,0.0648795374323254
0.782382498753166,1,0.671431278173579,0.702528008899157,0.23541035894302
0.0128800064684557,0.087928818722014,1,0.448600039715164,0.0590889237062624
0.627754929063267,0.393359481577866,1,0.20940043152741,0.187793936957176
0.45335872718374,0.380423184780721,1,0.625227038004577,0.204920528522411
0.533501907100594,0.508507379169783,0.653987937784086,1,0.333372536856577
1,0.226577969306256,0.904015779815836,0.075482908038155,0.0363962770047786
1,0.36896150590872,0.542661068277498,0.395869231885027,0.68867414603345
1,0.221771896230375,0.191067194126489,0.208874680440556,0.0634973129048181
0.533294754750485,0.306046178539037,1,0.733084818484493,0.201278483775262
0.0295886748170703,1,0.702136361400509,0.944431689012329,0.136978311458173
0.916186541569779,0.902613647353078,1,0.424112554407221,0.0106346121245418
0.460536789279558,0.300505087956405,1,0.034429299541025,0.0590429512248112
1,0.626883468202322,0.545434873725948,0.118773404730015,0.197112436243575
1,0.402592900096073,0.188845731882981,0.62499419542538,0.00546445444095812
0.485553880995263,0.18775876276783,0.317076705955411,0.0522956348700916,1
0.145260272959383,0.526202527885437,1,0.936725463703547,0.218577741484603
0.0187169119726318,0.555570590554931,1,0.241948080191727,0.647059511605798
0.357363865882574,1,0.244902586713144,0.0595787060378403,0.126025103278967
1,0.41417146937206,0.538327315188344,0.370104900845667,0.0257235541718189
0.787450054744083,0.486675419356503,0.730129335865146,1,0.0234667882414457
0.103181479387746,0.254341564764208,1,0.348598067561097,0.052634739590786
0.620146700700648,1,0.450081750137765,0.332140920297358,0.231661479184722
0.417896842934323,0.983269095602754,1,0.836060364348211,0.440171500869165
1,0.220378622416391,0.37158583730782,0.288253842961982,0.0133858419508795
0.692338346971637,0.0681668224201867,1,0.172798991986692,0.13408686697152
0.00395964675670171,1,0.896466640981941,0.403214466085026,0.115626932194493
0.272621243724402,0.794831866608363,1,0.352068710136709,0.121987282741238
0.601486973800216,1,0.432461593560968,0.606768847612477,0.287121310229878
0.697035417984735,1,0.133747527915761,0.162308831460923,0.0344405670834295
0.534087097512633,0.375785914535999,0.738038668068504,1,0.0333997506455932
0.00668068289506303,1,0.975048182499616,0.677334520751884,0.156952092256476
0.223508799857311,0.475299672592372,0.321035070669126,1,0.225817370809277
0.815900045218025,0.310244695700952,0.453153051348183,1,0.179146591556995
0.974630488969586,0.318028238446146,1,0.0813558322989777,0.13446228138935
0.525294365029129,0.499329270859825,1,0.0207796877884283,0.291062050689523
0.331726399954163,0.106854428065915,1,0.842418478462237,0.00744808331068276
0.536147157622159,0.344386318647645,1,0.385802466837789,0.284453877645655
0.0522676629351988,0.976112796726635,1,0.775028147552135,0.210977488448992
0.875119426854949,0.399320268827115,0.263367230537358,0.212560517427175,1
0.0151600214319656,0.69451397951866,1,0.322249506132592,0.176021023159147
0.633364228178036,0.394332951528696,1,0.00134687195975055,0.000706393398501022
0.0672325404675238,1,0.745055035396659,0.333360036992049,0.112697776421214
0.385324156529184,0.328990053858125,1,0.17472756481705,0.0421663967366907
0.0146852143218508,1,0.963068689664884,0.20954233948647,0.327115397163143
0.0704976928681932,0.416543254817791,1,0.212874880151997,0.266785056221667
0.377907751244876,0.49593850122544,1,0.27250605034462,0.0655592887812074
0.530234565960416,0.228647760652971,1,0.0217449528065944,0.27750058929174
0.72147937586601,1,0.126520342663246,0.778906327634414,0.0151616522595374
0.249717485074182,0.306167370025743,0.788258165670805,1,0.0145393389090618
0.0215907649328478,0.366296089964663,0.0852435522988478,1,0.967245922294754
0.92294799171237,0.919623876828128,0.498177357652621,1,0.0913844322009678
0.902311389491079,0.330094526834514,1,0.374635740963309,0.439164686149052
0.246296930489506,0.443058581874275,1,0.73890566042375,0.244839616633977
1,0.513042830326448,0.592730587684824,0.176675178191468,0.203506464148296
1,0.0817701234280011,0.246931996161113,0.0639364698420465,0.275837087442888
1,0.390231000732987,0.248241555314806,0.118962685784929,0.336697094691322
0.634751616380749,0.422368257233963,0.743157213920911,0.193969067167862,1
0.566653717319276,0.774136610590209,1,0.359666407664938,0.0627146732751147
0.558131835216993,1,0.342197195480367,0.0790707859964135,0.17145547127054
0.750097794698564,0.549085957483502,1,0.0950769355849448,0.00512087315183696
0.056979040647638,0.0881152135097554,1,0.0181327916629564,0.10924779646137
0.309043724526716,0.719194299362473,0.259401004946105,1,0.0145775145820947
0.469988898581689,0.238028492298017,1,0.1040573413032,0.156704905515384
1,0.123344913621742,0.733590004079077,0.0475867968275536,0.546002263499121
1,0.140904235261256,0.327170308093812,0.0213895026899543,0.130741370752667
1,0.158647270016845,0.424872981265469,0.00326133412613318,0.195154011550928
0.552924894636352,0.810127688313875,1,0.795136610888247,0.0745413409353644
1,0.60689058222482,0.338394597651857,0.60780252961982,0.576462715272247
0.835972420053407,0.702210166035258,0.736568096315472,0.237272973922944,1
0.936801536015907,0.450079951453503,1,0.210516508100657,0.172320364429327
0.00581849975209215,1,0.42930696765804,0.480313462409939,0.025294231437511
0.367610683558766,0.760255962535213,1,0.201746422348071,0.272849299127026
0.190166599020878,0.66456010748402,0.251318820241874,1,0.306472511226013
0.451551619963424,0.136695579737874,0.482454430276054,1,0.409678101946221
1,0.145925263651215,0.724368558687927,0.018222876464355,0.0959065283553122
0.326071230920659,1,0.49830179874128,0.0741302304296897,0.0011276975356757
0.85086079567174,0.370863887833853,0.24512992925054,0.140729095242919,1
0.129937223567952,0.456794854408452,0.98875780309423,1,0.00474792793641546
1,0.410351601437346,0.573927624148587,0.434672207151801,0.226130661882747
0.233029040558159,0.460352188847051,0.308631432204966,1,0.175919800173953
1,0.3751160419952,0.303484758911791,0.066565626633678,0.210972725184865
1,0.0830733128887124,0.019080722881668,0.0454564337637114,0.0266745635684235
0.740840849014964,1,0.589671010626983,0.0448167570905902,0.124000854518488
0.224681936582247,1,0.598108213168993,0.0115469968073656,0.00131488698076749
0.732767258137375,0.00362814416811419,0.933730181204189,0.156781397696473,1
0.904804201307147,0.148420696354488,0.425884172897373,0.263790945213515,1
0.0928879956415995,0.749354983103269,0.906687026753858,1,0.633290314244758
0.0733952936978768,0.478153003077061,1,0.784172308525761,0.0498356617266855
1,0.405505671990999,0.331562537487201,0.00310228558274375,0.012945826110653
0.575396552954092,1,0.263455621116252,0.0453245033110049,0.0187366046666979
1,0.262341399105674,0.577053446640401,0.732590256633163,0.178726611979754
0.62929717802495,1,0.976299272112998,0.0706479026262224,0.359594947630225
0.814940290329396,0.219126639468127,1,0.180877513718638,0.100689272030565
1,0.367810524112437,0.458258799009065,0.667686583584573,0.0874149484711738
0.897378641274722,0.212536924714224,0.677247146679702,0.194880150989458,1
1,0.407182407075117,0.901320246935848,0.040219676517752,0.220603675237068
0.595808222102428,0.226164816250286,0.296240749093483,0.227311166840951,1
0.82128635602755,0.764518453142815,1,0.281832594019609,0.466906232207941
0.00796387185087064,0.372936663246721,0.578309509654619,1,0.0727369888824827
0.144563957924228,0.197543735478168,1,0.173486595319414,0.542405555717588
0.153602530373121,1,0.554830727978982,0.213234238634872,0.0141026171840219
0.607655205997394,0.546914071440347,1,0.0692680497010622,0.531884126108122
1,0.220802987209719,0.510255679914829,0.493143057455811,0.524943579152078
0.115968859251158,0.106026252418337,1,0.00902594610267949,0.793852236337857
0.248051337336473,0.654915912348643,1,0.264737728063062,0.434985074150875
1,0.837500330707199,0.227872857879785,0.439334753748461,0.266442560266811
0.128960811382422,1,0.758561584248648,0.313089667653027,0.179039618027771
0.0690781122051344,0.16671936088054,1,0.574222595150389,0.0793103348539631
0.576876344768407,1,0.263913314981557,0.462877002583381,0.59020701314902
0.0104651762590453,0.441599316606842,1,0.340687228809897,0.0426146770721413
0.425783369928815,0.365192028932676,0.0938957728359415,1,0.662869242608272
1,0.240412402994172,0.482676841653104,0.246621978144661,0.000486013662853474
0.283336534033689,1,0.308959741301002,0.273661097885946,0.0494053958959759
0.564638961917335,0.346763264509808,1,0.187314478284148,0.0694415858553113
0.634381876424667,0.733076697909789,1,0.542632733013924,0.349743444344373
0.0138198578363817,0.732086932297959,0.457070689693588,1,0.0205745532839063
0.122218182339471,0.868768061066909,1,0.200986519563238,0.0792677601486411
0.563176540120632,0.072124465967769,1,0.435481023488065,0.782887871333319
0.492143475462571,0.180674763735782,0.688400667644628,1,0.0371691450270074
1,0.100788812573902,0.410397618039348,0.0633546846974707,0.0107974364549598
1,0.586499679845893,0.282720840360694,0.537271413246148,0.0977893882957542
1,0.0481893632626567,0.226773337721435,0.0530869136624846,0.0385252125067301
1,0.419007274030922,0.388344626065431,0.0999754424939059,0.591258546122612
0.0661639618564077,0.301950592448831,1,0.421435812450093,0.681089554162608
0.133798250175234,0.37232129893429,1,0.73899293878782,0.237502188440286
0.632724811436559,0.889677716610717,0.542212659082158,1,0.0297543211917335
0.149638860990173,0.366430313399214,1,0.469722298679669,0.397134281512559
1,0.349304582604281,0.967768027059943,0.748264735214096,0.00449046015673216
0.0044703706599837,0.647257208377236,1,0.239920344107449,0.0737872614020815
0.0264160934322434,1,0.55061462428042,0.675935562609229,0.030376757855662
0.629432560872392,0.631352004200998,0.236860286028872,1,0.0968903556733765
0.332057223637294,0.427076464335283,0.948689391285063,1,0.385160254596315
1,0.65338764317798,0.973510079315028,0.12699110203489,0.162322459433858
0.76327910621779,1,0.820772871109241,0.0245879153427951,0.317300280051497
1,0.150277855378874,0.828337939745623,0.0704350787916676,0.201457720552045
1,0.455962525587619,0.429496932584121,0.0881141159125358,0.00415763369828905
0.601619954220502,0.366937687470674,1,0.177236347523208,0.0221449775192473
1,0.557442865872142,0.248883326702186,0.0148170719047526,0.0249052473205552
0.857274635919103,0.16658941153607,1,0.111706497046,0.0510330565784507
0.829897190527691,0.611934093886668,0.397795398765167,1,0.0290747513792934
0.844136411176504,0.91280335032812,1,0.0398667769587348,0.0509068991520728
0.969035761890784,0.227703895267389,1,0.0767343181145392,0.165755233283127
0.940890720148309,0.100353760356475,0.369230417901786,1,0.592689400090902
1,0.771882818466494,0.102626999521573,0.0893613351288309,0.0287188730889497
0.088294768708456,1,0.467128476504541,0.200011020609028,0.00425004240763837
0.825402220896539,0.159176357913395,1,0.0366102963409417,0.103554285134447
0.797342167255386,0.437710612399659,0.232454467061173,1,0.236023539151161
0.257882756316081,0.47537831156298,0.790909858226438,1,0.176073004450588
0.901283773802582,1,0.845198473891622,0.0662878629417905,0.650795257672655
0.834258478561207,0.286383778872633,1,0.306319661329568,0.378243794487791
0.112320477921694,0.250850101766542,1,0.219077708762504,0.00173681968884586
0.00217297457264815,0.757589228291052,1,0.0841412203891004,0.319894445184541
1,0.252726796492194,0.989402357938308,0.0312315897532951,0.0630868504836884
0.175944727164972,0.717613053841716,0.888718591366842,0.665572357411025,1
1,0.398713734384769,0.411662388937923,0.0407355784882581,0.326635571687759
1,0.197439093517774,0.433122528584527,0.241998179918898,0.203803018987651
0.0500266473335344,0.31491568728094,1,0.644221646027917,0.648444746789489
0.910366974355602,0.302436916656887,0.502027646952627,0.5088927033927,1
0.890352537676699,0.0371225780031298,1,0.0295540845096173,0.247955593743637
0.0606409967111497,0.392395955966478,0.740927345688368,1,0.207807182825209
0.916655983680328,0.680897380550987,1,0.0493572658268127,0.407863112522078
0.331148643028113,0.275468820149891,1,0.0326620833532568,0.35655870121712
0.106936929732416,0.521416410809497,0.243130614970097,1,0.109046042959946
0.66845164789669,0.788287193517178,0.955946941965124,1,0.0537851629365806
0.0132244963889438,0.231526944277904,1,0.202197329940368,0.309268249657521
1,0.220595985194023,0.263981738402368,0.6597015441509,0.158135137255422
0.10843123989892,0.330304157630124,1,0.400349418963413,0.0288740885856101
0.168437065634475,0.22755922233983,1,0.410780134848996,0.217143643005966
0.59897452928246,0.272789589944396,1,0.127120132064572,0.217390292598904
1,0.362357361557955,0.53938331463506,0.486214179789573,0.143489082225117
1,0.696054460195834,0.985672864387125,0.811155627288075,0.394579554772591
0.694529623679284,0.842673284692555,1,0.415744498167233,0.666984571660503
0.231841663962969,0.345306100299388,1,0.0371803601247579,0.057715853284952
0.796959514290044,0.429876819964902,0.971006462051815,0.361507805278549,1
0.000329373873382751,1,0.910782410532728,0.477541563050665,0.180112715230131
0.367456806307467,1,0.80564339843474,0.154601340538046,0.233670919092794
0.0170868408958711,1,0.459893792288016,0.389580432202902,0.200757730810662
0.0201963071867686,0.349005340291795,0.329146972761905,1,0.0148749137523118
0.10071228899776,0.218358307744307,1,0.420852882310536,0.116864738179864
0.179647248420506,0.743450815908577,0.923204374287588,1,0.000271992007507076
0.246353697391754,0.488610992834938,1,0.575899465423277,0.234191537672503
1,0.47810975771285,0.182387482500211,0.00189425644331319,0.241973707731357
0.400516535709223,1,0.756190655172822,0.144664060638093,0.232848092449298
0.317851327122583,0.365893257174651,0.553358182039919,1,0.00777386497357798
0.19000453603675,0.162700300708358,0.740785505325608,1,0.207005939282952
0.929145130788025,0.193118626751644,0.695951039988119,0.059076955332911,1
0.25658418953719,0.25283811648848,1,0.164722057778318,0.0610384367231505
1,0.330545121824758,0.335449234389028,0.199644469303312,0.0278656762334354
0.295441816912587,0.284930223775676,1,0.0294004702952419,0.258351082306503
0.336213339170359,1,0.316066006083168,0.803673998900638,0.5062530165227
0.330658022843955,0.558825270806069,1,0.0934024106476977,0.406148001866603
0.0342764287012762,0.769138923742238,1,0.0800264999791446,0.0628130380949137
0.551433874584513,0.270501076427559,0.0725505835623647,0.0392855869166528,1
0.181713182279844,0.564687708406341,0.448673085779546,1,0.0619069761485465
0.101337533559672,0.283038442414459,0.693938955179442,1,0.0291355749980762
0.0173690640065259,0.135379638296672,1,0.24430302474004,0.040979230208123
0.628795808468862,0.932946518553665,1,0.747647364814106,0.0311615887094817
0.290516480879487,0.096024871698928,1,0.0466782124207464,0.1937786025019
1,0.308928809027562,0.100715289131716,0.727367334184024,0.003925598372216
0.0919229979156753,0.704853121647688,1,0.103141846801603,0.23202086717016
0.387519565530796,0.242041550449965,1,0.318656111073117,0.0928838070031231
0.0256154084879391,0.215148768465489,1,0.287920533237272,0.134669223832008
0.245101599970153,1,0.548014437649566,0.303735948795394,0.27552189866091
0.845579263368114,0.709341800339939,1,0.574070438303229,0.257196020332851
0.297911297739959,0.275617991043766,0.135090761687349,1,0.187031586996894
0.0873062060616102,0.737860591500007,1,0.500309666742612,0.0283401939524845
0.0126247505846165,0.555235603997285,0.235875857297803,1,0.340277811302824
0.421633313400691,0.370271405851502,0.423665160725049,1,0.570290999351459
0.368647472891958,1,0.84735269185742,0.245605389830853,0.725924062732172
0.970563980997519,0.430544704052296,0.613165810980631,0.402160255215841,1
0.026969152530669,0.896131072445518,1,0.725278292335377,0.927985904804416
0.760735280154045,0.486688879618527,0.383606149951772,1,0.151264077483596
0.256955297277917,0.969508788302744,1,0.987041534956511,0.016076277520276
1,0.29297222081467,0.687603909413521,0.634723154044214,0.0336619289377531
0.110407567048305,0.445962092300158,1,0.0980286368008796,0.0793095122044631
1,0.397430073582108,0.563025356411547,0.288013545466709,0.386305516965728
0.685028336127035,1,0.567063759813913,0.801425335543573,0.575448852920532
0.947886352315014,0.969661521957103,1,0.1182546265789,0.682405767834664
0.664544269365601,1,0.387945651621777,0.216883305658267,0.0565930181571335
0.381546673701985,0.176017142161784,1,0.30744717855727,0.166819751564561
0.16884435768281,1,0.393458193851512,0.454621243706126,0.102106209063132
1,0.624724609222088,0.369527930840889,0.0870296300956754,0.00554226696857889
1,0.535872957415032,0.536848416976971,0.327750737464224,0.222980031758859
0.152750045662167,0.427861616951096,0.685571014507646,1,0.531203981299949
0.328294554453015,0.338620662767421,0.401866635391072,1,0.154032775605896
1,0.582725569739909,0.485673425407876,0.127805448115947,0.00675310728805765
0.236902966132944,0.0278683692778346,0.11445340060877,0.632878236121407,1
1,0.425601103276845,0.916666388565866,0.830659817458624,0.077902978994372
0.145924862640992,1,0.78720389849394,0.427435880323282,0.0397679897068872
0.906941133067527,0.812397540627096,1,0.278232212788666,0.0118954944497355
0.57140951283733,0.74894193948949,1,0.290308448936218,0.0347430729501385
0.05313670030033,0.455663603857846,0.319493774746021,1,0.0541201058423523
0.256802670839519,1,0.922007031237721,0.485372789546209,0.0712408442970114
0.0635725456999574,1,0.529297821299859,0.828541299986675,0.15966272672918
0.7731041268555,1,0.586127107573934,0.655253590283342,0.397581639170514
1,0.895271444244263,0.320926696481162,0.848605346405067,0.0123118976150544
1,0.859311488510556,0.845820384361562,0.759658375530459,0.73357233723316
0.358532181508339,0.0694844076008956,1,0.10229615978928,0.255111367585992
1,0.276047412288448,0.576814808953334,0.454946413537357,0.653679513191341
0.320128525689482,0.519716471356659,1,0.584243284038625,0.0102745600021372
0.797207362431658,1,0.28804784000945,0.11160172348345,0.185894145681806
0.847874327514818,0.563259508044475,1,0.0712350515382164,0.379236939182093
0.487408663469575,0.703664651458594,1,0.11279853361428,0.0369741208491919
1,0.40126902866326,0.166786070175935,0.023157130321349,0.138845833498139
0.190481652296922,0.820558772992835,1,0.604820604523222,0.151903360059315
0.0589780499102987,0.230789505724608,1,0.16688753690303,0.020444210368466
0.541102974060386,0.252107742149256,1,0.204994426278185,0.0480439855706079
1,0.549460600491741,0.49542207333065,0.000486473812055324,0.227615348142088
0.891790990728515,1,0.192102939729372,0.386328281927884,0.00625944445778982
0.301509866902754,1,0.359378356804878,0.0133652203553,0.262530059482209
1,0.928684450134761,0.648904989317396,0.335697594213733,0.0834043006370781
0.675349910257832,0.924530687506465,1,0.854940609572969,0.170263258860347
0.517275543623692,0.201780357598256,1,0.269497216349664,0.544486461435166
1,0.0554201039428365,0.249667681111613,0.279164985887257,0.531723754797636
1,0.192601820158212,0.383941285597314,0.155258313176758,0.316592037978759
1,0.993026947218037,0.858770683094452,0.386995032729871,0.722096762872391
0.439938025441358,1,0.397006789235465,0.0779092867130121,0.0785989964017399
0.359118083079963,1,0.192132651812076,0.99271420781239,0.225858640852052
0.494835610177197,0.786188704654751,0.886480962788506,1,0.569983505035433
1,0.596289332496591,0.186038065678776,0.0876882765520488,0.102029606942591
1,0.0785515869459343,0.460874868522718,0.0198039643372924,0.393976027512343
0.11939657914988,0.314209499736679,0.099394111283841,0.253836218849256,1
0.299975556010915,0.293416029219877,0.189266919881725,0.276051795441975,1
0.380250611702931,0.718952151324746,1,0.798830744336005,0.366332774783084
1,0.225806665340136,0.516408758268968,0.200071123804916,0.526224474636651
0.595580311590002,0.542965323429898,0.994448161416379,1,0.329348445158585
0.27972804830219,0.296425294243625,1,0.182940833612448,0.325804346172428
0.658464762597102,0.407366850959949,1,0.00321225429580611,0.590094766885764
0.291733956118436,0.237620496910474,0.252326515632337,0.425353264573149,1
1,0.713463244775532,0.0275724871377754,0.467061074460532,0.359760063979932
0.041914511464758,0.50782708547298,1,0.276124145955622,0.0850695089222674
0.0522201903588391,1,0.947137881047982,0.266951254466488,0.338576550872094
0.377052922769107,1,0.362788177420317,0.115576530832035,0.447885826592037
1,0.731092785516971,0.0757361249439416,0.0106784420556894,0.0626725735107645
0.279970522287277,1,0.412284016144524,0.184007589047221,0.310849560589974
0.634162627265003,1,0.808567917694683,0.0773246980484973,0.754653026294354
1,0.163481705666536,0.266281609729492,0.499365054166208,0.74242537155388
0.948591255898022,1,0.389588916509483,0.0953834097109909,0.0216389450573601
0.108344065717962,1,0.542419911144412,0.105439325477423,0.122538170463834
0.654603775970055,0.319305114258864,1,0.237669383707606,0.115680646786762
0.0891043426926517,1,0.221728306171755,0.233960918415768,0.0111809039331363
0.299724794806874,1,0.67415554918077,0.553455652671578,0.825622823002848
0.0788893937814089,0.395059523756894,1,0.0910855407978038,4.52481145246219e-05
1,0.173610541194914,0.501145253697809,0.646711465373459,0.319386643355342
0.0811148232343836,0.348920648499998,1,0.337704217602067,0.0506198181044866
1,0.458091469019294,0.512438613267103,0.195322001878475,0.0154515252094347
0.0937707718324913,0.681936532124577,1,0.386963019433349,0.000434486872413271
1,0.137323143001523,0.403936419458097,0.0510453679098858,0.061471249765406
0.0641716674665394,0.36196382694895,0.366779346730032,1,0.0371325031554264
0.458331672294737,0.203382839221501,1,0.380035892265596,0.413978052748338
0.111727036743025,0.758328417364738,1,0.710787457029012,0.897987442166826
0.67778241845417,1,0.425841881349589,0.234729745611049,0.128974547059931
0.00391728210242696,0.981275362710407,0.530331144125697,1,0.418270527251648
0.885793327206921,0.139360532495017,0.489634196964654,0.087931033938516,1
0.978531667114197,0.126945943841187,1,0.0917289196191611,0.82412609018614
0.400369680930806,0.618187245753341,1,0.120847413691099,0.0918641644886638
0.266085151922526,0.510634815108513,1,0.567826133526275,0.101986727587119
0.396856114227117,0.586209732117046,1,0.393792678155672,0.0358988377515237
0.838726706204174,0.442412774371549,1,0.239840891466862,0.144942833799066
1,0.131669415374835,0.538472748623815,0.0517877329143746,0.285826164424292
0.881038980141369,0.224935820519096,0.953479913355472,0.0899012616536826,1
0.0168398468784932,0.32712724411632,0.169981081124974,1,0.0336939285499111
0.634854391846897,0.134703526048356,1,0.15593668506366,0.227066690222922
0.327584982264745,0.484470632201773,1,0.355966714183195,0.162853826458132
0.628919790960582,0.615137776326318,0.314930825646254,0.27143067004746,1
0.655366080712196,0.973819188735838,1,0.321453525782362,0.0461496421722106
0.0670176062798777,1,0.640871281089091,0.714415346106125,0.295464455404554
0.474374208347847,0.232142043058492,1,0.954401053301395,0.0781034493431931
0.0318267121726106,1,0.988320019182602,0.202336181042349,0.0355916110707914
0.622607638624538,0.716220242553837,0.522776380301832,1,0.227922343111308
0.317057878637189,1,0.67665666894736,0.115700781053125,0.041723669091087
0.945306295921437,1,0.482734406181301,0.839457901282157,0.347202027822509
0.463826163140574,0.669948580255233,1,0.0915069851890422,0.16925368653919
0.256585090865343,0.0209772288558656,0.192258537524907,0.386582969389443,1
0.0577862119432599,1,0.975010717740195,0.203283520662104,0.171247523497075
1,0.25422666412623,0.837729429024113,0.306077451445882,0.238287466821186
0.429724103691934,0.0579854910914717,1,0.00157419289540072,0.202402038531135
0.259561096725772,0.750677299896178,1,0.117624784013308,0.088371741285298
1,0.579680128399002,0.396016532515009,0.846437654761077,0.00410038909431416
0.366370923147773,1,0.95127152635416,0.0936596964046429,0.144419346647738
1,0.499272756089392,0.715206508660119,0.0826002505033317,0.360745269724429
0.149882122129663,0.615264830076915,1,0.644494693685062,0.239666168686211
0.222828924895709,0.67924264761052,1,0.0594194676184513,0.212696478591756
1,0.152611362756392,0.461914226718433,0.200585246979216,0.0564748460688763
1,0.666620630847173,0.782032423390052,0.119676611035002,0.500461337485188
0.935203259019029,0.499879168452078,1,0.279594904231956,0.445812081279234
1,0.873291573345351,0.267976343201915,0.10239962902813,0.0167049677443738
0.514850205385227,1,0.665927282845653,0.0391291695477286,0.0777612652212781
0.199003418370426,1,0.974019941431012,0.325112819264306,0.30685139477466
0.0540351278712445,1,0.54107652051782,0.302232001461987,0.672671821328558
0.576755609699227,0.236409734742799,1,0.227469157228886,0.235802340685427
0.75751850621377,1,0.167161776996138,0.193978572691343,0.0850790926507441
1,0.595417096088716,0.385199642417856,0.222316937479928,0.0740043783389448
0.651534972639788,1,0.672907318299753,0.639147598792808,0.0276796346362783
1,0.466076223985275,0.211488579534661,0.184016578393293,0.0467652973711384
0.652271871564222,0.939557610768715,0.634178837043664,1,0.00968151665167971
0.000151441509022855,0.192035935731428,1,0.257499643038694,0.537362245148206
0.538502350609231,0.43045607624227,1,0.029224084694777,0.905345669014372
0.0100240850282093,0.332434615979563,1,0.417622613832279,0.0113985634603136
0.715865235744557,0.379244082580046,1,0.48026233267794,0.0216741582115748
0.135498001144061,1,0.94761449354376,0.32927984452971,0.0776267235277539
0.842307050190539,0.271185388551349,1,0.192978619472778,0.167091184991215
0.249147101034644,1,0.476711746816886,0.319592866417464,0.242154057759297
1,0.335365989980386,0.448664442673256,0.198294522236463,0.36975516642086
0.337841534875214,1,0.530502714409749,0.148738759210686,0.0268236455526121
0.0303206567146374,0.334298912612353,0.979570294148369,1,0.0542389360269256
0.486390128562793,1,0.692665896893135,0.420840075728976,0.0111703482243002
1,0.361419901460311,0.2840317597519,0.0167530355204788,0.227315126004553
0.0312065664565075,0.175106915804316,0.627337695828092,1,0.341069662703005
0.0739735808329529,1,0.522734714361542,0.688039748860048,0.772412826667243
1,0.570371922658836,0.869611517079981,0.0931546395714156,0.229184071761213
0.308682193595012,0.685943411798898,1,0.705270003324825,0.0477767390825517
0.0357806939451461,0.234437650329628,0.594144522354512,1,0.381134590920026
1,0.257489298348593,0.724902671878443,0.121134880632565,0.447667964110414
1,0.324658398533034,0.0745309573348479,0.0400764464175057,1.98011282999297e-05
1,0.281144888524562,0.370884892877659,0.159939976373121,0.044163789709778
0.621014712424768,0.536849407562649,1,0.108772680314195,0.0826436151322725
0.0846467169505225,0.892481977995485,1,0.252036989843066,0.0138480508048043
1,0.450989854896406,0.200784319601912,0.0181293474021914,0.490297794638891
0.0157930405330609,1,0.578011774731574,0.970410484895329,0.0151984852103331
0.499286977096944,0.356801300816155,0.772206526570561,1,0.672872642839592
0.401086681771839,1,0.48979588149746,0.825344960927234,0.051761896597508
0.424322150651416,0.264951613155297,0.855113046025538,0.254302786100332,1
0.542560980459662,0.805978988383222,1,0.474389550259577,0.121462867765951
0.287191483835973,0.0257472750664018,1,0.521903604857263,0.0524328864151976
0.0126239036954708,1,0.198337207609425,0.967899211337656,0.20900111412558
0.657692112003746,0.928762134965214,1,0.606227283352628,0.511418613632684
0.858115417977766,1,0.575557983853768,0.678981475070218,0.0533570140426053
0.619777599278052,0.152067570040099,1,0.165356781470703,0.0514218131371675
1,0.81260972873519,0.441961853220432,0.0517078466527513,0.00964460933140324
1,0.234313829605767,0.796515744976607,0.136272303042116,0.220128411004195
0.985988466229156,1,0.80192894113122,0.408497772155382,0.258259709344994
0.1869917886505,0.925923619374758,1,0.143658557122381,0.340364281349445
0.868396335071197,0.389972555590064,1,0.0671836160500807,0.0865139893237688
0.0590467555310441,0.189664162452094,0.412375086546271,1,0.00859593767400318
0.13816120616721,1,0.160287672234614,0.847297436622654,0.408622347102635
0.606107808095096,0.375816782909398,1,0.993964336953331,0.167140385490253
0.00291734670990372,1,0.407838187336716,0.498908059904134,0.0945727277321205
0.428198015177823,1,0.317252604051533,0.0577198010160232,0.612539364507316
1,0.261482003285014,0.423152129645706,0.530084463730368,0.215359503594755
0.826769169921841,1,0.648129961941115,0.132731596172536,0.0298832104501373
1,0.751356421090853,0.303681402629891,0.153217375243099,0.553751420492053
0.109957521653706,0.401471715920126,1,0.29822110244731,0.414819717437864
1,0.528103058918064,0.528279574302356,0.258225166785015,0.108802219672066
0.00624143020657028,0.164045206398919,1,0.552616765446693,0.280917874561305
1,0.453152956401049,0.456703490082273,0.0249929899262584,0.0833135737342934
0.854876890814723,0.509800715551799,0.440884159499722,0.563686550086929,1
1,0.0637206079394042,0.890984186725985,0.472571458301482,0.0493628213065888
0.256761175944612,0.741544134449615,0.374375410395429,0.182024368826064,1
0.397181990061161,0.184098488942746,1,0.116202516232735,0.08936190409022
0.50958858642959,1,0.390224763739838,0.229317765025333,0.794435059326873
0.89702689251015,0.564151488605892,1,0.231156423915393,0.00866544159970679
0.0294058164369004,0.2137307197964,1,0.330413160141384,0.330468914280755
0.34692887747745,0.792426701716109,1,0.176620618438156,0.251441169335301
0.551203964289393,1,0.794098889804867,0.101519176444891,0.574278604110214
1,0.248822654927089,0.724177482739723,0.107501406095457,0.0999405269311661
0.517729235801226,1,0.413125693723368,0.235964496167497,0.785945758039734
0.113353687650781,1,0.387101389660473,0.423311903118493,0.0839692930150459
1,0.234858733171258,0.356376412590311,0.0670831218965067,0.109056741569854
0.0366811195276894,0.796218189988924,1,0.624946875096628,0.0614652476776881
0.581360568246792,0.346698460751436,1,0.364161916720281,0.748359619416508
0.355346712577077,1,0.291261223667619,0.432698345122476,0.285678844303846
0.574783026842815,0.716222547150378,1,0.219814597979084,0.405831866477497
0.582465871331042,0.581137524610158,1,0.334896070841878,0.0997236566740672
0.0676765148897888,0.391278605097456,0.918286872295081,1,0.853179111554643
0.460456423041356,0.249138193476582,1,0.376858241957243,0.146152086113416
0.0303567168859205,1,0.391332806255284,0.869371856747839,0.101330714281061
1,0.246303528932632,0.489433865214203,0.125853830026393,0.10427616662628
0.279973683782056,1,0.533511731297277,0.318333902980806,0.0154838956419885
1,0.619193323866112,0.975036616097444,0.450050747617282,0.484934241178025
0.0573382927385086,0.37797498594564,1,0.383960576007901,0.299364401972581
0.456620405832397,0.438371137951525,1,0.972617127611139,0.17735875514914
0.211653675605375,0.854945936338133,1,0.947262308644691,0.49980905814025
0.172051575238941,0.687538201058032,1,0.853178061927923,0.0323456225512672
0.0075810422310384,0.991587626860952,1,0.989355315553031,0.00222525877434004
1,0.30855399849241,0.392773420900148,0.204191184881814,0.0834453934278819
0.450519245214575,0.655779814837943,1,0.593758218101039,0.113098503884805
0.589715125931763,0.833402903907245,1,0.506476322577843,0.171327244406736
0.516828156395259,0.97217744741326,1,0.499654491827189,0.241324313468828
0.240108918528474,0.283392870659543,1,0.195260572937798,0.0974472680276849
0.223886616332537,0.0803611191544553,1,0.487022674543047,0.269487873808463
0.1588876518946,1,0.851857148974863,0.469020811634373,0.00362350503152529
0.216398532306906,0.937543100778811,0.488314859626124,1,0.0254467245602168
0.211075261342789,0.564239561813723,1,0.776972532340022,0.0959278785188436
0.129511954288871,0.808283182505667,1,0.953284490900941,0.040882987500086
0.489084259916107,1,0.753636883044425,0.662775892920932,0.0435648767039336
0.608895605598483,0.132937929068152,1,0.223791819706475,0.0732302240056149
0.525476948026236,1,0.359948285448063,0.948002389758945,0.404835950782069
0.456351490370415,0.264139048617122,1,0.186278264597303,0.326655466784401
0.606913521053972,0.370673852689805,0.509684371354681,1,0.145495261550268
0.524967751006718,0.531956646675101,0.470835116428109,1,0.220683658475918
1,0.209851877488515,0.30377767153857,0.471908210237337,0.404607909904623
1,0.350008482259733,0.69058880054587,0.262045221360108,0.124593425095539
0.732116705046667,1,0.806986736025969,0.155130001779422,0.561831627056463
1,0.681097005838569,0.8308667765232,0.310186000109772,0.34707255050485
1,0.449894608934771,0.412024611420481,0.281703657347811,0.325155526685701
0.166680269360252,0.552386481204907,0.385629206611132,1,0.0487107730272157
1,0.424077897859291,0.335598791494791,0.147973958067654,0.206126265405898
0.0210540874359643,0.237720884323833,1,0.637333342420941,0.676924734093224
0.782013715875441,0.377332564345828,1,0.297989770910457,0.243296585991528
1,0.387127543252891,0.71050898244243,0.167228949734982,0.0101521344646419
0.431197915706895,0.538852215127319,1,0.389389989941972,0.00912581326689822
0.0267461123422702,0.255748286659533,1,0.293372755383798,0.0754857954661119
0.420329094714955,0.854931595244759,0.94529656509311,0.0686271812928539,1
0.0179370678284246,1,0.478910812079683,0.593291793824724,0.0475179338608416
0.945613853066928,1,0.841269578671199,0.505218907127887,0.443159583146325
0.93576828154449,0.709879392232597,0.591954581544768,1,0.00759037414965389
0.439510653251116,0.7099974965291,1,0.403608197811007,0.0340232693041726
1,0.766058420788991,0.538800765063558,0.363610060219253,0.381715349305105
0.853932801096895,0.859926808433023,0.918828715768087,1,0.250317955138359
0.988627052639822,0.498191209659937,1,0.0056455898473527,0.711023381420865
0.667375247373413,0.742327385006739,1,0.205874426795066,0.110066529949357
0.146170096946469,0.290562041936541,1,0.750873180432066,0.233892044854396
0.818891927956913,0.176430278120761,1,0.0174751620990533,0.24303522163038
0.00889044677724134,0.365311765051734,1,0.457928229939442,0.0635187884852935
0.0295688762362977,0.726897879400329,1,0.184482363646186,0.229319772839315
0.466224883330492,0.107586345547399,1,0.132189580180576,0.0492116895443311
0.455201272906525,1,0.247515596997312,0.517684128540346,0.0257687893603452
0.991483182455768,0.0490909908535881,0.288602325381586,0.604896199116503,1
0.983620149562994,1,0.777365502990776,0.12809723816451,0.685229510820601
1,0.0399237094139927,0.400705460816934,0.115319089578677,0.337283792590354
1,0.366405198730664,0.342871587521082,0.346925251333026,0.0728102794260835
0.498269778601991,0.197903110148543,1,0.0494460265385008,0.00401851779200227
0.095498993812184,1,0.721946577743039,0.626859733915983,0.0170216479614568
0.326713322255354,0.681757660746851,1,0.378683684841092,0.0435836012106725
0.269673244528271,1,0.863291554657488,0.405504379043413,0.228386565850225
1,0.193606785999171,0.678642330705715,0.0505260718825673,0.0123553996396039
0.186029664612938,1,0.919594479838605,0.601076490360587,0.231226564426468
1,0.399742002771636,0.661527620757982,0.755115087860758,0.0867790212434611
1,0.247742818379586,0.247582047811367,0.153984895865442,0.0658315135773618
0.364410043144031,1,0.771629471053272,0.718331900740447,0.0940197833856032
0.599118305188564,0.926979591425212,0.904089879821974,1,0.00406961053224693
0.523096195756678,0.0972740346955435,0.351372784964817,0.227617024703509,1
0.966454491320666,0.47496623028529,1,0.0224622502269086,0.222429254825145
0.677754081844186,0.403832121201323,1,0.387925796784666,0.255641181724203
0.837766017883855,0.379364160052569,0.448770852157666,0.38776829667792,1
0.0328131614108482,1,0.786797738526195,0.938314048894113,0.530050413006732
0.384789581301148,0.519854461135819,1,0.210092902030901,0.296762387238503
0.421980548306774,1,0.517623681910511,0.0693759726483622,0.0919047567239834
0.622826616621298,0.504287352452518,1,0.176448546011159,0.400630472633323
0.42636719841458,0.259651535545394,0.580204951316227,0.0033849679859314,1
0.441942642490092,0.234413207079009,1,0.0573854506237922,0.122647768814574
0.000203003386129518,0.374386200174692,1,0.118085731950056,0.0247861348080522
0.266815108469405,0.527994083467105,0.814001482433243,1,0.0325061580636542
0.07760966666714,0.181532733726432,0.641149648305686,1,0.0173238528943001
0.32518747062689,1,0.862546951638845,0.544311452509882,0.068864570065588
0.387020485351892,1,0.482132989052421,0.0526327402980984,0.0686563351505717
0.192144674748754,0.503604038610677,1,0.955752431182391,0.187252503186551
1,0.338414972330078,0.600865129183448,0.0661478071238142,0.0772868511838626
0.101470988398901,0.412130600124427,1,0.0824172203325217,0.356611825178024
1,0.647021665652346,0.800777338332291,0.290776142911781,0.373633750147227
0.341930690650202,0.490186324816714,1,0.153542765611323,0.153431300404321
0.707305446786977,0.375331710314187,1,0.426727173669162,0.000284016399094914
0.313975794574602,0.123848828040932,0.827725963620241,1,0.118529064307027
0.819642393149334,0.281864920052767,1,0.65516888970958,0.347761952832357
1,0.457535599179438,0.247723852352988,0.155986172109586,0.474864177602002
1,0.657840244933616,0.760446585418409,0.06742081281061,0.0284584590545118
0.439092994714001,0.221969966319409,1,0.138695148905458,0.023895141642838
0.889432334613282,0.399115134512212,0.778430690200615,0.187613701500456,1
1,0.313280242626522,0.695529993872442,0.227753642424783,0.0580232884116917
1,0.554996331500434,0.377010564677882,0.664994681614535,0.415555440328093
0.80768015810464,1,0.108784409936431,0.0331735120201849,0.132894334361725
1,0.686623355038317,0.847521364247277,0.133615609849113,0.396243428910068
0.756729722871243,0.87615478451269,1,0.475167351264231,0.177197221439012
1,0.221666822759888,0.65328647617893,0.425433269918136,0.317793911354516
0.76441269701039,0.326115203553165,1,0.834809438230331,0.00188569051843932
1,0.501002623968162,0.234213088406321,0.0530677999737938,0.00650583054116927
0.398511521347302,1,0.975042524758701,0.654728892934615,0.480690051331977
0.429619264957222,0.393393221693753,0.475033727663222,1,0.0417391017465811
0.089444300730026,0.546040135845448,1,0.267247430475437,0.0453328313142623
0.526781552147779,0.305393879241231,1,0.00770228880943661,0.0490692810473701
0.591670218216346,0.490307662556192,1,0.103225754932573,0.0115090695815755
0.313554937821015,1,0.607059204362495,0.255996925369101,0.0191895141724441
0.375747198660519,0.945342267739916,0.757291846978892,1,0.129194133507765
0.302868279913009,1,0.552033566897811,0.617786580664901,0.0601226244434116
0.713961030882229,0.588676792103263,1,0.649695343336027,0.0685853700451992
0.328028240759283,0.25190315515355,1,0.114331463735336,0.00937993526416636
0.547496065783092,0.515398588013787,1,0.0431712115891109,0.128242549134673
1,0.539818548312625,0.279473419284533,0.181724142471552,0.340595345981376
1,0.312152264512363,0.628378996477433,0.0655903607481696,0.0775438607695042
1,0.677420318116603,0.908352068763769,0.765392338309686,0.115396816706131
0.819538643723519,0.709948856649465,1,0.587458337112422,0.0358679481490857
1,0.267904402869565,0.539681207003183,0.0784297651802038,0.192202094260044
0.00621203657165953,1,0.506587676867925,0.189778426627328,0.0596512426123135
0.533843299924376,0.478907244810916,1,0.15446620067229,0.48155837174238
1,0.0317988658923338,0.0325558246023478,0.00424439344416512,0.122598096384847
1,0.194838852027157,0.197251040904265,0.0613731419011784,0.522787843636938
0.673907735269829,0.469562799034343,1,0.946813344519651,0.320457693503373
0.577201556616551,0.476752564666442,0.842448407862911,1,0.0774857186800575
0.598515818573503,1,0.550254797569991,0.471808939065631,0.0165942733472212
0.142297538102986,0.39082726710118,1,0.894423048601016,0.0119442178530874
0.270137170421074,0.205034607299898,0.567627550202232,1,0.043800167101324
0.197663524689793,0.835554438198052,0.528090957086758,1,0.126782033596923
0.660932923560747,0.552734191812361,1,0.0990640165506495,0.184544881176927
0.164214902346594,0.0974132338067631,1,0.0446661829666443,0.209677573303751
1,0.578990084879752,0.902312688864544,0.00797432441091864,0.489459556262698
1,0.706283524873446,0.160090679880883,0.134857869190414,0.0385799293456965
0.647506567307683,1,0.359565538484141,0.0132333299694897,0.00561314366084328
1,0.190823536971453,0.459724459196824,0.0929848653379461,0.171755554448671
1,0.609818481993897,0.493156017363349,0.763466270651816,0.155544213552182
0.290803570104283,0.314910128506948,1,0.357826189826242,0.124646039758802
1,0.77283424463162,0.755656139259092,0.379727437415889,0.17944199174695
1,0.959192958789667,0.608580359848628,0.697658597377709,0.225175846590113
0.280313759483074,0.374199953140836,1,0.263792702206301,0.0584184927688159
0.759078157341045,0.960970212520495,1,0.365731739054589,0.0511766737974151
0.912046805442378,0.956288292360727,1,0.0960460433765965,0.461563624884872
0.396955917941939,0.819790796160202,1,0.227496367930541,0.0386528952312376
0.451464278861424,0.950231540604789,0.530090643334348,1,0.39411848471877
0.767725258795725,0.274884054835359,1,0.219608537861953,0.373881800178118
0.2121880291758,0.418170760776058,1,0.840700260802084,0.461447580391487
1,0.372885247139243,0.396940107236807,0.0862036608582331,0.0464747300015098
0.342849395485493,1,0.252004514681895,0.129377687143089,0.282169041105197
0.6953807580742,1,0.459539608864775,0.809757195080179,0.688667889573055
1,0.0592734218870573,0.964486261697137,0.279127439247431,0.0464141978786126
1,0.783600670010211,0.239108936742237,0.00502062059475648,0.0942622215744978
0.288836812087586,0.412968426489825,0.592270906091974,1,0.0983248019446078
0.430686671893081,1,0.536237352310475,0.0291875303542473,0.290464723697412
1,0.511534936736502,0.64694244096249,0.0725088005471092,0.0339747492857127
0.231267964384822,0.77477061134322,1,0.269859769721394,0.213479851375746
0.497880367625368,0.0333670799341698,1,0.122285424697508,0.37343717903066
0.364234534397377,1,0.988700685267096,0.421083101748801,0.00493973763346844
0.20227566861773,1,0.497391598550373,0.854156425037306,0.896698683908974
0.152190004209312,0.655304596138091,1,0.382934197909198,0.0236677725668139
0.241055296074685,1,0.478417885716363,0.379134820610437,0.0543995007405855
0.535467945500766,0.735636331849667,0.804281855795817,1,0.0307808547896201
0.547853755811783,0.184426688112791,0.122045547268826,0.498708146472352,1
0.0548372400399795,0.580326912007206,1,0.485028857862987,0.000719916316125093
1,0.842267638357265,0.718073452531477,0.703758023375441,0.48354286127207
0.605721988323727,0.341819014224392,1,0.095064291507988,0.146914935369517
0.489969215023795,0.453952622384092,1,0.0782455846243784,0.288879214744261
0.345851555560217,1,0.862324421812086,0.413980658508906,0.165679055886145
1,0.274139385217813,0.188774863549205,0.299434173201665,0.0236730735863313
0.734674686093993,0.171065621233414,1,0.461807228950165,0.543167758702102
0.118590224046561,0.346110011474948,0.6540250933252,1,0.000341221955145539
0.00354898805455869,0.982498544372547,0.589170058757666,1,0.015309941048986
0.610567464970984,0.387530494148938,1,0.372848079068285,0.621749622020782
0.657328569527944,1,0.111132923749338,0.0354787934739241,0.158416037311268
1,0.0877210594878021,0.558154327495497,0.0387731908804771,0.0227340032785558
1,0.643956422746617,0.896774894267479,0.285386793062673,0.475169091127599
0.0511397491673191,1,0.959640535290927,0.413149249102384,0.131579053960912
0.147476688627157,0.00105606945825221,0.132725130309962,1,0.688547102153988
0.223670615358738,1,0.20871841542991,0.0200062179180952,0.34904586317709
0.910826768295792,0.0777012905001479,1,0.42562051368316,0.100616393478475
1,0.848405639181346,0.954881800564989,0.753790179522962,0.664044023975756
0.141484125157699,0.397868479379701,1,0.863967549292767,0.0923939001530149
0.3182733087368,1,0.303620115691617,0.304933580627376,0.330670024493218
0.575773537290653,0.39386513940309,0.886303443054917,1,0.0906679476584835
0.00130981287938972,1,0.724661527540636,0.49336116320167,0.0329517548574011
1,0.612318637129414,0.853977574636196,0.0546306540005011,0.0873220676816007
1,0.511673008096432,0.271858288494789,0.121908645542131,0.162807706031229
0.24969963768522,0.327225152953074,1,0.225244427894624,0.13988768365803
0.674199002716833,0.055089563746856,0.510485596030575,0.0201559105459683,1
0.0942573620822998,1,0.315314754202005,0.824883809353684,0.486689735554412
0.825951094579244,0.462292907796873,1,0.717481609204067,0.260387382822137
0.564390064586606,1,0.813784511585725,0.592439219004764,0.246930940585981
1,0.751701215885091,0.639648659135031,0.899938880676253,0.308235706722697
0.443876187342666,1,0.993119090852442,0.233299489315739,0.623138298560366
1,0.347112019910333,0.775539654169353,0.0635882041256658,0.0311637362201473
1,0.163757422435991,0.365005908321555,0.026545036108692,0.559834363612206
0.558563099274706,0.809994357462792,1,0.0611006078590917,0.465132341542135
0.104412164382167,0.388510078758208,1,0.784129448447173,0.00518024466127647
0.459313353992399,0.0696072254979002,1,0.41203546865108,0.210273724358172
1,0.254085986567703,0.575412332966636,0.0038644806788349,0.0401886667791395
1,0.292003993896048,0.579439919652032,0.0714167447578911,0.0845749835824253
0.270169337611667,0.334866651507247,1,0.384503103115597,0.0079236821266876
1,0.427016920451775,0.773458379108253,0.330613025631314,0.325391584271226
0.230765671503303,0.140244537397808,1,0.342096974347578,0.0170612824550973
0.716923662521488,0.623720905504992,1,0.249514526632537,0.0713689914757268
0.533022469466119,1,0.962433379250516,0.833341690426375,0.505501530943538
1,0.262315343958143,0.337431082792791,0.194007974454018,0.139357997149297
1,0.684201991178412,0.183958365156133,0.0360778775068536,0.133363914053307
0.158856309442109,0.137145553429952,0.282631017290516,0.094440310590104,1
0.704465194899594,0.425631867593809,1,0.454797035479718,0.0123939848310408
0.447605263464597,0.589019734081633,1,0.0886218988538679,0.0110503222052107
0.450073577021196,0.682910843837826,1,0.451958992266881,0.0639515369788847
1,0.410634534271165,0.349488086411575,0.156266891867181,0.0804232282308864
0.240337294416508,1,0.666636581107114,0.262839382415422,0.146216735400282
0.948809905208315,0.705051914338143,1,0.617873735565656,0.377878832882176
1,0.539838770928471,0.209080955767595,0.344999623657612,0.133852958296793
0.366900117255436,1,0.398177776037955,0.937160001321216,0.0029067895739954
