Z_0,Z_1,Z_2,Z_3,Z_4
0.11183464193169676,0.15778848918866026,0.3820797408216083,0.2360980982041231,0.7060932472247163
0.042310014807280895,0.05881854241950878,0.5026660718449973,0.3772099925620403,0.26756164364245005
0.0830175467025464,0.006128558523961252,0.04623065816265955,0.13436141186374462,0.03247076756975197
0.08829289560348812,1.4671520171219994,0.27441768466053623,0.718242149427149,0.7993928592352545
0.10721260204317479,0.15212352639902366,0.03517667586187107,0.03149549760171105,0.25140941455028765
0.4902691453104194,0.5905643859914949,0.1201708151849328,0.1296453713407148,0.3069664690316301
0.6738638587326441,0.05982912233324412,5.851657858153802e-06,1.7857475039787265,0.43201236317469105
1.0961601480519685,0.5217025996969304,0.11696916272062152,0.18453145390982298,2.0416981034062536
0.07148686104299119,0.0006346021478538822,0.6492854001280854,0.15890840007157053,0.9178804004650905
26.644738540744726,0.018145211450877063,4.944731794563122,14.91135947396893,4.45239101004351
0.18575942753794902,0.2631161486712867,0.09270509801752747,0.045352193382005405,0.31641227056703713
0.05629850826389482,0.3180140805017093,0.23742345839349122,0.020633247649475963,0.016820642632476353
1.962713180378445,1.1887604672759458,0.42950180893726336,0.6912428837398679,2.3462188830474093
0.7277386036866367,1.3238105259220339,0.2652450602060078,12.473439459720193,0.25794529196124777
0.8879257103323932,0.5751311300347438,1.2956118596800619,0.8149725831447286,0.2826215881875755
0.07248619251628574,0.10061775716584916,0.24330889263412508,0.0008005820183631216,0.41171518065910573
2.3670517835170894,3.0273265782841943,0.002260179287625014,7.826350810581756,0.7240776544564245
0.2789659639568556,0.08167648121463283,0.0582402186045532,2.769859902149021,0.8384343570511841
0.5244982049070168,0.1366565471210652,0.15073780821982274,0.2991900642616521,0.23572854483819158
4.278740716037005,3.7505517715893393,3.5170231172124593,1.020812888668667,0.3976078901953054
1.5980753846136069,0.6602190050274757,2.0477842090469465,0.5007945163518654,4.286492311670237
0.02151908283893684,0.006569072832888653,0.0006832972076094926,0.05144112752035723,0.006930072744175249
0.2129810716524399,0.1739373562714063,0.055739097016805884,0.4447715098165179,0.2501248000153353
0.7306982210700881,0.6257934652117979,0.14117766532331189,0.03378095547063331,0.5353922154525553
0.1396124120947718,0.017755813950939066,0.7615740130377184,0.2817058858899382,0.2554757897546516
0.18710393693857635,1.8785589396943034,0.10895398517169615,2.1146459276349905,2.9064405260165227
0.42463539944905887,0.05871205951632203,1.000952752005362,2.861423051561207,0.29919276103119063
0.03901831093337601,0.021647283850898043,0.061534879055563874,0.01473821263588529,0.0028501819504881025
2.248182282816608,3.503097930761683,3.417372320233855,8.619147728339296,7.359747944595183
2.616677827147889,0.5272914686241308,0.19922047209673868,9.329303210727696,1.4347863217640795
0.22079002513245463,1.7675077644307784,0.5049637692748142,0.39620784925444735,1.781770630725032
0.12857793721500266,5.651435030675834,3.1996353634679546,0.35103225728750176,2.3535037998276
3.7676553486083093,2.7306681258402294,1.3585613819252476,0.42760342920442357,4.968332882801646
0.1674886455177696,0.00549141848181066,0.016871420498113503,4.461159189962828,0.030265733609623938
0.01061499537089925,0.04185806265239006,0.08447791284894302,0.031041013242410504,0.0009787460587159123
0.41457593887136107,0.5589820289722673,0.1461967372316544,0.1074013414968874,0.3130041420603965
0.04137908626938039,0.12409087409658841,0.032430330392915305,0.12493979743682804,0.01585466246130192
0.006661080127665886,0.6054510452421955,0.0338987120221783,0.07496130434249831,0.17094319110591544
0.5343170506430313,0.1244097085460401,0.13381381427247535,0.1560884661699221,0.082320934996736
0.007757300132012148,0.527967098293942,0.08206975383303694,0.19396941268376755,0.24683788249655061
0.1897522334142967,0.3692037453695934,3.2878994416658935,0.1998001710873563,3.134268579395033
1.492857883753346,0.004307532623647527,0.00028753550215285164,3.2954889826821043,0.7862055611883941
0.6458261865266716,3.728664623481012,8.139316167749028,1.5860217142963067,0.3796105004391932
0.9116318886021129,1.9388702201873909,3.084829345741129,1.538415183566128,0.7134600119502468
0.0008400288435894718,0.027686323494574706,0.003233331466921103,0.051430555514683673,0.009942304712104848
0.5643012788226628,2.6448131757907243,0.7067210242653423,0.17086024811878914,3.7217769426472262
3.54655864020146,4.059908056620978,4.43470103823098,0.9320825338474249,5.107666041778254
1.237194028984285,1.3269031145151264,0.5458135573009362,0.916203106970519,1.3896685908954503
37.99143474131237,16.192022637135977,61.034320249785,0.7657761029767782,205.75290980256545
0.16045129812830838,0.025636985377146183,0.008029149054087468,0.03837583895117547,0.001111436984025734
0.321844885003967,0.07441592716864866,0.24050222482727124,0.03864443171028996,0.06718003975594326
0.2534514953740515,0.03334951459623673,0.011074950281878587,1.074466638673941,0.7932748737581805
0.9878671997948887,0.10410931730966808,0.342893273046942,0.13181583830447624,0.2483570521853188
0.030315012262952263,0.30404928257471586,0.004860580302951235,0.013340433371128339,0.07266668174256657
2.5606742883244245,1.1289903885013128,6.057466760790746,3.2579749002050895,5.075030778667143
0.0030759964815853832,0.0002797888013174178,0.00015192767778320125,0.0028112384704664186,0.0038148116160834356
0.35665083883439475,0.002817377838444026,0.07139862431535661,0.05945372559346561,0.004062184842806886
0.509847819013472,3.1853995679322518,3.1773725300538884,7.2803163792129215,3.8889528085701968
0.011132868297603208,0.03695276453541485,0.007250578064990936,0.027987238038174076,0.0001385549037739635
0.021269269098847066,1.5895172004759681,0.20903545373811608,0.5769551538950185,0.7991074282250581
0.37557601361637083,0.5400498887796743,1.462958743350886,1.053889876654889,2.3058396937056926
1.371724016794632,5.346838304853949,2.6835135924366535,0.28944888295652554,2.5849953545159385
0.055017974903141274,0.11975106259954443,0.28271695095742744,0.11475759409656115,0.08239146765332955
0.07637083871941792,0.9521780746627089,0.9334496861883237,0.5406456177383928,1.0912647797466337
0.14182060654875886,0.0061536051479397745,0.45210978145982195,1.2392731185418047,1.6154424620835899
0.01388614427020241,0.16046455928562262,0.2575337390326494,0.29246031153630864,0.3304214937587102
2.21699819874927,0.12323354404711444,5.483382851522531,26.141308625427595,17.865458904061892
0.1935863841594018,0.06127053023094183,0.009852001037155701,2.180070795493906,0.0002568906148876245
2.2618733838000726,0.17778012132750465,1.5399985327550334,1.0893635271377167,12.164603854035045
0.03033769161265869,0.007386425147151999,0.1083093300349259,0.1584414245889776,0.05697951376615105
0.038122365727925094,0.26179149044429906,0.21870889414318334,0.04284461068464103,0.848010016787313
0.14093445165618906,0.2537279003621949,0.6798448173029679,0.1471282944053993,0.013594191191117119
0.01573787954694668,0.0045480179107639865,0.035365640366498176,0.03732209807671327,0.0074041501801107405
0.06735130478204833,0.06267537335278668,0.03352942427398802,0.27773390207784554,0.13198876209969715
0.23376897266988064,0.7353293327685668,0.44467466341600914,0.316488472152921,0.03931022442223121
14.514528278936206,14.639726616035931,2.4606913442974956,9.627697676636737,16.467140817266703
0.026303138448939098,0.026446147541782553,0.0713997734832093,0.2258210579503992,0.10867283124897227
0.2698419315558108,0.8103661649085117,0.19351626509489692,5.311853498271347,1.775646544069971
317.10442379409807,12.466756488059367,223.36129732049108,76.06542847847156,13.88644654361381
0.11979615317394174,0.013630151196918565,0.0009540747343575797,0.3739840501347309,0.08682587604688789
0.6830905665118246,0.017507419952067012,1.5073312170288204,0.8403511125555945,4.315627832284577
0.018847330710326408,0.41829610864903455,0.13639770438990328,0.05062183118984385,3.48948503408263
0.10691884226921687,0.07543266590073149,0.07295830824968623,1.2417474452673414,0.1630505045862436
0.2600577863247343,0.12327248406543156,0.39002767505521035,0.1963806945986567,0.5408984038548343
3.4569151467691825,4.050692954186221,0.4017405741756544,0.6078417346250451,0.3623985730763246
0.1418315142810883,0.0010302350904073127,0.0003964350457271244,11.029843235745567,0.5979311714733282
26.007263295506107,16.13333635135108,8.857067445321974,3.3576661528277234,10.942168439081598
0.010822691658733603,0.2059087984412487,0.059624051803230674,0.0356247525210909,0.27177755294241623
0.002787814399037734,0.1521306958172166,0.03977161796615412,0.04821642733993741,0.06503638675170648
2.0226210723680356,0.11177777449797671,0.137611467504791,3.2496214494937146,1.8521202819849782
0.03398740958795126,0.6656190558028402,0.37151243358334207,0.9464933088320177,2.3522868509117543
0.12746422471722016,0.1352595670298247,0.10616026189961955,3.0676023351504194,0.11887405928013009
0.012982615306016273,0.054189881856226745,0.00429515441756301,0.06731779155906556,0.08162958015458255
0.057425764738505504,0.012436708560361059,0.010376761513220978,0.2669817361763114,0.0023960016550009355
0.5848629370660905,12.78171724400655,15.765921353204362,11.060241043232603,11.480057661153092
0.08409448127132381,7.37719921551221,0.9788329739987157,0.6195663382261413,2.393650619130555
0.014423509142166332,0.06316757909951011,0.010576449703975296,0.6053937106502059,0.025383344811800358
11.134052661318446,0.04567072553207705,0.6066971698025997,21.450088004948494,0.5080284133117393
0.5902530094119943,0.6811582682918992,0.37596919429289377,3.234862239288205,1.8751848680662127
0.15531660981952472,0.1773076997453575,0.04952062085253504,2.164396136040455,0.04182987482911417
0.2380281147551523,0.03383135353423545,0.40396132434795523,0.5091895426830926,0.4266531787688381
1.700395667323842,3.794661515273097,2.952961792330922,5.4784881976629904,1.083103701784863
3.4305955924213336,6.6403718052081615,13.606554424831383,2.099624087584584,2.371428007244751
10.17849479071001,0.9512639441657695,9.796185614338087,8.257564462606036,2.772087272235674
6.659955296640878e-05,0.08077169723037492,0.004458044714418243,0.004018551349227829,0.011670805010275842
0.47364165005461817,0.2778049932726693,0.059761609933926915,0.8171263251597682,0.05190075953559355
57.74584805362742,5.7486397490803745,48.679695915021604,11.39294159933329,30.392215501516308
0.22285823687788356,1.0092693966875,0.7140843017986471,0.3917706409125873,0.33359434728325943
0.003187050344671518,0.14214904698683992,0.03109162104498458,0.06420066678651609,0.14570578734193584
6.571812263728749,0.6792017708829291,10.716537149838505,14.678823607413664,9.00481023049154
0.27875680215727744,0.04147292246089288,0.45468635708472965,0.3992828509622127,0.9883264436097317
7.364588355719283,1.3623641045031378,0.10866366373021939,7.654710761107106,1.1663561361801047
1.2958544422881841,0.4806988153927529,1.0064425624938584,48.31121334008432,2.1377793923912685
2.342265731000615,11.445175072847624,3.126888494769581,11.895528687440356,24.023048614724956
0.2232862150394941,0.19119263805812306,0.8675370046933768,2.40894569513058,2.3419066694708994
0.09150477696743324,0.10396024542253574,0.42899771098249373,0.4684381355907792,0.17951056961364456
0.05167237993710745,0.06287612986774374,0.0949945427416341,0.012654584545204066,0.04120388867837224
0.7535960037006537,0.19495572154545313,1.4281437230717016,0.2225551311622734,2.1841466345466203
0.27544387115407365,0.03684717898304868,0.375515787421798,0.13816094327179312,0.7284494872365452
4.143509150933908,4.39392106619068,5.691945235973805,0.16420518389064062,3.974396141696282
0.09885899542848064,0.0203054759107275,0.6987273550620201,0.22577751514635067,0.00828545586037374
1.1846311973572141,0.08690292473993524,2.6621658167303104,2.0772433033794484,1.4534479807473293
0.20437096696037724,0.9442623151499678,0.36160030775495833,0.5548073864944666,0.13160896602620067
3.827706805203654,2.653844801924875,0.02579827933646514,2.9717102687641557,0.15766105272342457
4.251574434227636,0.562755987124605,9.532052751571841,3.0357712486396284,0.010114088134037998
0.5292815928672775,1.2931445952012488,3.9676300843646928,2.2185431545500722,1.6335775454258648
0.6222973915896917,0.8136276963713431,3.3768351647556543e-06,8.567685691317557,0.0033960698976638042
0.11438217881364783,0.05747042504103644,0.18032789605421717,0.02409331911012083,0.09597394793038302
0.004120968699670835,0.336206034312009,0.015274376857389468,0.023914289222916607,0.0954404588421419
7.192597358188687,0.006688439024043175,2.715057163975709,0.34661914084349993,0.5435592714718892
0.046798527169421754,0.00040510797376148153,0.452547631485561,0.2611177695242556,0.026713677582011167
0.3604293055688557,3.0264277630459695,0.5562711525196291,1.6902714910261796,1.7641498993218199
0.1457002864699718,0.0498824307291243,0.0801771627069767,0.15267604165983006,0.06396686378364691
0.3011022945214187,0.13745614277588483,0.2408427915508738,3.1482295249980474,0.051862863030776536
1.270990361097101,0.13566313546796627,0.1956617527944754,1.111704871992055,0.521924847395246
0.12869061476659985,0.6671118934069563,0.30373974005692905,1.1914637905764698,0.19547268661337117
0.2971528824510314,0.42908419359321653,1.3089390273488046,0.2755054286287138,1.2899417808699742
0.3088230564567337,0.040537069523845524,0.02190722944394491,0.3284198550694999,0.25500984286748835
0.1826938772299213,0.022488723244779792,0.001037651317863327,1.3524024773779675,0.13695181633151424
0.4146593748255742,0.16647914334702552,0.014787445160231684,1.1586819225553842,0.1347030749791358
0.04680275571027106,0.10613857409650287,0.0026165170174148045,0.3085672737067562,0.007539365160635711
5.050007366043636,0.06890459769894071,4.611679140727589,0.45316564395580894,0.7621453571804992
0.08694118463608598,0.45441553719478467,0.5774314245101184,0.3982008548479195,2.0138518984822995
9.338291542930904,1.361130943174021,18.128543511404736,35.44953050969264,5.133391059280822
0.025062379070593086,0.0023190179559572804,0.006999164135071567,0.12343613415808652,0.04570128556065341
1.1247600848713595,0.21172919257047956,0.4431432056039662,0.0933352798553659,0.2498831934819551
0.21894171703138837,0.14088555995837407,0.06445754001788263,1.256365975796693,0.2591367167015003
0.010961808549520462,0.03555859803370406,8.07967478383533e-05,0.6920431773576923,0.0005304471609578171
0.23200023252711205,5.536222907363772,0.8553338318484153,1.1054998503099929,2.064114880594283
1.3920204675196124,1.0246539512103239,0.36975582861817696,5.605421288527833,0.13919190552472813
0.12052777896908876,0.07898130759576442,0.4766081909769584,0.33808788781895577,0.31136160231302784
0.1506484861116146,0.22540466705723122,0.07366044112452808,0.02818271536345099,0.9413794420733546
0.08791755607901308,0.2082958187390773,0.006599923790521508,5.573167325608231,0.09732472444632238
4.0578781916768465,3.797750425392387,6.100583631773365,2.0993904121461147,3.88826414689592
39.09363245108722,72.77317657733386,34.097388087733464,28.838701141559998,75.92230106281666
1.070514631839788,0.1230046727417159,1.1758354078650184,0.5786854240523331,0.8243726825326091
0.06099071593952726,9.493415678766556,0.24056534432405746,2.2362385149727158,2.2506796022653197
1.1583248068483911,0.19960603014819647,5.030000339686694e-05,10.497012945413985,0.2700025406398544
5.362837661918682,0.875919091322047,1.655490338017659,4.031310026978909,4.087971724051951
1.3640423746736716,0.07386749349301479,2.153261445316353,1.6495797202127016,0.8126958768252416
0.14160835679907824,0.08696644180674593,0.033705088214592095,0.013298575971122864,0.010901281874398873
0.004320618098017307,0.02469792765349418,0.08250113781703947,0.02057627351679688,0.18737589296029045
0.010302577977543352,0.01890805345063984,0.008690068904422948,0.009854368489387682,0.018747584306494834
0.04828056907138336,0.08880935451872163,0.03985106480130695,0.05337582763730798,0.0071986623097225625
0.11026852290129047,0.05838440018668104,0.5217893549176185,0.0028390507529406084,0.20722884597913394
0.015534765492642892,0.0064873213645468926,0.01721172020280415,0.01751395120076203,0.023284687069258236
0.014976991834955601,0.0010517874234205447,0.0004557749593608299,0.060775247548410904,0.007184121821979066
0.0987433728007739,0.2667270837382242,0.051464988608947715,0.014215119960320275,0.3964826416958962
0.1436850348189678,0.14243026817028773,0.42047477788159415,0.04524218575213875,0.5034628441962334
0.03275227475659302,0.24884451813555297,0.08217314329710887,0.011198226332609949,0.025796748586664607
1.6192901740108478,0.13531714641188927,1.0270040019086202,1.3806062135768946,0.003050293815848021
2.176057015041967,0.4082450520023226,0.617474251795087,1.147979564293418,0.23734160051566044
0.0010145491905160916,0.11308435277205464,0.009989736282323107,0.04854722654511998,0.05344576907956054
0.023129924798066172,0.5060985437475742,0.12838495864008112,0.14374056341166486,0.14912597037933156
0.2184430192752368,0.09173801338129779,0.5852137744770655,3.6034295120513553,2.1808953295981923
0.8043323851759133,0.37170223240192285,3.408569382329464e-10,5.030334210910924,0.5273914954471695
0.12246757954323659,0.04608644227251576,0.1290378775055034,0.5357463113315761,0.24485559361309117
0.34747168758193464,0.6068630221152366,0.2618090439866462,0.27258887806701315,1.68008854051334
0.01857184030813036,0.06482969028269339,0.40572121303114295,0.17406151085009403,0.010958681186559835
2.042321814445859,1.359286452509525,4.124776677086989,23.912876247751562,8.550808634058264
0.003921204703453,0.08257485018331409,0.045785530345104845,0.011889531653963501,0.11630566319361302
21.92691538336788,23.36188604879051,6.299725878681949,352.1097480337169,84.6157869314394
5.120067561330125,2.352026028595561,3.736934922351318,7.236287914828296,0.3978659370775616
0.03336781850642567,0.008772545798394695,0.012126027840687191,0.0023639645726676504,1.743578827088323e-07
0.40113662340734624,0.5479266412824424,3.007915707597138,0.5343324984757576,0.031698295362893605
0.10712890575098152,0.20750510660968546,0.9191374711586864,5.272300904699788,1.0993514599334007
0.053594136049385586,0.01238909835476986,0.16843681360777873,0.017485202758154118,0.034465347914457885
8.267120023295195,0.08814872444889575,0.24769068124749763,0.5382912974448771,2.1588129366283755
0.10608665250679668,0.12415855401819964,0.137942921347872,0.08568880663319162,0.020172235710580307
3.0687371385464286,0.7924595136068812,2.5715646328001665,0.03734832720386615,6.353877784871346
0.4608891113934175,0.06617150147898558,0.4266350624804696,0.2940850735364804,0.08501073704565497
0.7497685566125372,0.2761370959302947,0.3638859694718291,6.879856935906569,0.9781866312747273
5.182587887308768,0.2312897720920585,3.912327173567024,1.709088487213257,11.365281471025437
0.07043730492362936,0.08084664341671532,0.1642559874358911,0.13683152926643352,1.5487912109702084e-05
1.2307016143940996,3.067480844906159,0.34418604391033497,3.343159870224426,0.9454916160531008
0.002350409755506911,0.0022950469599025197,0.0016009982070482253,0.04106671285070762,0.00029588504424269546
0.14655688862890073,0.023903473667582803,0.0007840470202556864,0.6957873902498768,0.002889225527582072
0.5599399590286935,0.2898713571691822,0.015124716160388728,0.10720344858076684,0.07927299184175703
0.28131208874283115,0.08914669602169838,0.005553362232798534,1.7988620945497784,0.03168136327083594
2.652110623029859,0.37728592520977733,0.8891750151804293,9.660505292279511,0.2668090157575774
20.10525239513073,5.919998551961062,66.01715607210754,39.422235208019295,16.37162425477942
0.29172512970508524,1.8321144682612849,0.7699785100671765,3.014658820408701,1.1469768551103148
0.1747741560593559,0.3241594199240021,0.49546561167162584,0.07034634198325038,0.11919901612945527
0.3226639855948145,0.4064660012812186,0.07835553559260462,4.614102035229875,0.23951192729560178
0.04448683535052905,0.30122484729185706,0.07730252176556139,0.5960364852054898,0.1698248202247191
0.2931037474926306,1.147678090348615,0.15651986178100893,3.4312248983848157,2.6290410181725217
0.1303942420213416,0.5691317595257608,0.6822245038853463,0.4193810706468602,0.6440025744481607
0.7074742138725624,1.6288312736167883,0.3014504412904051,0.806470271079732,0.8682544726497312
0.30678137121807225,0.02113550739279531,0.002974215277403598,0.9378811030638696,0.27418379946421473
2.0874887290003485,0.7748275935924829,1.6300706696678613,0.7394498348014265,2.1342672402545277
0.5930847850156435,0.7163225323594447,0.42184275100014,0.31503895604908344,0.15181433490142132
0.38055566295531457,2.9487056379931516,0.33786301830735893,0.4716351513776914,0.6742364182808316
6.622802179092996,4.590706377440349,27.670417845029213,11.141883110873637,13.247793275677406
0.7384219418054432,0.3505304702004793,0.01951836608528962,1.4480089917052172,0.30316651956638785
0.9568848481310507,1.2753188409800196,2.6439463739532147,0.7628440512916583,0.08247038768703426
0.03569279266801683,1.1794611803143717,0.7524263774497351,0.07991148928547755,0.9901680323139747
5.626601758778654,1.7038811088504153,0.22880168173169593,23.152595254204204,0.061514508266070196
0.018409680563598332,0.05558465020282779,0.022355694074211625,0.10304418059736542,0.2150117505335858
0.009615831672218486,0.09628891190080012,0.09446184865891734,0.10246302716937983,0.03758482199020391
1.7714450066426726,0.20184144445974603,0.08552045583802358,0.9164372011724187,0.40818378862236543
0.024815320568437292,0.08056829247539835,0.2532010331527028,0.0027827906719604073,0.007849528723075485
0.12348476924436667,0.07874944959908058,0.06535777936216168,0.0613009155259633,0.24610873704268865
0.28916321240936654,0.32597992897105615,0.5373513901567809,0.5817274222236913,0.9967703700437436
0.10939124271364421,0.18939559000311057,0.035158566125463746,0.08599705338439811,0.04859426716699177
0.087124025653781,0.06684788495148197,0.14545196262017157,0.8738355551059989,0.23764227991871034
0.362128156662054,0.015784512171093997,0.29313999340201374,0.6381796754535328,0.7412958593157803
0.14628105931029578,0.26256688706265496,1.4487625322833373,1.0611271820692445,0.23076535372621423
0.7929535707959589,0.8320651607802867,0.16261753913795166,0.5445465818724898,0.7878566411733648
0.6574886236412969,0.022709492954691053,0.14745493956342776,0.2119145417665933,0.033461644402835035
0.5154438610084551,0.7145818262589392,0.034554447392247174,0.6040431397744096,0.23645403099971846
0.08992535556483465,0.3044193138909636,1.7922465245871577,0.4503276156002981,0.0383066595258851
0.27190176255363196,0.010490131894313822,0.06519804140666331,0.052192751763786356,0.007497045459712257
11.055390898799493,0.08109381097636287,18.69345708290129,6.093852463128196,2.37451295469249
0.12129517260509559,0.10088915654329847,0.06527169831264283,0.04588377030640467,0.5550563391568721
0.10965278762163011,0.32978776103002927,0.1953114723945948,0.08217218876841141,0.09002396469199701
0.3086313838558088,0.0174465580738051,0.07162333822332018,0.02158380935823937,0.0010844547372082518
2.2895349617829037,0.34320759660310357,7.724044319294361,1.4078988695585766,0.31950913179792984
1.7417406680114869,0.10113016891036146,0.00022001887701355335,2.7567906839829943,0.06558412245374405
0.04196518715025959,0.052495375468693754,0.007583933539188163,0.7529328326608664,0.10599519794508137
0.5261380517282471,0.4671083622623546,1.041201792212581,1.1439057751863206,1.5163627319438873
4.3172821535481924,0.09145965152862878,0.032002683247481886,3.823561206551087,0.01394349967613169
0.43880492091255546,0.03729776166417946,0.500750916693883,0.4405845405069659,1.2308023865955842
0.08466008013525012,0.27758001788646885,0.12700976762323596,0.7922132639854983,1.7766714589306285
0.014958431761174356,0.10371157296175385,0.1704691627092385,0.1150968302101748,0.0838362491747986
15.060092624960767,38.04010929623099,22.803020430386614,2.609074206660321,35.70084111269979
0.3676230120678606,2.2902319564138023,3.8647792082190815,5.660790456092128,1.7649889816467064
1.6183637593579425,3.7883494895740126,2.7813029170901924,1.9200447792437287,2.80452218063546
3.0432335855940984,0.2839177144733991,3.9366995637763487,4.833859220098749,7.228812729633242
0.047562157702697345,0.06915824145277955,0.10458426713875646,0.0018039551473013908,0.09350637684357088
0.008593068029857107,0.15680966494466853,0.1511872546943764,0.12973056633896893,0.4735967837119992
1.2679934413009348,1.1725161383624068,0.5761518913779987,1.5302471537674938,5.594947864186985
0.07144547912142889,0.3240239146352013,0.17183372054939983,0.14611956079097532,0.029874883956661154
0.13013404711060614,0.09691102082902138,0.4555837554040669,0.2320741868679551,0.052742415791531994
0.2165626341547071,9.045683960440055,1.510208513402662,1.2153112831316133,8.78282263422561
0.2335174516624815,0.627668086692196,0.06609230395345667,0.22999123075497624,0.09020298497781552
8.470508568063062,4.586381869799383,17.921063921807495,7.268340702108001,2.4184178944296413
0.06875049846458627,1.9567368246906933,0.304085852673265,0.26007728495459564,1.1030864144009793
0.21943570031370363,0.4932263182452654,0.45848220544140184,0.1233185705601356,0.3034763837886118
0.04651842529503951,0.1564636193949624,0.2053685018547855,0.0032653455859432703,0.0722704353242702
3.235524608317927,0.0003731342513650865,18.460614406908938,9.199497195058695,38.292272249768736
4.3359231206681015,10.884024868646042,2.8733242615160224,0.23038671196408445,3.190903408646614
0.010045638655922152,0.11278960445697082,0.026984295116174235,0.09238567308953873,0.2854812643485203
0.8742353610753738,0.005382478821606089,0.4868524023769838,3.42988417051403,0.34239652445485436
2.4844376750125012,6.306205542318733,6.801959173711634,1.1915537102640996,0.000147839276828595
0.0049399153857201394,0.0010198992751240148,0.0008448022336817895,0.0005735082490596707,0.003919616042728135
19.47366244806085,2.2822680611776245,2.3421753287809954,0.6621768643732578,5.051980398827488
0.021664738060623866,0.00452026527130542,0.15613855754545614,0.1491812321350358,0.13433035100077503
0.03274032103189799,0.3972153177029474,0.038699962909679184,0.07542085262765655,0.10847247945547506
10.96782717752407,3.93377053136376,2.329534097697857,0.22062326734982893,2.5919204827517373
0.17553483428486355,0.13226631856825627,0.1355911931252862,0.2888944010733254,0.15330790871052632
0.6739022900039532,1.0788995373481318,4.211214365339187,1.7551895364526884,3.6656092562663685
1.051581320299853,0.04594514346822,0.0040397226738665215,6.888451239191521,0.7727074591960252
0.08128219318423022,0.1920121010749209,0.24143273786203512,0.05955240495385952,0.00011313063589387873
0.6171666796505099,0.5587103967353447,0.12569918936820385,0.201319247126844,1.0398456612180462
1.8044605550982782,0.18330601687438972,0.0038040874918534463,0.523324057403113,3.5667853421312747
0.29406015029804106,3.4935794728107847,0.9208755187460991,1.29880124538356,2.39021938894715
0.0011314138429289434,3.3337812038889875e-05,0.00012681842980723126,0.0031720571569791023,0.002590390360615482
0.039471788671257384,0.12859533229150394,0.14163437255695768,0.1364163134251746,0.4080985387166549
0.004340389847019936,0.055347778593422735,0.010338989191186587,0.10785377078584957,0.07785004167385601
0.4037195992490129,0.5906199387061506,0.5903453613079811,0.02765617141693054,0.035882308234107374
1.073791586715691,5.121063736787856,4.92037475986844,6.801013618215511,34.89201747666237
0.30027348334324966,0.017041715551143453,0.47503101071111153,0.07879300177571456,0.006447306282711716
0.008162115595169035,0.09217489046158178,0.041278645617389434,0.0011573845320476063,0.03632345381678194
0.013571174875516508,0.001838045614828864,0.00019249356608822584,0.05518586660861824,0.003862037461919897
0.0014115311886669392,0.0022981765167470855,0.011393189953513572,0.002977608451344706,0.0001323386710912343
0.17164506843808036,0.06000054933484037,0.08969488044563106,0.22850263562943468,0.4630899234010082
2.180049266638406,0.195066172519452,0.23548248693425305,2.14774949814677,1.6523157993293456
0.8183961979784375,0.1414936322786033,0.5097954616172702,0.18140520154880485,0.9779269787708229
0.0012128171048364537,0.05046782696793139,0.010193158965675438,0.02973248653559568,0.1312985429759359
0.09438115866849137,0.051292849141506405,1.1596852686498988,0.027659213814749884,1.0800981665111042
0.08880031557410444,0.4115345395321037,0.05398743761169224,0.14305796833545018,0.30054034212069164
0.24642374305079143,2.9507617846952003,1.796315482307727,0.8356829545707769,7.8081987350420174
0.15309465425894236,0.002033031635145007,0.008342817625842517,0.2570568834685292,0.03917014065742381
0.006290795273809032,0.16014683448066622,0.12031334601859968,0.02737785693764658,0.31404152920665984
0.5789448377946071,0.32185323018863443,0.18811793307092564,0.38295711232648644,0.1635020232599662
0.03673505390284452,0.17621015982434565,0.1659924742263319,0.19085776369830643,0.600444409220116
0.3162492767570411,0.8538250282655383,4.044584662301821,0.7675783219034547,0.28526548646301647
0.0033931205534478894,0.0010466499118351722,0.015632708964851805,0.010227466165567448,0.009656541776864121
0.048934451098423364,0.1066297398147074,0.07172906913105255,0.0023664607758489406,0.2556330376980549
0.29330222565041497,0.003738187853844281,0.5596824718151583,0.3558171015729828,0.6694082318314567
2.8418139488782277,0.41782384388830807,0.6302119268838365,9.372208383708378,2.063326858896143
0.014997821294360256,0.21560410992175472,0.008427523922730565,0.009618648754063113,0.013479267105499931
0.686419533447659,3.1825206668754364,0.4967718798827479,0.7850786658155274,3.237318516934593
0.19211815401107457,0.024262803709856607,0.03743369508505043,0.41697362497877277,0.3384754982877936
2.480286440740886,0.16876866972086346,1.0760994145283975,4.658056998800284,0.3140691447833781
0.08649621386866095,0.06421347155994972,4.287647132721699e-06,0.409378230290957,0.005551687888090804
0.036858118067164915,0.017514917052951044,0.0029561154684710103,0.23502680273516363,0.016876891950540457
0.14092834333718657,0.01264946333639343,0.603133262729856,0.1955504242001058,0.13797517953983157
3.918483280529669,0.11784233242834756,0.5458664723467126,0.5106058463299435,1.6890226550617962
0.1775137196688987,0.0069585671035716735,0.003803336210283638,0.23667906693608298,0.01640487205690896
0.0470734851625271,0.06382596223496037,0.07181485966616853,0.3328118863786986,0.40786271167376387
6.875044465000799,2.5370836424826377,3.444963714193392,3.670312256485278,1.3576731624268885
0.07860390722153598,0.17556679628295235,0.1664418506104713,0.09505840959919072,0.11670911098794966
2.576325657757341,3.091496583151057,1.5641144313620117,0.2623847984868755,6.350136798728547
0.9207439676724151,0.5897326534681482,0.2272783881615331,1.6207925176399822,0.03370223185769885
0.3240184456424189,0.03744854755558709,0.21016057312267078,0.299372805346292,1.0822411435781545
0.23958308807821535,0.022757223551197876,0.7978270500699948,5.663652606135151,0.16220589111813102
2.4581831531554132,0.2870358261859502,0.38037350860670993,8.048529234723283,0.5294782496973186
0.08260395250054506,2.412996225798271,1.8118489623574348,12.639751893280948,0.2762191158090402
0.0034813198506727927,0.3169457583930355,0.04976722932671308,0.030231186752862762,0.17334309010938584
0.18726776669204243,0.05278860678466315,0.029589755281620545,1.7520613779356142,0.25314165190996124
0.025587467418846703,0.11454912247326629,0.0710542683693553,0.28963168955405116,0.45694436807102123
0.20093263089902091,0.06212547309070204,0.12263058080741596,1.8415574004305728,1.9505877373176062
2.3108654576067247,0.7204498890043736,0.389778256345841,10.003279202261414,0.4018871039437116
2.551434130192629,0.7440508332925271,1.8631205398727266,1.7340831557486813,0.2495114271045632
0.0014087049438465031,0.01771673383061216,0.17691146613444733,0.019990307499974522,0.3682080147820441
0.2236632503266211,0.2864280705942937,1.790408347606005,0.001127238355688791,0.7476372034163866
1.0368850786998296,0.18120595991039778,0.17846617591475525,0.06069803695817041,0.6889637888299265
0.09394555290866714,0.35943789329986053,0.21198370257030055,0.0010996047554704192,0.1283988810646151
0.025136081693972558,0.0947819984727128,0.1605288502700679,0.3872365286647992,0.0014445009115249985
0.33602686385177305,0.44108127112194917,0.024646821763340442,0.03969467804924949,0.009952562718628363
0.0011125258149737942,0.366336629192911,0.1295936961900971,0.151563764403068,0.7857834443108791
1.0626551001891937,1.2436823279479867,0.2738545114324239,0.23955748732550766,0.8524402130943484
0.02505326107995057,0.09249097779535002,0.11457917064685644,0.0490378029759918,0.18641016773283825
0.29765460502691354,0.3445590635970298,0.07360201765970871,0.34458848968325484,0.5628915136848565
0.002031828918871454,4.350923019699008e-05,9.689619337132797e-07,0.018346255588173932,9.006478986970161e-05
0.23327874050360498,0.00015606434269913003,0.00011731798375212885,2.8765569636193864,0.25518040161075645
0.04838800456798231,1.2070399712045408,0.05118671306151228,0.23818754217922547,0.891385736307696
0.6590730182806264,0.8517879795954995,0.36104683866396275,0.3088552531282326,0.31989511530837916
0.26435157797833536,0.00788267764677901,0.29305021929491143,0.5538599415092031,0.30199891755987357
0.2023922317303057,0.662488585585236,1.4527295605915924,0.1636493724108316,0.1310372422210308
0.005148621324820067,0.19709182753267462,0.20835689774691873,0.6829729728043681,0.02208669839635385
1.5551436831937828,0.14774379991733425,2.0942263819843308,1.772015775042161,4.311967670997154
0.04262892744716784,0.001786509803124759,0.004093767139349994,0.00047678204237745,0.008539435909202303
1.2770238391591664,0.24936177900262102,0.7177490811564874,0.21598062061443343,0.9921495420326373
1.7166470675985062,18.079993688664334,9.319022354869949,1.136857090537235,4.890552447296559
0.10809279861249907,0.7341035029338943,0.6083250245737141,0.2561553556511601,0.43973973657383175
0.3490800982501104,0.025262722916289376,0.3425846957473559,0.6351861531709129,0.23579361760902637
0.029849477378976367,0.11112262341302026,0.06605441936927749,0.02190358735858348,0.04427397962758189
0.08763251151193831,0.02105674669087866,0.3516929199043335,0.07976051598535995,0.04408471427888636
0.039056326551301604,0.0016825281022117078,1.2536314004567036e-06,0.2106119718090389,0.009233939983495698
0.06647473435336004,0.028115420374809498,0.002479183224855149,0.0026917617553504536,0.00047206876266030743
0.007310635576440437,0.16087283132050742,0.18969398006121385,0.12915076047716065,0.0031172017834710545
0.07969108296198187,0.28552761087770434,1.2035482053134028,0.8999745864547005,2.3676710998857003e-05
0.8818981144707578,0.06031916210428509,0.2734793117766973,0.17444408741630865,0.0004662421586436117
1.8837126701387579,0.15705182815659754,3.766746778279493,3.9107363853132053,2.588683515531019
1.6092233652194858,0.14757459714832064,0.5277208869662936,4.825650508327636,1.7724543642135304
0.018355135363365097,0.014798019045979306,0.014543357799874656,0.10151392610311194,0.047759692700728724
10.17299259428678,0.7861302768838118,1.6818684235202845,13.747898486392016,5.885038707629005
0.00044735028827899237,6.244830797779211e-05,0.00031392262367876635,0.0018960833085668316,0.000317945074762668
0.062079034428049365,0.19787877928682843,0.1504340960263959,0.21410576732639486,0.09934441228104618
0.8383021626069306,0.05019792953257963,7.683427580395413e-08,9.336578472532187,0.08098360533406634
0.277999421824233,0.010175047678829334,0.08417615974061944,0.02987349732890437,0.0008799627984003585
0.08855220903450715,0.07937222072317256,0.12564921538098184,0.19700256972178365,0.0013300712914513426
0.015756008811205327,0.03850101431973596,0.034093719660437075,0.0010040926952754388,0.00029966093095918093
0.1414201028724771,0.01751087800775923,0.05508697743862113,0.36234268210308684,0.014771208742940318
0.12952169607132302,9.121799201469692,0.24876091179842985,1.3146006470022948,2.5372532309936235
0.07237154798617886,0.5428704558064006,0.012957115558901678,0.04921437772269997,0.11236803146996652
0.05872781776273274,0.1569102897869159,0.07607882378149046,0.02992108127388735,3.879168968914419e-06
3.010534352415154,5.37221505755912,8.01833883443873,11.35710777004943,19.699686054461566
0.13891034061012628,0.005296474645537068,0.0034793113638249976,0.3096459237597058,0.00319339892578304
0.0012793807381975418,0.0008016470895783056,0.001182645305011481,0.055276072462474124,0.0012274207015366251
0.21500212565665217,0.4148607196992027,0.04304055132021674,0.01837162501044376,0.11711911877785544
3.2690214522904757,3.799889495965325,0.3803579285405152,1.9855046931123597,2.4171878583269417
0.029999776889597138,0.14028982228841472,0.04290481607237958,0.8786156625915116,0.09338660078722914
0.008139876042614347,9.317836388680974e-05,0.004219505331623925,0.0008674991735495585,0.005172404682844854
0.3779676714407069,6.621689911769985,3.864927451878176,26.785273643712426,0.05109166310296324
1.195066632280973,0.8434167518726836,2.560715536859455,2.1158497584651488,1.2070709205856838
0.5069774569627125,0.32231250694333835,0.10476780064697558,0.5938818837209274,0.7348337894294548
0.0735573619237379,0.007821420086820125,0.025721868568345296,0.8808843528468553,0.0064535672138992
0.10806577126802605,1.1089159938649403e-06,0.0003392782819478945,0.13322492112027629,0.007695319551628185
0.034432396374810145,2.427991044919526,0.906964509923913,0.07002005205422704,2.77283727333382
0.03197753233820916,0.022795549774374226,0.08441103300581639,0.05492154198888379,0.23792741075167734
0.004251945391725465,0.011837355955750702,0.019737492224351394,0.000822715640760749,0.01860503041304692
0.10542392167356707,0.07215756079788903,0.033586074575121826,0.08049516048114992,0.057203022710816974
1.3442321273559483,0.10870735081710459,1.3281398325560265,0.5178598658660478,1.4375113280420875
0.45963032446668817,0.01407353803953095,0.10824053169390842,0.9884885383032309,0.032075242608100345
0.8205424581224582,0.2093848532999896,1.2328394438246633,1.7806278035268996,0.8943087385476793
0.5907608878906312,2.5700912642428313,4.817315044370991,2.7399431312214433,0.001983247492101577
0.15152720432043718,0.04750002275136918,0.051402769631013284,1.914345151850727,0.06215530202631546
1.7981643684162028,0.2939777713328264,1.2926403453368542,1.4616077084292594,0.33617030815344456
0.022244448360559936,0.09195192990664296,0.021707454627878292,0.09316567586394098,0.09209783708085935
0.04556136981746506,0.0011374277466722896,0.07190725966910377,0.08787054317045984,0.006516311193107908
0.6637960323923002,0.516128661788775,0.009305910943926882,0.4848906738616286,0.02499835700310709
0.2529542796700699,0.11495132789402594,0.009801677075175581,0.193975085989144,0.0732964679173713
1.5978081168683103,0.05680322884217949,0.17266795411574037,0.07293896526196376,0.052617578999768204
1.5177772146535942,0.11415672726372264,1.8195089652582603,0.4702281985618748,0.2951249707695326
0.027264310717629636,0.1529363256038614,0.0183378283586163,0.109373261623425,0.05372697316662353
0.0005153195955905722,0.4370288721307538,0.06988411854883674,0.34930298429233725,0.15174445089766808
0.0016020170660890243,0.003013355959492527,0.00026690856433718375,0.0030297845974295175,0.011581603631633852
0.021277293568002367,0.3266306205363421,0.05460578273733217,0.10484207182620263,0.41017366095017715
0.00010494850212049237,0.23110244245679454,0.39770875490084373,0.6595634318546917,0.7134722561591302
0.01991239044935789,0.6449311469494723,0.04919605459737133,0.6291979962542443,1.4813302577936382
0.003031200920533483,0.000627721521043568,0.022437193884774054,0.0020026877288692145,0.000816949116875774
0.10412202595020818,0.11116159654607768,0.6437323882267356,0.04851404078004438,0.32311114718158507
8.343087247756264e-05,0.20206716552034543,0.05196152353605315,0.1876043367461336,0.18542490650628327
0.017991795347068417,0.04198465057930961,0.007249250016028289,0.005453279164958611,0.12660200635769536
0.028838031888138573,0.00011242410841888721,0.12891420978490675,0.03987950930819618,0.016924305193174147
0.39975938994525606,0.00012301106130035863,0.10936882909775385,0.17209481603290258,0.01835575075854947
0.24253339973408553,0.04536767457417112,0.26521887422084794,0.15379018246647808,0.34435573875673486
1.4693138935311434,0.26527960872107503,4.861359841225879,14.470655633810148,3.424122958817362
0.1544703445835396,0.09534268174421523,0.34808902986202694,0.7604465771467352,0.048077079140374096
0.18512526351500477,0.006033443170202145,0.03275033044660756,0.28514565208310927,0.025794533214580546
0.0043281926765254925,0.041268753372679205,0.059986304294937565,0.034149489150886725,0.022792808362506144
0.01408557345925618,0.0005219766605793132,7.65378764275289e-07,0.059458641310478066,0.00932778618526499
0.5139966680041458,0.023504743025009604,0.0327892293015131,0.7380901152258397,0.15686330538704604
0.07311836112804442,0.3645307522059429,0.05228890254203205,0.12816828357813362,0.036158043821836613
3.082804696787046,0.2790791883148547,0.06505712520041841,8.530116509824158,2.802940309378721
0.4682444752231552,3.0474162220503174,0.47117919585661194,1.2291624106841263,3.830582061401852
0.013666786577200673,0.04390061093773934,8.975415193760605e-05,0.01452283850884692,0.00303568605170539
4.057320231641965,1.5526160876303494,1.325306703690487,0.44615442946776435,0.032240045156943724
0.0018217548554051862,4.3320354663094855,1.3969659094038072,0.20985264207070584,6.621455639585578
0.8693051171926509,0.11437816513198482,0.1974569168391109,0.07877953517738262,2.213116122027783
0.3332233955387756,0.5844778363732008,0.13954075986558134,0.3477686634991612,0.034955274404248914
10.514693067235484,0.6904274175567486,1.1372433216881053,3.1620446749821243,0.261165166182607
6.243925928412276,43.52047852341686,17.774778450948006,14.048636318817291,0.49757510231462715
0.0061652061991861575,0.0008779251615352202,0.003919648407376848,0.03130592004221411,0.00721524419289631
0.9462909163341763,0.3367739265474023,0.09974967542564472,6.462639548433597,0.3938435159523964
0.022457102758132653,0.05093455942024195,0.06352527320440546,0.0034065866426367646,0.1858290313613582
1.797171766980402,0.3519415966685405,0.5207456939537656,0.6772238906984629,1.8018695194261651
0.02174089868535446,0.0302585413769641,0.0001592678087708783,0.43584691026857536,0.07749084633584835
0.2803479472380575,0.02942495478154132,0.1076562372121345,1.1092257013461206,0.13150394669186696
0.13731165639231713,0.013066211536221575,0.0008703983072900036,0.8404230552122764,0.09449033502070221
2.6114709141909778,5.442637875397672,8.40777112267954,0.5030641875844688,0.48656073887938056
1.1376963560880213,0.09667333401014017,0.009694866170277476,3.800591783135185,0.5270108425923857
5.281663191634708,8.745676348129685,10.301884397360768,0.39641557983175446,0.2286186025677526
0.005120512288440661,0.008743700031511353,0.08859598556831584,0.08693584380922897,0.28524257705853606
0.0005135233296108709,0.5275931242876717,0.11927218630268135,0.033885270993093505,0.356192349867206
3.318935712411561,0.5308146150389288,1.534222897561021,6.048399931801161,0.5636732665906342
0.8415324421313347,0.6134853614307878,0.017741103518485814,1.077415885385852,4.051608043455051
0.2643131868116775,0.09697631236320965,0.02337404905064473,0.049377468713253665,0.03265281404786043
0.027236506516408257,0.003883637234002645,0.0512697409380639,0.08966160624399455,0.016790527643531124
0.48377805074751234,0.17751652779319246,0.057204272940819194,0.7474743383019791,0.0012230137921692042
0.0490135137320252,0.2610621215256125,0.1103486900592792,0.022277443825139256,0.9397728524912552
0.051191054081147574,0.055347935205341536,0.07924626249171118,0.003400962462179504,0.058165429413534316
3.7156007379452287,1.7089322675807288,0.17461047070593233,1.4634605610702631,0.11792426192384316
0.37525946808491323,0.00021267761553726136,0.11429703926135978,0.004259663727664048,0.8139855022406075
0.38333014512099595,0.08842940168662246,0.8661938569843202,0.23073505935638852,0.7546941448312927
0.0866839838843617,0.7629329786812913,0.014900008119360519,0.19711901780404978,0.26156006430485523
0.4256017586147002,0.029834715793768278,0.006750160725015175,11.207493164066905,1.2076844490798475
0.1125105574883567,0.004622368884111816,0.006993945821156359,0.05330152495831779,0.003956413926988046
0.32253509849580525,0.27015725734623114,0.6351978371541163,0.009912671356792278,0.8457589849767007
0.5849932929338182,0.1277808707885062,0.18388175525885,0.4764004429475769,0.005610354139182217
0.7551830293649097,2.5529879239277897,0.008240837887721801,2.4186408435251847,0.27154885346834007
1.017146652289577,0.011814075447648667,0.22464166340667893,0.8223031535026513,0.06479556302475104
0.07956846037248076,1.0444166309700702,2.3571329377080836,0.10368747959252003,0.0023507940852191002
2.1338064190795287,8.40834253936864,1.7762196313912668,1.2333490873556585,8.196925497195894
0.32359656977432705,0.021879493147710417,0.000934375312865228,0.904847872176312,0.15400459857217383
3.1191686202590474,0.17173641916675017,4.486426749141724,0.43650753094917,0.1301443777760448
0.036651920051604246,0.010088102310574746,0.04005189339171228,0.06819054382037963,0.6636031465646468
0.07614689316910365,0.10667312217018528,0.05737611241527866,0.09267229337010015,1.2846720581255147
6.2160972619396615,5.927897510516627,5.068345001495596,53.25019550509277,12.406542047214481
14.246935942054641,6.484056028450179,4.545870609120312,0.6845768131687554,0.06066134414159949
1.8520116553689927,2.8360963644836477,0.8992399423667492,0.5370355230369253,2.5227817056884674
0.8258892733333645,0.01632044407781349,2.612050082394046,1.2428244899284049,3.8655643771384947
0.9997750250955656,3.2417854683036262,0.3335153218018625,2.9697779527649733,10.62462598393948
0.041728869968203644,0.03879347018803339,0.05518308909635645,0.08484856155623241,0.2275534780526831
0.3624740436242859,0.299476096691066,0.1428873946187731,0.25000821852535116,0.08965936214413611
0.5980212381680154,0.007161616850583053,0.013889876116333999,5.042794679454654,0.19761562949235492
0.3246125784813268,0.2656639330047784,0.21760672568116082,0.6052366810873484,0.03120092209314132
1.5666266347237812,4.2031047623294056,3.8770508403293085,8.485773870266781,6.905095371465375
0.7458506196565635,0.04315021269179948,0.10219616663989876,0.1668832155976336,0.4181263007193516
0.1600207992777659,0.2244387577744739,0.011126018939595092,3.9062954965937022,0.24467380399662403
0.004845772068385435,0.03398692580822607,0.06690121468784208,0.01297243737826127,0.06934341243533315
0.20609083472710732,0.6393079906854828,0.17706201441531577,0.21519658825594093,0.5052625200787773
0.48472654647030267,0.08939793859573125,1.2204877739923639,0.16304893444342117,1.733334650932497
0.06732162073589833,0.1520553738199144,0.3100916373402487,0.037300531278343076,0.24653783866090226
0.6256605930898435,0.7591355745206194,0.09072888371869797,1.3545266493466483,0.6436863005581516
0.006130045406020123,0.02667042436689189,0.023780762714075032,0.02831855868537951,0.04243840139056476
0.008209002195550812,0.12491153596190396,0.03379305243674383,0.027029405770377702,0.04229474982622878
2.4872278986634995,0.3653132030977328,0.6740956875556368,4.374396315566748,0.7448396417910376
0.008461208931120297,0.18325091687561032,0.02395274163364668,0.030355821056371673,0.24718156180116946
0.2914566565960826,0.7184663190606193,0.9808871853684311,0.6034369535293224,7.361473479925726e-05
0.08100642754514722,0.6325255560353404,0.03304452033470495,0.14380892806534126,0.35350306617327737
0.1376337660211755,0.05299956597810182,0.05275432749892004,0.02678070526273993,5.970101038530415e-06
0.03399401029600883,0.010358468076383971,0.004195582869726808,0.2430143607164248,0.05740854643629046
1.8468921625719867,27.34047065195642,22.1529591688451,21.94040373303354,1.9286804756065077
0.0007560402167385961,0.002754292932308334,0.020268159804192862,0.020664545369712416,0.03684664636748858
10.673058842273164,3.628820366741049,7.3858088112152736,16.553056662754223,5.201582314620323
8.975591345451543,14.414158185764801,8.617502447261925,9.211426017456942,4.178852336346172
0.4960938064549582,4.087272270789763,6.686186195633712,1.3607867775391929,2.8956354048408963
0.47535472288785474,0.4433965246013688,0.5710739371464483,0.5957989307554085,2.3915526252579427
0.012811060742859847,0.08826764408201845,0.05044889024216504,0.03468905421027625,0.12232031720390313
0.3825278885811328,2.080772963860385,2.4904031522045527,1.7621337065171907,0.7381615670883729
1.8066387967319795,0.7328834412330237,0.1940706609857419,0.06646118570848566,2.1169498468853867e-05
0.07523925485548945,0.05896041288572561,0.253501852078396,0.22279509265590497,0.9350822393179845
0.018956985462321663,0.10129949895933454,0.02200734781246821,0.07066688234994556,0.03943285691158575
0.28071488276816514,0.0035109582804493736,0.20937986947969403,0.08982555291978679,0.0026943535190898696
0.4625351728401904,0.30459806821763663,0.00794028839754833,4.093668669895868,0.16953409599785388
0.012921268115748058,0.06311334492090648,0.014256981477335014,0.005539697843759654,1.647516305054026e-05
0.018284777093090277,1.775316532261563,0.605342241206063,0.0631809256977075,0.5646719953197463
0.17016387478461995,0.17486519413960436,0.08896360263924431,0.19975118720838347,0.3019240233360849
0.35864764319757203,0.06397919717947101,0.8156773293619872,0.11075005147038186,0.051551320578481254
0.14837421384135557,0.09728563169308015,0.38216291920155737,0.7329560777596622,0.03897437548565744
0.13032365448417418,0.4255479599642329,0.14974391974604018,0.38951743860312904,0.15717163476536822
0.1040479273130764,0.009053112165018218,0.0057225485635314,0.3532260625928687,0.058187411600888486
0.3070214643497797,2.602941779441473,1.3412351498426136,0.040249494104462324,0.7195432481746913
0.35605736294896145,0.025924305043034994,0.10355254159047715,0.20732382775148891,0.7639246394490005
0.3007711163503855,0.09545679597525183,0.11230397523803615,1.4108244812392539,1.8929677813717216
0.0370928162985381,0.030685292230784783,0.05226078027345382,0.016797089688665664,0.012709866913408658
0.7602255291826846,0.05476412266370651,0.40634803005357206,9.343219488900909,1.3352541725297173
0.0512694703851268,0.0015692051392911467,0.1811758371579607,0.0823261517857197,0.5952420978993855
0.5253047352400793,0.7328810984773223,2.604482857239239,1.0369351218736336,0.2694499039847873
0.014458733943512419,0.015195664222586754,0.0033533143157065764,0.2187951710760525,0.11002070170980516
0.2981441325999892,0.0075305288642575135,0.07175352055063298,0.011936544803779306,0.785533156870247
0.3980143332539611,2.5819297023379475,4.125487784091834,1.3878124681469362,1.212972167265318
0.025784196300203906,0.20202272421253786,0.17410199734943754,0.07776502656713903,0.07395941957467038
0.12700453860539354,0.017442091661040007,0.11545790794134858,0.15211690734362268,0.22140680758158893
0.09358226204254831,0.15010120123382475,0.030111163213169385,0.04373848708335284,0.05168287573381015
4.649602738609181,0.9950401064392425,1.0149163695506371,1.7029137072613099,0.0023707465079776872
6.002495612540352,0.18073481683936302,5.768108777621427,1.9309952327873718,8.48908230715946
5.76972883671098,1.3554437663865964,1.730149108787415,8.029597166892529,0.4758545242906474
2.3188476953099513,1.9971805133028793,0.16972454383642827,0.21170650450618622,3.351280991319306
1.1769163381515764,0.10427564922476286,2.6399471379284845,1.9312675561966015,0.9949252617479112
0.069885552938579,0.014206086757557735,0.21025306080265183,0.04071472728260449,0.08282149154861156
0.0666200557920627,0.4293575247646837,0.04031201364697027,0.149592579002014,0.36110452959879896
0.010896793511137788,0.0016821626483123488,0.08189178276972554,0.1034097308796981,0.2736030584939346
0.017165079240619188,0.010645740115123111,0.005725466602029071,0.09251690626379006,0.03752883219495893
0.701252795057805,0.021655466119876936,0.19187713876096577,0.24209263457943833,2.9104878718668115
0.4864061369393226,0.11921248012090754,0.4035464907960992,0.845295357181455,0.12240296222663986
0.481064218356996,0.009614629354955164,0.021098635078730065,0.9590173263560691,0.00010492987456736191
0.05519780286029001,0.5453014450086052,0.14266387208476577,1.2203985959234867,1.4891601340729284
0.06679660094275142,0.8848040560466117,0.17192507095648593,0.22935276569066732,1.0987327710356056
0.10819650856793742,5.381580225153512,0.5644871022170004,1.7024674048021902,3.2021973679929157
0.033000276457739904,0.007693353866463251,0.005533052817835527,0.1869175580921314,0.007329040220671622
0.14169187537745956,0.04789790431268849,0.28022453986697266,0.2042118685157815,0.3869424358550513
0.2508050152186666,0.32952218025291485,0.2688885816479768,1.7401415412182293,0.007547025401080606
0.8160665837355787,0.5278009708987575,0.2863477059518517,0.1264345841047816,0.464217513166812
1.6305902473882394,0.20034254326782014,0.10675502465390328,5.489470678680957,1.096384433272077
0.16067636836697963,0.0720933614320709,0.011381725720277028,0.18398891823100527,0.07790722923354279
0.013936947621434714,0.004822493026526292,0.01511199100877958,0.0016378859718366686,0.0013760325623026171
1.937472513627774,0.5200128707545265,0.0402138746347761,7.566357677189442,0.19575369803739667
0.003921494068287013,0.023620935000137663,0.19254452339793504,0.04082420703335974,0.0001871832135096733
0.017874235760025427,0.0014284144649743034,0.269993409001517,0.047278454337247484,0.05401640049675509
0.013500130779642057,0.3007858249050418,0.42641958288504944,0.003278334372256858,0.6079428958699475
0.10273609902855371,0.26645190136962826,0.2512418226495793,0.11334131799371847,1.0303024147886028
0.0636741433767873,0.22527083983004603,0.02774272418999255,0.00048575541656649943,5.4467454308273756e-06
1.980274141166722,0.30752394929139654,0.588411110080589,0.06260213588415141,0.3162558346943736
0.30235849507939344,0.1703618098618538,0.5259944914134569,0.23002635811990746,0.06298435529982854
0.4874343984185696,0.07287244392369778,0.06124293771675852,1.2164499377249913,0.05802798381747893
0.14773920092540385,3.961077301114484,0.11671073457625142,0.1185552523626033,1.4710655038537717
0.28972133838242864,0.09403719553522605,0.009748196272948996,1.9450803613291074,0.7499048625765236
0.4083342756283596,0.0942526149533079,0.007490448766080992,6.425584212323709,0.42953105754883414
3.854015361658747,0.6371477429402592,0.3487232718021771,1.469188943334618,0.022303541972899337
3.1930517771742464,0.17596100202077447,0.25841877584325323,0.08817282203609662,0.08699466124298032
0.5131673823385056,2.2401731324585143,1.8967104665026042,1.2102679672405408,1.5081302029946357
92.86397279644845,170.610198354469,23.691299080050634,91.05822397509361,0.2564894646346895
0.5516438228406788,0.6676532629862267,0.8299888098546171,0.25041656040895494,0.7538112790011227
1.278291218603862,3.922756587937817,6.870857556490312,0.6719803148739366,0.09300796544141789
0.027186481259696672,0.0706809584486381,0.34747768571776755,0.13467774893761125,0.3647982803118561
0.04011004134684288,0.00912108097200985,1.8642290099652352e-07,0.419123654790309,0.024034884051023598
3.786357939823706,3.2818291277317546,0.11367674532030377,22.38874050351724,38.04057957194135
2.732274523638496,0.6925499826481455,0.8011263095991614,5.336708613310842,1.6619694571172032
0.4520479122453423,0.42229969738233664,0.32552377771620755,1.8897615171227817,5.286551057273857
0.030116887288705815,0.5562925807744412,0.03522998686713353,0.0607146124840737,0.1371086751532577
0.7538093982174103,0.0016455826001131116,0.4493176265237837,1.2041221228912904,13.427096177059928
1.3886623484791132,0.45685086361217386,0.21900966004506606,0.6993238788265501,0.4877309266456323
0.07441102070911268,0.013168863908171576,0.011688129789903532,0.5496230466929188,0.11222407732212258
1.7069544355157127,0.40004379062602724,0.5471577404778436,1.2019914742111293,1.7366704090014058
0.3402398128061991,0.07776010914520387,0.47196375748674213,0.35480832152127906,0.3632671180035726
0.10459068483560896,0.8115133850834788,2.2106102789335127,0.5103417849344636,1.9422975645106413
0.22370443923971084,0.011652003402783799,0.3214877286144471,0.3162038943173732,0.4539963046814184
0.013008823509491717,0.012900222999066197,0.012630100471920697,0.019249921125775213,0.04734590323974808
0.8517764618204318,0.9457734870590591,0.5530006175142895,1.1817072900371426,0.00016347009901494287
0.034627534411954826,0.002182696036089954,3.10575712240669e-05,0.05917616894260358,0.0018316754252398787
0.060805458530655616,0.008315180130230058,0.10407504189720398,2.300834800291744,0.04921605034472139
0.15026182015518888,0.20722874154441762,0.061071098827567075,0.00825780249683746,0.019436505695706353
0.12046771549610934,0.020151111580177426,0.03186378575434715,0.7669427051070905,0.004214367400628434
7.373433344579953,1.1706518206953884,0.7668475969961195,59.21616821719347,9.380921882325314
0.05024398310508538,0.02976269122480431,0.006372217311975637,0.011578870167122177,0.010864661279702032
0.03304136247166338,0.47863629152446485,1.0109789154404611,1.2865325262633278,1.8902180639007424
2.3766221134311736,0.6976608286999113,3.335905394712526,0.08372497613173593,0.8200832762261901
0.0018566691295328018,0.014196571202462739,0.035657463224609096,0.05136929687380112,0.32721880871828724
1.6824173929798012,0.2789889141139358,0.11134258833861023,18.60858122571331,4.795033597651215
0.17804091092861007,0.02466607023166387,0.09119583776043405,0.0245634634507769,0.00023599927020080504
0.01564847122748919,0.030275050855312458,0.05825685548924069,0.5111645886883327,0.6618345247684356
0.14946968832715646,0.04760058581366208,0.14757492234001873,0.006634484954842602,0.045013407122853774
0.498522460627524,0.013175806100827674,0.05008139049252075,0.238137477130673,0.888145994436855
0.6286899283309186,8.507280265078713e-05,0.015225875640373615,3.2408254803577314,0.21752104872925956
1.2809612573621478,2.170138710144698,1.2351513356375956,3.67032820484427,0.9286448353578369
0.08567390761657401,0.2362969909327679,0.1874351359851274,0.07332093410055869,0.024338385500377493
1.145423974853897,0.17033281922953422,3.6763717790618156,0.46329262725350107,0.4519159659700108
1.8158522861420079,0.5008656180992491,2.220567100387592,7.305087043678773,7.934618259064807
0.48961605374926653,0.32663210445903856,0.537869863115326,0.4084809332432129,0.0021421981182055336
0.25579751080813173,0.014641802579808617,0.056356936407019546,0.7282374922546069,0.6933632473906584
0.025636567961491177,0.3856278746282684,0.1848086747155037,0.02680052372085205,0.08745277139888492
0.08396555696884311,0.4030714728975405,0.046668202892386226,0.6355139098646316,0.0026354206682454636
0.18769851414938918,0.45454974445490604,0.24615360297931463,0.24548049252911308,0.055983231645128355
0.3607989999630834,0.1562023216570253,0.27631541896724754,0.03016622122309762,0.19139040800223517
8.228865916577577,0.08802098867739193,31.646872829803854,15.825840877519248,2.001663965219667
0.6064278228773192,2.046093169833553,0.5540200482056385,0.431322729007989,0.36398279352616264
0.15384423630891927,0.0407891552692384,0.02729487301343877,0.6614910384993817,1.0163789355912023
0.11400160345239496,0.001149622719433887,2.9558430342825984e-05,0.03605480689616784,0.006383688483837905
0.05015128212628007,0.035895830051732705,1.073645586121581,0.1187515474955542,0.012003161173292606
10.20310044637348,3.5539180990622787,0.9926115892849351,0.8583573326148692,1.604461313771984
0.025881951037036565,0.00877321985804823,0.0006887289067815986,0.1634324409887571,0.016560973311567296
0.21167448130283975,0.5172614361583711,0.2145861466441085,0.07091617691951209,0.9462563888059439
2.7619923279539713,5.237467413567949,6.526685888847191,0.39773603257850215,4.032504547039035
0.04373422654520073,0.5260513863897587,0.10551262207744773,0.09667478611123165,0.17865086834433283
0.9713200902801749,0.08496333559313879,0.009337138647906197,2.0566842255322477,0.11076864818595022
0.03296884903390986,0.09668989412795072,0.042728981511524156,5.826288940880195e-05,0.17018325223518338
0.010391009911873363,1.7282453798750734,0.22917101078062538,0.9058270724335769,1.0236428246823281
0.7475024033189597,0.011146569723901425,0.762136038237528,1.2661639091321253,0.7683431420630689
5.656979065503114,1.499182175779002,9.581228909661972,5.507639270524464,0.7900846117520445
0.0015696239329668594,0.005818531676612641,0.004600680183120678,1.9500731188821807e-05,0.01041745914641301
0.07101803408088501,0.122090516931719,0.019397148014229582,0.21005918886355568,0.17549015755527514
0.1333408824255831,0.0490103547361978,0.1007380624916571,0.341613027314143,1.6955422753163218
0.003515633307679647,1.2801911078591535,0.027447056358615638,0.03384291337545544,0.3203284677248051
0.013850739594492557,0.02852561757812384,0.033672641990771135,0.003638250756203745,0.009930000917177441
0.024861034738104925,0.003226561840514534,0.024224727635342485,0.07239888225821667,0.0045137175588805985
1.3635871850975245,0.2621179688992676,1.1329328770328821,15.951241126320696,1.1385083183304725
0.03631550866438012,0.2892810944705857,0.8099037436456089,0.11775343939707472,0.40579410096023116
0.2829664923695566,0.3642393524903252,0.9757602339263112,0.49558136464819175,0.820667391550232
0.021333548173934878,0.10655417469039066,0.2390566978345158,0.030424223034429442,0.6283388689358671
0.6352532948912325,0.10500771925925158,0.03697059188832751,2.8528154673258888,0.3968711288738389
6.7422696149400565,7.077744376713607,4.028453206065357,3.8534039675317517,2.595214376019025
0.2646798616072585,0.3815472350439556,3.2392756179700513,2.246042502029586,3.8382318445703847
0.3259532200179143,1.401559977288036,0.8039132668300634,0.037836572665162896,1.5423911752623312
1.8433673089052192,6.736718205029468,0.6380213467896466,0.013757014307652216,9.34577884443201
17.09922141763256,1.2348482065927453,32.671000950755214,21.258636067518868,16.19766806250671
0.3483718732397318,0.33714645823019823,0.6467039379928288,0.0010780386782933617,0.12079818879478288
6.509653300942461,0.26697596232813353,5.767633242647703,0.15035581222423006,4.917817744828059
0.3322072906324931,0.12404378501669727,0.36572718198739085,0.24941603995431902,0.21488937459919966
5.315188877964018,13.727933819333488,23.303084149769226,27.096259596319396,3.7004638977174857
0.2501434256655234,0.0251167202329141,0.0007082060573526003,0.6136862653002635,0.21284070391668836
0.009455066696350014,0.11696965758813128,0.34443517840153315,0.014695201157597445,0.06456877289609483
0.032079674320473574,0.15126660283176444,0.007910651279192375,2.1303370627046934,0.004579061201623359
0.5710938698803154,0.00010692308083769876,0.4459054883656369,2.856280548182477,0.1560037338042895
0.15123717797395825,2.559127475226194,0.12579371778561618,0.5678824017179903,1.2556852788638573
0.5101488812002241,0.021567449887544575,0.11570907373725686,1.6886015275634132,0.6989634207373566
0.14695763500083575,0.10492659844532096,1.0676886877182297e-05,2.383562554795857,0.09194395244396991
0.2418518627985544,0.08197205978820195,0.2254108655910793,0.13851665744608052,0.28705698195446505
0.005567661955171745,0.003302017470206025,0.09898620855459851,0.06689614679161077,0.2195810585568292
0.12305150312785967,0.25316929148479755,0.47282219953524973,0.010285405782367838,0.22634929161661962
0.25385344654050185,0.03587244127762297,0.004242607111670522,0.08479196789417409,0.47905496414892523
0.09917758074427288,0.04040902336151172,0.040628267970728126,0.6188415530873603,0.38394482560519205
0.21227160031846207,0.33517431707101086,0.01596188864144114,0.007409629964484377,0.17677896991553346
1.1099935831945773,0.4009305522608988,2.1580950779526455,0.881390477188204,1.183500174837234
0.0020463157969128243,0.05523029129570967,0.08211291703676538,0.0004126295277359537,4.188448999200323e-05
13.505463850331521,0.9220226280755669,21.312069481973907,20.34468223640233,14.132629615543928
0.3483682081520394,0.25401247457367643,1.0913097829140126,0.19970541399362013,5.522569461777597
0.006571174475110642,6.372865575631779e-05,8.013510618288316e-06,0.014873899596497875,0.00017962615401274587
0.4224134301362763,1.0110807397396087,3.7409721282200703,2.291428673417497,0.7645368407706487
0.44200655445964315,0.1408472951607895,0.44960068043746615,0.2607603496074974,0.07799333860817621
0.028606514748618004,0.8034943891741253,0.04604576917367687,0.09676310490369353,0.3531923467662633
0.8465056511825294,0.12581417520995622,5.9796820152732675,1.706586697811815,1.4525870836182966
0.5208349062195265,0.9010504874503305,0.1772376300528323,0.332216732417453,0.476767360241923
1.324960280295087,0.0952662369430941,0.032588610316383625,1.5497076316787566,0.09642239313223913
2.981314819721379,3.148069028424778,2.688586518633819,0.00774738854840506,3.433849633365768
0.15056706352353266,0.03366441988498087,8.396893283566659e-05,1.1847165521139265,0.1797176022516613
0.19491851991382517,0.20859589001237297,1.0208139360804456,0.0004629791504485439,0.06673012542146216
0.1251287815833618,0.14854284910442933,0.03741099560909949,0.08478921054740855,0.3714197954221812
0.10423536478190108,9.347868854581231e-05,0.027186385504989363,0.4072108331723381,0.009858107079494898
0.016245694576332875,0.0011044397286695468,5.092696932411653e-05,0.16574337155478336,0.0017342495711286684
0.5119361709752605,1.2805490137774436,0.43539468040255086,0.6598449490689575,2.4228634717441477
52.03377424163313,55.43488886045572,62.55107470101871,32.03095821759487,7.569106266626788
0.1302127300440971,0.1351780833541111,0.29437378561523575,0.01946473458297026,0.04468629549042902
0.2212120913099065,0.11444191024610226,0.04540895680319846,0.03399935532496375,0.012275939276327648
0.03690173004064999,0.06678657894670643,0.01736022000764641,0.0012174185995781398,0.19426759325660936
0.05679582122516043,0.043790199495291615,0.3044611316372672,0.2129813109543682,0.24840732849977795
0.01644288257629202,0.5461359591935395,0.045107728934429506,0.054451348424159926,0.17770357738415546
0.29026150016481683,0.08328016153884717,0.22354156806600656,0.022491558066455114,0.7752088052780799
0.047226666367940325,0.011571798383606818,0.2014533088074799,0.02046397999610604,0.1253607922603804
0.004072160287275023,0.13903848845035055,0.22032854582753325,0.11732943477207458,0.1553634643864848
0.11909415008268279,0.09682021249196489,4.750372236986211,1.1281727558976862,2.207520531253438
13.34602146202161,19.17074162819232,36.119838309162034,10.858776067897933,6.316439307104547
0.017574460073163517,4.705490169614529e-05,0.004827445586058277,0.006017831403154846,0.07169029559475537
0.9616116251811802,3.203333306290686,15.502855353092452,18.311304829139527,10.811300193951954
4.803911601859407,0.18232970648742675,7.488617862138622,8.94264547951818,6.199601063464896
0.06489184641220756,0.04090141535104297,0.027672991579406177,0.17556930053711195,0.22475468698393875
0.6756134187238229,1.1223713641919695,2.0197304541190557,0.17153259990581562,0.8648943754008013
0.005216620823909728,0.010303926645782814,0.01904805392878134,0.18508243470609487,0.021670207416850957
0.9176486679040551,20.077158538113256,33.73917887078679,28.774899774978827,6.979293130253995
0.9437209260440387,0.09255106408525894,0.011476535597386745,1.4899673244317357,1.1327345264332072
0.2542228448136592,0.2181174847279839,0.05941382615803693,0.006166248711525186,0.0011691675060002983
0.10019850793434465,0.1493637793688008,0.6587870105548608,0.11429170094875796,0.21769556821860442
0.4059794696731325,0.016846407805708105,0.32461250313178924,0.11077834038255477,0.17147813923288416
0.08063380070625796,0.0773093148017404,0.526082267357352,0.3596263268276376,0.6613008748297078
5.957106006364143,0.30046823341803697,0.8831195922036703,0.9477182991653795,0.009293260449336876
0.11645027729590682,0.0382615501182704,0.7242716762747492,0.4504247694917407,0.08714976815790326
0.24517883933230875,0.11001636557997431,0.42270207842923885,0.1363610532252882,0.6614579836213779
0.0006863928140998855,0.04410129163533205,0.003044031025303886,0.006676574372988135,0.03569984941645899
0.9521103491405234,1.827807756168175,2.2231778087106777,0.8559492176046195,0.9295642091294976
0.16660417394953714,0.00769346699595692,0.07940544263318844,1.4284371471525112,0.12529220477814665
5.592966745226314,19.529765053882368,15.961658268706321,0.5707339213209093,3.9626149538519044
7.084064918694273e-05,2.3213946132853805e-05,0.00011034602233162597,0.0002960540298551444,0.0007060316692355517
1.0221543419949501,2.6138424906945352,8.683445953984434,2.865817656418408,0.07434543783774653
0.07252564863647899,1.8088454024816922,0.9084589311047981,1.0081337323070612,0.0009233520660536485
2.0827828739303937,2.66409026155625,0.671204135738721,0.5957200309075363,0.6342305717610646
0.07053052855387643,0.006332042726860138,0.013465574762241906,0.05760400103805932,0.01971469507223725
0.09406628652329599,0.23794485867705273,0.22245741041024358,0.08285414958368573,0.0002491821502722546
0.7363490301302196,0.22810133979019764,0.6574352299602578,1.7902442119518538,1.541942178630978
0.31525280874474504,0.2890454750144561,0.00034346117784964954,0.8684955936078809,0.07346278810543386
0.39690404947335933,0.09123090062496242,0.3581238715566656,0.037625353062546656,0.0034555516131398417
0.03661468495376506,0.06786698385744327,0.09236365686974388,0.9408905737890407,0.21983957538007076
0.35870674501709215,0.03968076146931743,0.8215664694031901,0.21114762102104717,0.6897631390295809
1.0455312334856806,0.025884742963071004,0.6349077248189273,0.02893737885959126,0.09347703622473305
0.7305135720555294,0.3220860770038183,0.6964710113988456,1.3004709465493236,0.42473730392305603
0.04394894427161266,6.464529001734852,0.33114145523238436,1.4329361215897078,1.6626336042272678
0.0003713009878291824,0.17867979497359587,0.004354229821717912,0.0054340422258512405,0.04469078418840107
9.917812601254312,28.847068395354814,11.10618943561693,2.8921009953508072,8.97537746930487
0.7016262345560225,0.2664014778167153,0.6881361502756705,0.36185136456868006,0.2888853145423953
0.007902330190345301,0.1953086281527483,0.023425914875247346,0.04160036674916228,0.13790092520245947
1.0957951487962392,1.0695057259262433,0.12471945304730338,1.4788822031139146,0.23770352368506253
0.04445631030329566,0.017242734958295872,0.0012449373515945866,0.3042116619867319,0.010710902065667625
0.032596956005553394,0.04975748339660398,0.28427809328673675,0.4153178620158897,0.07245171462619773
0.037328329022700446,0.0006447529025472992,0.00899662007599592,0.0027052776028078083,0.0013672022965919618
6.705305663058937,8.513426964757524,0.8705196304128668,5.9792115579533,11.144952055620408
0.0062610310688328025,0.014183526052114398,0.06447442474354351,0.7509146442037069,0.053454443299624135
0.06998560761425747,0.3248293425185563,0.6853303312915968,0.11033060311768815,0.07018762364920964
4.358748101922664,11.222969771870437,33.32110891206006,17.59048868301449,0.0012765649261445699
0.04807466883602949,0.3536963548962871,0.7778229630775717,0.49558525648403357,0.019511426480060698
0.1446036080238392,0.2686155522361121,1.3939777705393506,1.8206914718272755,0.01077283649106937
1.4013749710561019,0.573212792879889,0.7251893137639404,0.5119190011752501,0.013043247647507193
0.4274676894926201,0.43763326745256964,0.764519529010939,1.2861060429086888,0.6045733699184415
1.288228990465412,0.26841532828243203,0.35909127494286,0.45448137514182774,0.42154393679021135
0.04892858815436584,0.8007307140056857,0.492489421499819,0.11066558879503445,1.2169399296238357
0.25137743136945995,0.012784611925949974,0.0033358068000914607,1.230155454898668,0.003788239368900307
1.6004635880185223,0.050782998349521186,1.5463245977419466,0.5158049199509346,0.602171309309461
0.014153940492724842,0.00974144187972578,0.0029571466907817624,0.7863390458946076,0.029946856324557007
0.7990680475069105,2.364846495309387,1.3082104634627547,2.4019769945714464,0.0968860239583765
0.006474174435326079,0.02419064600726319,3.224874859040838e-09,0.11960634849629614,0.0038835960823638232
0.39552586499317405,1.2662693988401688,1.950442870258252,1.4172808943976969,3.7731852691893666
0.5753854738444434,2.0725234707810762,0.25153768177976626,0.6664223020346944,0.6421344304709334
0.09034308819544232,0.2826331699504936,0.026339003691230243,0.16835600810280224,0.4733742448847367
0.2669197531832281,0.7520779892033874,1.9823780090134888,0.5512252621696906,0.03307260058159701
0.26356653114838396,3.1453725348645456,0.4757554550713733,0.19086082337629187,1.932101643227153
1.6583952409068825,0.20842552383497412,1.6538141301614866,6.806360410831594,1.14297705254536
3.688659159982018,0.9231140933879469,1.3543700828395693,0.18854532098673243,0.11685719387188101
0.11519649880811823,0.00793659605815738,0.20215350628775214,0.049996255160243426,0.485262347242156
0.13191128568814361,0.2646969787673553,0.6475281769739731,0.4685988745019197,0.25958882125332655
0.158577136354344,0.010295255744671074,0.06391601244668531,0.6971384595867809,0.14741104096843122
0.001044343607852134,0.031687686617654975,0.009102505052525921,0.0043500641874324305,0.0002859417251132172
1.4663540905710715,0.04969437379483591,1.0347002860335692,1.6236018329324076,2.1679053439683393
0.11947968768448455,0.6100692321847905,1.009969472745528,0.011735821990339393,0.3992286729411228
0.5690293935531765,0.008981993859355424,0.054355335164661525,6.000752150824982,0.4150744376381543
2.344038049404574,1.4725234911587053,1.839726323892683,5.171544118862361,0.3891520502478731
0.027203599403038816,0.005482062260878894,0.002473897753785837,0.11679420155014175,0.023427807627536136
1.2569825649406274,0.01026151482037597,0.7550831331881669,0.33551734017879087,0.7260034898935861
0.9487247332392466,0.02482296786975881,0.08950254048035976,0.41168268724158563,0.051519695523482095
1.2261259347263764,0.8605721507641692,0.6459567666004131,2.1410037501300065,0.2437292976151789
0.6375602861476606,0.12117314034365569,0.0550399676521433,0.2997585666197481,0.024556686163420265
0.3194503189769538,0.08919714244746602,0.4229851017652997,0.06951157905496008,0.04012314631226691
1.084620097469015,2.7735749740006646,0.7361960567401618,0.4661185605798392,0.5133202960455578
0.5339728672453052,0.08454467558611052,0.014621857852863438,1.7128904430818461,0.4140966655154927
0.039525327818463345,0.05386752760345148,0.012557878193226249,0.006321888520568364,0.05179673297426478
0.2397497879079363,0.7020358152731464,0.2654956291170684,0.3209200540101861,1.0523073608294098
0.015998712903002366,0.0013909961580772171,0.00852314539547221,0.01046414009329957,0.007206799392604898
7.3855105172142235,1.2063186978258449,0.19994881153167335,0.21183113500788556,1.880840353037432
0.41652901660978914,0.0115427375325406,1.2698220798045248,0.7721849668095251,0.5172144735365914
0.09589720921315509,0.006155139956610501,0.1297325071783384,0.021690900020212275,0.03530335734626887
1.4460520793268092,1.4085810195640767,0.07193467119302963,0.19604010072614592,2.268906749418995
1.8847420185601533,0.6993863340308616,0.1660921768325075,8.667423757872115e-05,7.073010992629353
2.7409706531559106,2.6387449021472196,0.4862533287708668,3.7691290250297103,3.3481654617730356
0.466313575651609,0.02623521343142326,0.05766214887906678,0.04341854715802377,0.011636359665411947
3.475401249214177,0.3376092855653161,1.8790082282031755,2.474242371079125,1.7052454582885384
0.4091764506361314,0.9823676588640101,1.52311574783685,0.9780375956766133,0.24480707915928024
0.28254806184203707,2.363136278333584,5.660490514970651,2.276734123939939,3.471967365548134
0.05387026011874005,0.040892957238320406,0.02886457632873568,0.29637926000569587,0.4538963824232718
14.618333877704693,2.643215651635281,14.706686689722423,2.6030560188393106,1.121964109208032
13.146669847378265,10.013798214778568,1.7366571831720572,3.4732527256495893,0.8148801508768155
0.20664040392157737,0.007488838082464621,0.034288779166417864,0.39943861413300064,0.3697578156443708
0.1289329923973372,0.04569371476139407,0.15607808407584148,0.21724076895323607,0.006430476234272688
0.5785454050610401,0.03781034138037668,0.25548512510591315,0.47611873460663245,0.47505630165152174
0.06988360094615514,0.6619102966923667,0.2722630649075258,0.42377946437369046,0.31482238801849893
0.0027211870192791424,0.008859063392596959,0.0209498197401314,0.005655141250954682,0.03680886838055719
1.2108423364065044,0.1811261603983197,0.07710845846989123,0.18610285897513013,0.969857626480581
4.784074853118904,2.0969600996662816,8.305691907128036,16.118541014106526,1.3299917048466092
0.10234320933582719,1.0604271285971874,0.21317780160170982,0.20556820273669527,0.4595864822299063
0.011953852241217552,0.06833149386150007,0.08757436569723596,0.08891870492070786,0.010181160398943742
0.21584254189866836,0.297817585078891,0.11577584938279342,0.9992253583592952,0.3132617290651634
0.14276911660083189,0.9071363241661936,0.6198868310003762,0.12720446983550562,0.25525496334429393
0.03824783834176317,0.04718182643605502,0.0680366062211355,0.03238566731723991,0.013470871169995997
0.12355769650343101,0.23277259346596502,0.0614002850721131,0.3697531766653066,0.21507313854236
0.515451103255678,0.04406969483480177,0.3245383525068144,0.886881491177443,0.45140800756469845
0.31260499839431016,0.7120572690231055,0.07526717328333697,0.08504112236489605,0.05575046796317102
0.3758963822191106,0.2791244941056596,0.010758118889374103,0.16239772108259062,2.6569509473535096
0.44647042336379944,0.16837901082733853,0.7552360171263622,1.5474349908559313,1.9845718340170695
0.14953559091226443,0.04449885353252334,0.026308052797780517,0.07447989831385654,0.029758062235119256
0.008760236975232009,0.015399066064043742,4.329211674161798e-09,0.0041082509443370625,0.2868340582231379
0.1133169045089868,0.22325785925230524,1.6484864474460026,0.6781979909383355,3.6111107587983087
0.2656171192760302,0.02187089063811245,0.4628429280262536,0.22408085018762333,0.014570060121150839
0.43502135996703917,0.09791107766280302,0.025176853295851113,0.07628574400852052,0.034347561340116184
0.18998632774973392,0.19812092404452097,1.923165062900801,0.7562501588114197,0.6523485107876072
0.26238342719417124,0.23917909665638315,0.046149857210898766,0.061974747417494855,0.4927201045489271
1.0103311843917002,0.06899403934715985,0.05759574229512889,0.08616488029277038,3.8004613782213585
2.1824599213848357,0.3176683639820147,0.4661284527778484,0.596520146562325,0.03335422146571085
0.05170864651660651,0.2960209436979604,0.016077124610096152,0.06597835851910706,0.24328907622223095
0.7477723879663589,0.1258307768147906,0.5561335401523487,0.31406717934573336,0.15308947507827944
0.06383002058022712,0.32211789835079463,0.01724143360504431,0.26161048749504223,0.2191539229266561
